"country_code","country","unit_code","unit","indicator_code","indicator","year","value"
"ALB","Albania","PT_CH_ELG_IM","Percentage of children eligible for immunization","DIPTETPERT","Diphtheria, Tetanus, Pertussis",2010,99
"ALB","Albania","PT_CH_ELG_IM","Percentage of children eligible for immunization","DIPTETPERT","Diphtheria, Tetanus, Pertussis",2011,99.1
"ALB","Albania","PT_CH_ELG_IM","Percentage of children eligible for immunization","DIPTETPERT","Diphtheria, Tetanus, Pertussis",2012,98.9
"ALB","Albania","PT_CH_ELG_IM","Percentage of children eligible for immunization","DIPTETPERT","Diphtheria, Tetanus, Pertussis",2013,99
"ALB","Albania","PT_CH_ELG_IM","Percentage of children eligible for immunization","DIPTETPERT","Diphtheria, Tetanus, Pertussis",2014,98.5
"ALB","Albania","PT_CH_ELG_IM","Percentage of children eligible for immunization","DIPTETPERT","Diphtheria, Tetanus, Pertussis",2015,98
"ALB","Albania","PT_CH_ELG_IM","Percentage of children eligible for immunization","DIPTETPERT","Diphtheria, Tetanus, Pertussis",2016,98.5
"ALB","Albania","PT_CH_ELG_IM","Percentage of children eligible for immunization","DIPTETPERT","Diphtheria, Tetanus, Pertussis",2017,99
"ALB","Albania","PT_CH_ELG_IM","Percentage of children eligible for immunization","DIPTETPERT","Diphtheria, Tetanus, Pertussis",2018,98.8
"ALB","Albania","PT_CH_ELG_IM","Percentage of children eligible for immunization","DIPTETPERT","Diphtheria, Tetanus, Pertussis",2019,98.6
"ALB","Albania","PT_CH_ELG_IM","Percentage of children eligible for immunization","DIPTETPERT","Diphtheria, Tetanus, Pertussis",2020,98.5
"ALB","Albania","PT_CH_ELG_IM","Percentage of children eligible for immunization","DIPTETPERT","Diphtheria, Tetanus, Pertussis",2021,97.5
"ALB","Albania","PT_CH_ELG_IM","Percentage of children eligible for immunization","DIPTETPERT","Diphtheria, Tetanus, Pertussis",2022,97.5
"ALB","Albania","PT_CH_ELG_IM","Percentage of children eligible for immunization","DIPTETPERT","Diphtheria, Tetanus, Pertussis",2023,97.1
"ALB","Albania","PT_CH_ELG_IM","Percentage of children eligible for immunization","DIPTETPERT","Diphtheria, Tetanus, Pertussis",2024,97.1
"ALB","Albania","PT_CH_ELG_IM","Percentage of children eligible for immunization","DIPTETPERT","Diphtheria, Tetanus, Pertussis",2025,96.4
"ALB","Albania","PT_CH_ELG_IM","Percentage of children eligible for immunization","HEPB","Hepatitis B",2010,99
"ALB","Albania","PT_CH_ELG_IM","Percentage of children eligible for immunization","HEPB","Hepatitis B",2011,99.1
"ALB","Albania","PT_CH_ELG_IM","Percentage of children eligible for immunization","HEPB","Hepatitis B",2012,98.9
"ALB","Albania","PT_CH_ELG_IM","Percentage of children eligible for immunization","HEPB","Hepatitis B",2013,99
"ALB","Albania","PT_CH_ELG_IM","Percentage of children eligible for immunization","HEPB","Hepatitis B",2014,98.5
"ALB","Albania","PT_CH_ELG_IM","Percentage of children eligible for immunization","HEPB","Hepatitis B",2015,99
"ALB","Albania","PT_CH_ELG_IM","Percentage of children eligible for immunization","HEPB","Hepatitis B",2016,98.5
"ALB","Albania","PT_CH_ELG_IM","Percentage of children eligible for immunization","HEPB","Hepatitis B",2017,99
"ALB","Albania","PT_CH_ELG_IM","Percentage of children eligible for immunization","HEPB","Hepatitis B",2018,98.8
"ALB","Albania","PT_CH_ELG_IM","Percentage of children eligible for immunization","HEPB","Hepatitis B",2019,98.6
"ALB","Albania","PT_CH_ELG_IM","Percentage of children eligible for immunization","HEPB","Hepatitis B",2020,98.5
"ALB","Albania","PT_CH_ELG_IM","Percentage of children eligible for immunization","HEPB","Hepatitis B",2021,97.5
"ALB","Albania","PT_CH_ELG_IM","Percentage of children eligible for immunization","HEPB","Hepatitis B",2022,97.5
"ALB","Albania","PT_CH_ELG_IM","Percentage of children eligible for immunization","HEPB","Hepatitis B",2023,97.1
"ALB","Albania","PT_CH_ELG_IM","Percentage of children eligible for immunization","HEPB","Hepatitis B",2024,97.1
"ALB","Albania","PT_CH_ELG_IM","Percentage of children eligible for immunization","HEPB","Hepatitis B",2025,96.4
"ALB","Albania","PT_POP_Y_GE65","Percentage of population aged 65 years or over","IFLU","Influenza",2019,56.1
"ALB","Albania","PT_POP_Y_GE65","Percentage of population aged 65 years or over","IFLU","Influenza",2020,49
"ALB","Albania","PT_POP_Y_GE65","Percentage of population aged 65 years or over","IFLU","Influenza",2021,59
"ALB","Albania","PT_POP_Y_GE65","Percentage of population aged 65 years or over","IFLU","Influenza",2022,74
"ALB","Albania","PT_POP_Y_GE65","Percentage of population aged 65 years or over","IFLU","Influenza",2023,74
"ALB","Albania","PT_CH_ELG_IM","Percentage of children eligible for immunization","MEAS","Measles",2010,98.5
"ALB","Albania","PT_CH_ELG_IM","Percentage of children eligible for immunization","MEAS","Measles",2011,98.9
"ALB","Albania","PT_CH_ELG_IM","Percentage of children eligible for immunization","MEAS","Measles",2012,98.7
"ALB","Albania","PT_CH_ELG_IM","Percentage of children eligible for immunization","MEAS","Measles",2013,98.7
"ALB","Albania","PT_CH_ELG_IM","Percentage of children eligible for immunization","MEAS","Measles",2014,97.8
"ALB","Albania","PT_CH_ELG_IM","Percentage of children eligible for immunization","MEAS","Measles",2015,98
"ALB","Albania","PT_CH_ELG_IM","Percentage of children eligible for immunization","MEAS","Measles",2016,97.7
"ALB","Albania","PT_CH_ELG_IM","Percentage of children eligible for immunization","MEAS","Measles",2017,97.9
"ALB","Albania","PT_CH_ELG_IM","Percentage of children eligible for immunization","MEAS","Measles",2018,96.3
"ALB","Albania","PT_CH_ELG_IM","Percentage of children eligible for immunization","MEAS","Measles",2019,96.2
"ALB","Albania","PT_CH_ELG_IM","Percentage of children eligible for immunization","MEAS","Measles",2020,94.1
"ALB","Albania","PT_CH_ELG_IM","Percentage of children eligible for immunization","MEAS","Measles",2021,91.7
"ALB","Albania","PT_CH_ELG_IM","Percentage of children eligible for immunization","MEAS","Measles",2022,92.8
"ALB","Albania","PT_CH_ELG_IM","Percentage of children eligible for immunization","MEAS","Measles",2023,93
"ALB","Albania","PT_CH_ELG_IM","Percentage of children eligible for immunization","MEAS","Measles",2024,91.8
"ALB","Albania","PT_CH_ELG_IM","Percentage of children eligible for immunization","MEAS","Measles",2025,87.7
"ARG","Argentina","PT_CH_ELG_IM","Percentage of children eligible for immunization","DIPTETPERT","Diphtheria, Tetanus, Pertussis",2010,94.2
"ARG","Argentina","PT_CH_ELG_IM","Percentage of children eligible for immunization","DIPTETPERT","Diphtheria, Tetanus, Pertussis",2011,91
"ARG","Argentina","PT_CH_ELG_IM","Percentage of children eligible for immunization","DIPTETPERT","Diphtheria, Tetanus, Pertussis",2012,91.3
"ARG","Argentina","PT_CH_ELG_IM","Percentage of children eligible for immunization","DIPTETPERT","Diphtheria, Tetanus, Pertussis",2013,94
"ARG","Argentina","PT_CH_ELG_IM","Percentage of children eligible for immunization","DIPTETPERT","Diphtheria, Tetanus, Pertussis",2014,94.1
"ARG","Argentina","PT_CH_ELG_IM","Percentage of children eligible for immunization","DIPTETPERT","Diphtheria, Tetanus, Pertussis",2015,94
"ARG","Argentina","PT_CH_ELG_IM","Percentage of children eligible for immunization","DIPTETPERT","Diphtheria, Tetanus, Pertussis",2016,91.9
"ARG","Argentina","PT_CH_ELG_IM","Percentage of children eligible for immunization","DIPTETPERT","Diphtheria, Tetanus, Pertussis",2017,88
"ARG","Argentina","PT_CH_ELG_IM","Percentage of children eligible for immunization","DIPTETPERT","Diphtheria, Tetanus, Pertussis",2018,86
"ARG","Argentina","PT_CH_ELG_IM","Percentage of children eligible for immunization","DIPTETPERT","Diphtheria, Tetanus, Pertussis",2019,83
"ARG","Argentina","PT_CH_ELG_IM","Percentage of children eligible for immunization","DIPTETPERT","Diphtheria, Tetanus, Pertussis",2020,74.3
"ARG","Argentina","PT_CH_ELG_IM","Percentage of children eligible for immunization","DIPTETPERT","Diphtheria, Tetanus, Pertussis",2021,81.2
"ARG","Argentina","PT_CH_ELG_IM","Percentage of children eligible for immunization","DIPTETPERT","Diphtheria, Tetanus, Pertussis",2022,83.8
"ARG","Argentina","PT_CH_ELG_IM","Percentage of children eligible for immunization","DIPTETPERT","Diphtheria, Tetanus, Pertussis",2023,66.2
"ARG","Argentina","PT_CH_ELG_IM","Percentage of children eligible for immunization","DIPTETPERT","Diphtheria, Tetanus, Pertussis",2024,75.2
"ARG","Argentina","PT_CH_ELG_IM","Percentage of children eligible for immunization","HEPB","Hepatitis B",2010,94
"ARG","Argentina","PT_CH_ELG_IM","Percentage of children eligible for immunization","HEPB","Hepatitis B",2011,91
"ARG","Argentina","PT_CH_ELG_IM","Percentage of children eligible for immunization","HEPB","Hepatitis B",2012,91.3
"ARG","Argentina","PT_CH_ELG_IM","Percentage of children eligible for immunization","HEPB","Hepatitis B",2013,94
"ARG","Argentina","PT_CH_ELG_IM","Percentage of children eligible for immunization","HEPB","Hepatitis B",2014,94.1
"ARG","Argentina","PT_CH_ELG_IM","Percentage of children eligible for immunization","HEPB","Hepatitis B",2015,94
"ARG","Argentina","PT_CH_ELG_IM","Percentage of children eligible for immunization","HEPB","Hepatitis B",2016,91.9
"ARG","Argentina","PT_CH_ELG_IM","Percentage of children eligible for immunization","HEPB","Hepatitis B",2017,86
"ARG","Argentina","PT_CH_ELG_IM","Percentage of children eligible for immunization","HEPB","Hepatitis B",2018,86
"ARG","Argentina","PT_CH_ELG_IM","Percentage of children eligible for immunization","HEPB","Hepatitis B",2019,83
"ARG","Argentina","PT_CH_ELG_IM","Percentage of children eligible for immunization","HEPB","Hepatitis B",2020,74.3
"ARG","Argentina","PT_CH_ELG_IM","Percentage of children eligible for immunization","HEPB","Hepatitis B",2021,81.2
"ARG","Argentina","PT_CH_ELG_IM","Percentage of children eligible for immunization","HEPB","Hepatitis B",2022,83.8
"ARG","Argentina","PT_CH_ELG_IM","Percentage of children eligible for immunization","HEPB","Hepatitis B",2023,66.2
"ARG","Argentina","PT_CH_ELG_IM","Percentage of children eligible for immunization","HEPB","Hepatitis B",2024,75.2
"ARG","Argentina","PT_CH_ELG_IM","Percentage of children eligible for immunization","MEAS","Measles",2010,94
"ARG","Argentina","PT_CH_ELG_IM","Percentage of children eligible for immunization","MEAS","Measles",2011,90.7
"ARG","Argentina","PT_CH_ELG_IM","Percentage of children eligible for immunization","MEAS","Measles",2012,89
"ARG","Argentina","PT_CH_ELG_IM","Percentage of children eligible for immunization","MEAS","Measles",2013,83
"ARG","Argentina","PT_CH_ELG_IM","Percentage of children eligible for immunization","MEAS","Measles",2014,95.6
"ARG","Argentina","PT_CH_ELG_IM","Percentage of children eligible for immunization","MEAS","Measles",2015,86.6
"ARG","Argentina","PT_CH_ELG_IM","Percentage of children eligible for immunization","MEAS","Measles",2016,88.1
"ARG","Argentina","PT_CH_ELG_IM","Percentage of children eligible for immunization","MEAS","Measles",2017,91
"ARG","Argentina","PT_CH_ELG_IM","Percentage of children eligible for immunization","MEAS","Measles",2018,100
"ARG","Argentina","PT_CH_ELG_IM","Percentage of children eligible for immunization","MEAS","Measles",2019,84
"ARG","Argentina","PT_CH_ELG_IM","Percentage of children eligible for immunization","MEAS","Measles",2020,71.4
"ARG","Argentina","PT_CH_ELG_IM","Percentage of children eligible for immunization","MEAS","Measles",2021,79.2
"ARG","Argentina","PT_CH_ELG_IM","Percentage of children eligible for immunization","MEAS","Measles",2022,94.2
"ARG","Argentina","PT_CH_ELG_IM","Percentage of children eligible for immunization","MEAS","Measles",2023,54.2
"ARG","Argentina","PT_CH_ELG_IM","Percentage of children eligible for immunization","MEAS","Measles",2024,46.4
"AUS","Australia","PT_CH_ELG_IM","Percentage of children eligible for immunization","DIPTETPERT","Diphtheria, Tetanus, Pertussis",2010,92
"AUS","Australia","PT_CH_ELG_IM","Percentage of children eligible for immunization","DIPTETPERT","Diphtheria, Tetanus, Pertussis",2011,92
"AUS","Australia","PT_CH_ELG_IM","Percentage of children eligible for immunization","DIPTETPERT","Diphtheria, Tetanus, Pertussis",2012,92.2
"AUS","Australia","PT_CH_ELG_IM","Percentage of children eligible for immunization","DIPTETPERT","Diphtheria, Tetanus, Pertussis",2013,91.4
"AUS","Australia","PT_CH_ELG_IM","Percentage of children eligible for immunization","DIPTETPERT","Diphtheria, Tetanus, Pertussis",2014,91.6
"AUS","Australia","PT_CH_ELG_IM","Percentage of children eligible for immunization","DIPTETPERT","Diphtheria, Tetanus, Pertussis",2015,93.1
"AUS","Australia","PT_CH_ELG_IM","Percentage of children eligible for immunization","DIPTETPERT","Diphtheria, Tetanus, Pertussis",2016,94.3
"AUS","Australia","PT_CH_ELG_IM","Percentage of children eligible for immunization","DIPTETPERT","Diphtheria, Tetanus, Pertussis",2017,94.8
"AUS","Australia","PT_CH_ELG_IM","Percentage of children eligible for immunization","DIPTETPERT","Diphtheria, Tetanus, Pertussis",2018,94.6
"AUS","Australia","PT_CH_ELG_IM","Percentage of children eligible for immunization","DIPTETPERT","Diphtheria, Tetanus, Pertussis",2019,94.9
"AUS","Australia","PT_CH_ELG_IM","Percentage of children eligible for immunization","DIPTETPERT","Diphtheria, Tetanus, Pertussis",2020,95.4
"AUS","Australia","PT_CH_ELG_IM","Percentage of children eligible for immunization","DIPTETPERT","Diphtheria, Tetanus, Pertussis",2021,95
"AUS","Australia","PT_CH_ELG_IM","Percentage of children eligible for immunization","DIPTETPERT","Diphtheria, Tetanus, Pertussis",2022,94.2
"AUS","Australia","PT_CH_ELG_IM","Percentage of children eligible for immunization","DIPTETPERT","Diphtheria, Tetanus, Pertussis",2023,93.7
"AUS","Australia","PT_CH_ELG_IM","Percentage of children eligible for immunization","DIPTETPERT","Diphtheria, Tetanus, Pertussis",2024,92.7
"AUS","Australia","PT_CH_ELG_IM","Percentage of children eligible for immunization","DIPTETPERT","Diphtheria, Tetanus, Pertussis",2025,91.7
"AUS","Australia","PT_CH_ELG_IM","Percentage of children eligible for immunization","HEPB","Hepatitis B",2010,91.6
"AUS","Australia","PT_CH_ELG_IM","Percentage of children eligible for immunization","HEPB","Hepatitis B",2011,91.6
"AUS","Australia","PT_CH_ELG_IM","Percentage of children eligible for immunization","HEPB","Hepatitis B",2012,91.8
"AUS","Australia","PT_CH_ELG_IM","Percentage of children eligible for immunization","HEPB","Hepatitis B",2013,91
"AUS","Australia","PT_CH_ELG_IM","Percentage of children eligible for immunization","HEPB","Hepatitis B",2014,91.2
"AUS","Australia","PT_CH_ELG_IM","Percentage of children eligible for immunization","HEPB","Hepatitis B",2015,92.8
"AUS","Australia","PT_CH_ELG_IM","Percentage of children eligible for immunization","HEPB","Hepatitis B",2016,94.2
"AUS","Australia","PT_CH_ELG_IM","Percentage of children eligible for immunization","HEPB","Hepatitis B",2017,94.7
"AUS","Australia","PT_CH_ELG_IM","Percentage of children eligible for immunization","HEPB","Hepatitis B",2018,94.5
"AUS","Australia","PT_CH_ELG_IM","Percentage of children eligible for immunization","HEPB","Hepatitis B",2019,94.9
"AUS","Australia","PT_CH_ELG_IM","Percentage of children eligible for immunization","HEPB","Hepatitis B",2020,95.3
"AUS","Australia","PT_CH_ELG_IM","Percentage of children eligible for immunization","HEPB","Hepatitis B",2021,95
"AUS","Australia","PT_CH_ELG_IM","Percentage of children eligible for immunization","HEPB","Hepatitis B",2022,94.3
"AUS","Australia","PT_CH_ELG_IM","Percentage of children eligible for immunization","HEPB","Hepatitis B",2023,94.1
"AUS","Australia","PT_CH_ELG_IM","Percentage of children eligible for immunization","HEPB","Hepatitis B",2024,94.6
"AUS","Australia","PT_CH_ELG_IM","Percentage of children eligible for immunization","HEPB","Hepatitis B",2025,93.9
"AUS","Australia","PT_POP_Y_GE65","Percentage of population aged 65 years or over","IFLU","Influenza",2019,56.2
"AUS","Australia","PT_POP_Y_GE65","Percentage of population aged 65 years or over","IFLU","Influenza",2020,63
"AUS","Australia","PT_POP_Y_GE65","Percentage of population aged 65 years or over","IFLU","Influenza",2021,63.4
"AUS","Australia","PT_POP_Y_GE65","Percentage of population aged 65 years or over","IFLU","Influenza",2022,66.1
"AUS","Australia","PT_POP_Y_GE65","Percentage of population aged 65 years or over","IFLU","Influenza",2023,63.5
"AUS","Australia","PT_POP_Y_GE65","Percentage of population aged 65 years or over","IFLU","Influenza",2024,61.1
"AUS","Australia","PT_POP_Y_GE65","Percentage of population aged 65 years or over","IFLU","Influenza",2025,61.3
"AUS","Australia","PT_CH_ELG_IM","Percentage of children eligible for immunization","MEAS","Measles",2010,88.4
"AUS","Australia","PT_CH_ELG_IM","Percentage of children eligible for immunization","MEAS","Measles",2011,89.8
"AUS","Australia","PT_CH_ELG_IM","Percentage of children eligible for immunization","MEAS","Measles",2012,91.2
"AUS","Australia","PT_CH_ELG_IM","Percentage of children eligible for immunization","MEAS","Measles",2013,92.2
"AUS","Australia","PT_CH_ELG_IM","Percentage of children eligible for immunization","MEAS","Measles",2014,92.6
"AUS","Australia","PT_CH_ELG_IM","Percentage of children eligible for immunization","MEAS","Measles",2015,93.1
"AUS","Australia","PT_CH_ELG_IM","Percentage of children eligible for immunization","MEAS","Measles",2016,94
"AUS","Australia","PT_CH_ELG_IM","Percentage of children eligible for immunization","MEAS","Measles",2017,93.5
"AUS","Australia","PT_CH_ELG_IM","Percentage of children eligible for immunization","MEAS","Measles",2018,93.5
"AUS","Australia","PT_CH_ELG_IM","Percentage of children eligible for immunization","MEAS","Measles",2019,93.6
"AUS","Australia","PT_CH_ELG_IM","Percentage of children eligible for immunization","MEAS","Measles",2020,94.2
"AUS","Australia","PT_CH_ELG_IM","Percentage of children eligible for immunization","MEAS","Measles",2021,93.9
"AUS","Australia","PT_CH_ELG_IM","Percentage of children eligible for immunization","MEAS","Measles",2022,91.4
"AUS","Australia","PT_CH_ELG_IM","Percentage of children eligible for immunization","MEAS","Measles",2023,92.7
"AUS","Australia","PT_CH_ELG_IM","Percentage of children eligible for immunization","MEAS","Measles",2024,92
"AUS","Australia","PT_CH_ELG_IM","Percentage of children eligible for immunization","MEAS","Measles",2025,91
"AUT","Austria","PT_CH_ELG_IM","Percentage of children eligible for immunization","DIPTETPERT","Diphtheria, Tetanus, Pertussis",2010,86
"AUT","Austria","PT_CH_ELG_IM","Percentage of children eligible for immunization","DIPTETPERT","Diphtheria, Tetanus, Pertussis",2011,89
"AUT","Austria","PT_CH_ELG_IM","Percentage of children eligible for immunization","DIPTETPERT","Diphtheria, Tetanus, Pertussis",2012,92
"AUT","Austria","PT_CH_ELG_IM","Percentage of children eligible for immunization","DIPTETPERT","Diphtheria, Tetanus, Pertussis",2013,95
"AUT","Austria","PT_CH_ELG_IM","Percentage of children eligible for immunization","DIPTETPERT","Diphtheria, Tetanus, Pertussis",2014,98
"AUT","Austria","PT_CH_ELG_IM","Percentage of children eligible for immunization","DIPTETPERT","Diphtheria, Tetanus, Pertussis",2015,93
"AUT","Austria","PT_CH_ELG_IM","Percentage of children eligible for immunization","DIPTETPERT","Diphtheria, Tetanus, Pertussis",2016,87
"AUT","Austria","PT_CH_ELG_IM","Percentage of children eligible for immunization","DIPTETPERT","Diphtheria, Tetanus, Pertussis",2017,90
"AUT","Austria","PT_CH_ELG_IM","Percentage of children eligible for immunization","DIPTETPERT","Diphtheria, Tetanus, Pertussis",2018,85
"AUT","Austria","PT_CH_ELG_IM","Percentage of children eligible for immunization","DIPTETPERT","Diphtheria, Tetanus, Pertussis",2019,88
"AUT","Austria","PT_CH_ELG_IM","Percentage of children eligible for immunization","DIPTETPERT","Diphtheria, Tetanus, Pertussis",2020,85
"AUT","Austria","PT_CH_ELG_IM","Percentage of children eligible for immunization","DIPTETPERT","Diphtheria, Tetanus, Pertussis",2021,86
"AUT","Austria","PT_CH_ELG_IM","Percentage of children eligible for immunization","DIPTETPERT","Diphtheria, Tetanus, Pertussis",2022,84
"AUT","Austria","PT_CH_ELG_IM","Percentage of children eligible for immunization","DIPTETPERT","Diphtheria, Tetanus, Pertussis",2023,87
"AUT","Austria","PT_CH_ELG_IM","Percentage of children eligible for immunization","DIPTETPERT","Diphtheria, Tetanus, Pertussis",2024,85
"AUT","Austria","PT_CH_ELG_IM","Percentage of children eligible for immunization","HEPB","Hepatitis B",2010,86
"AUT","Austria","PT_CH_ELG_IM","Percentage of children eligible for immunization","HEPB","Hepatitis B",2011,89
"AUT","Austria","PT_CH_ELG_IM","Percentage of children eligible for immunization","HEPB","Hepatitis B",2012,92
"AUT","Austria","PT_CH_ELG_IM","Percentage of children eligible for immunization","HEPB","Hepatitis B",2013,95
"AUT","Austria","PT_CH_ELG_IM","Percentage of children eligible for immunization","HEPB","Hepatitis B",2014,98
"AUT","Austria","PT_CH_ELG_IM","Percentage of children eligible for immunization","HEPB","Hepatitis B",2015,93
"AUT","Austria","PT_CH_ELG_IM","Percentage of children eligible for immunization","HEPB","Hepatitis B",2016,87
"AUT","Austria","PT_CH_ELG_IM","Percentage of children eligible for immunization","HEPB","Hepatitis B",2017,90
"AUT","Austria","PT_CH_ELG_IM","Percentage of children eligible for immunization","HEPB","Hepatitis B",2018,85
"AUT","Austria","PT_CH_ELG_IM","Percentage of children eligible for immunization","HEPB","Hepatitis B",2019,85
"AUT","Austria","PT_CH_ELG_IM","Percentage of children eligible for immunization","HEPB","Hepatitis B",2020,85
"AUT","Austria","PT_CH_ELG_IM","Percentage of children eligible for immunization","HEPB","Hepatitis B",2021,86
"AUT","Austria","PT_CH_ELG_IM","Percentage of children eligible for immunization","HEPB","Hepatitis B",2022,84
"AUT","Austria","PT_CH_ELG_IM","Percentage of children eligible for immunization","HEPB","Hepatitis B",2023,84
"AUT","Austria","PT_CH_ELG_IM","Percentage of children eligible for immunization","HEPB","Hepatitis B",2024,85
"AUT","Austria","PT_POP_Y_GE65","Percentage of population aged 65 years or over","IFLU","Influenza",2014,20.3
"AUT","Austria","PT_POP_Y_GE65","Percentage of population aged 65 years or over","IFLU","Influenza",2019,18.3
"AUT","Austria","PT_POP_Y_GE65","Percentage of population aged 65 years or over","IFLU","Influenza",2024,23.5
"AUT","Austria","PT_POP_Y_GE65","Percentage of population aged 65 years or over","IFLU","Influenza",2025,25.5
"AUT","Austria","PT_CH_ELG_IM","Percentage of children eligible for immunization","MEAS","Measles",2010,69
"AUT","Austria","PT_CH_ELG_IM","Percentage of children eligible for immunization","MEAS","Measles",2011,73
"AUT","Austria","PT_CH_ELG_IM","Percentage of children eligible for immunization","MEAS","Measles",2012,78
"AUT","Austria","PT_CH_ELG_IM","Percentage of children eligible for immunization","MEAS","Measles",2013,82
"AUT","Austria","PT_CH_ELG_IM","Percentage of children eligible for immunization","MEAS","Measles",2014,87
"AUT","Austria","PT_CH_ELG_IM","Percentage of children eligible for immunization","MEAS","Measles",2015,88
"AUT","Austria","PT_CH_ELG_IM","Percentage of children eligible for immunization","MEAS","Measles",2016,89
"AUT","Austria","PT_CH_ELG_IM","Percentage of children eligible for immunization","MEAS","Measles",2017,84
"AUT","Austria","PT_CH_ELG_IM","Percentage of children eligible for immunization","MEAS","Measles",2018,84
"AUT","Austria","PT_CH_ELG_IM","Percentage of children eligible for immunization","MEAS","Measles",2019,86
"AUT","Austria","PT_CH_ELG_IM","Percentage of children eligible for immunization","MEAS","Measles",2020,88
"AUT","Austria","PT_CH_ELG_IM","Percentage of children eligible for immunization","MEAS","Measles",2021,97
"AUT","Austria","PT_CH_ELG_IM","Percentage of children eligible for immunization","MEAS","Measles",2022,94
"AUT","Austria","PT_CH_ELG_IM","Percentage of children eligible for immunization","MEAS","Measles",2023,81
"AUT","Austria","PT_CH_ELG_IM","Percentage of children eligible for immunization","MEAS","Measles",2024,84
"BEL","Belgium","PT_CH_ELG_IM","Percentage of children eligible for immunization","DIPTETPERT","Diphtheria, Tetanus, Pertussis",2010,98
"BEL","Belgium","PT_CH_ELG_IM","Percentage of children eligible for immunization","DIPTETPERT","Diphtheria, Tetanus, Pertussis",2011,98
"BEL","Belgium","PT_CH_ELG_IM","Percentage of children eligible for immunization","DIPTETPERT","Diphtheria, Tetanus, Pertussis",2012,99
"BEL","Belgium","PT_CH_ELG_IM","Percentage of children eligible for immunization","DIPTETPERT","Diphtheria, Tetanus, Pertussis",2013,99
"BEL","Belgium","PT_CH_ELG_IM","Percentage of children eligible for immunization","DIPTETPERT","Diphtheria, Tetanus, Pertussis",2014,99
"BEL","Belgium","PT_CH_ELG_IM","Percentage of children eligible for immunization","DIPTETPERT","Diphtheria, Tetanus, Pertussis",2015,99
"BEL","Belgium","PT_CH_ELG_IM","Percentage of children eligible for immunization","DIPTETPERT","Diphtheria, Tetanus, Pertussis",2016,98
"BEL","Belgium","PT_CH_ELG_IM","Percentage of children eligible for immunization","DIPTETPERT","Diphtheria, Tetanus, Pertussis",2017,98
"BEL","Belgium","PT_CH_ELG_IM","Percentage of children eligible for immunization","DIPTETPERT","Diphtheria, Tetanus, Pertussis",2018,98
"BEL","Belgium","PT_CH_ELG_IM","Percentage of children eligible for immunization","DIPTETPERT","Diphtheria, Tetanus, Pertussis",2019,97
"BEL","Belgium","PT_CH_ELG_IM","Percentage of children eligible for immunization","DIPTETPERT","Diphtheria, Tetanus, Pertussis",2020,98
"BEL","Belgium","PT_CH_ELG_IM","Percentage of children eligible for immunization","DIPTETPERT","Diphtheria, Tetanus, Pertussis",2021,98
"BEL","Belgium","PT_CH_ELG_IM","Percentage of children eligible for immunization","DIPTETPERT","Diphtheria, Tetanus, Pertussis",2022,98
"BEL","Belgium","PT_CH_ELG_IM","Percentage of children eligible for immunization","DIPTETPERT","Diphtheria, Tetanus, Pertussis",2023,98
"BEL","Belgium","PT_CH_ELG_IM","Percentage of children eligible for immunization","DIPTETPERT","Diphtheria, Tetanus, Pertussis",2024,97
"BEL","Belgium","PT_CH_ELG_IM","Percentage of children eligible for immunization","HEPB","Hepatitis B",2010,97
"BEL","Belgium","PT_CH_ELG_IM","Percentage of children eligible for immunization","HEPB","Hepatitis B",2011,97
"BEL","Belgium","PT_CH_ELG_IM","Percentage of children eligible for immunization","HEPB","Hepatitis B",2012,98
"BEL","Belgium","PT_CH_ELG_IM","Percentage of children eligible for immunization","HEPB","Hepatitis B",2013,98
"BEL","Belgium","PT_CH_ELG_IM","Percentage of children eligible for immunization","HEPB","Hepatitis B",2014,98
"BEL","Belgium","PT_CH_ELG_IM","Percentage of children eligible for immunization","HEPB","Hepatitis B",2015,98
"BEL","Belgium","PT_CH_ELG_IM","Percentage of children eligible for immunization","HEPB","Hepatitis B",2016,97
"BEL","Belgium","PT_CH_ELG_IM","Percentage of children eligible for immunization","HEPB","Hepatitis B",2017,97
"BEL","Belgium","PT_CH_ELG_IM","Percentage of children eligible for immunization","HEPB","Hepatitis B",2018,97
"BEL","Belgium","PT_CH_ELG_IM","Percentage of children eligible for immunization","HEPB","Hepatitis B",2019,97
"BEL","Belgium","PT_CH_ELG_IM","Percentage of children eligible for immunization","HEPB","Hepatitis B",2020,97
"BEL","Belgium","PT_CH_ELG_IM","Percentage of children eligible for immunization","HEPB","Hepatitis B",2021,97
"BEL","Belgium","PT_CH_ELG_IM","Percentage of children eligible for immunization","HEPB","Hepatitis B",2022,97
"BEL","Belgium","PT_CH_ELG_IM","Percentage of children eligible for immunization","HEPB","Hepatitis B",2023,97
"BEL","Belgium","PT_CH_ELG_IM","Percentage of children eligible for immunization","HEPB","Hepatitis B",2024,97
"BEL","Belgium","PT_POP_Y_GE65","Percentage of population aged 65 years or over","IFLU","Influenza",2010,60.1
"BEL","Belgium","PT_POP_Y_GE65","Percentage of population aged 65 years or over","IFLU","Influenza",2011,58.7
"BEL","Belgium","PT_POP_Y_GE65","Percentage of population aged 65 years or over","IFLU","Influenza",2012,57.7
"BEL","Belgium","PT_POP_Y_GE65","Percentage of population aged 65 years or over","IFLU","Influenza",2013,56.4
"BEL","Belgium","PT_POP_Y_GE65","Percentage of population aged 65 years or over","IFLU","Influenza",2014,56.1
"BEL","Belgium","PT_POP_Y_GE65","Percentage of population aged 65 years or over","IFLU","Influenza",2015,55.8
"BEL","Belgium","PT_POP_Y_GE65","Percentage of population aged 65 years or over","IFLU","Influenza",2016,54.7
"BEL","Belgium","PT_POP_Y_GE65","Percentage of population aged 65 years or over","IFLU","Influenza",2017,52.9
"BEL","Belgium","PT_POP_Y_GE65","Percentage of population aged 65 years or over","IFLU","Influenza",2018,53.2
"BEL","Belgium","PT_POP_Y_GE65","Percentage of population aged 65 years or over","IFLU","Influenza",2019,55.1
"BEL","Belgium","PT_POP_Y_GE65","Percentage of population aged 65 years or over","IFLU","Influenza",2020,62.1
"BEL","Belgium","PT_POP_Y_GE65","Percentage of population aged 65 years or over","IFLU","Influenza",2021,57.3
"BEL","Belgium","PT_POP_Y_GE65","Percentage of population aged 65 years or over","IFLU","Influenza",2022,56
"BEL","Belgium","PT_POP_Y_GE65","Percentage of population aged 65 years or over","IFLU","Influenza",2023,55.1
"BEL","Belgium","PT_POP_Y_GE65","Percentage of population aged 65 years or over","IFLU","Influenza",2024,53.6
"BEL","Belgium","PT_CH_ELG_IM","Percentage of children eligible for immunization","MEAS","Measles",2010,83
"BEL","Belgium","PT_CH_ELG_IM","Percentage of children eligible for immunization","MEAS","Measles",2011,83
"BEL","Belgium","PT_CH_ELG_IM","Percentage of children eligible for immunization","MEAS","Measles",2012,80
"BEL","Belgium","PT_CH_ELG_IM","Percentage of children eligible for immunization","MEAS","Measles",2013,80
"BEL","Belgium","PT_CH_ELG_IM","Percentage of children eligible for immunization","MEAS","Measles",2014,80
"BEL","Belgium","PT_CH_ELG_IM","Percentage of children eligible for immunization","MEAS","Measles",2015,80
"BEL","Belgium","PT_CH_ELG_IM","Percentage of children eligible for immunization","MEAS","Measles",2016,82
"BEL","Belgium","PT_CH_ELG_IM","Percentage of children eligible for immunization","MEAS","Measles",2017,82
"BEL","Belgium","PT_CH_ELG_IM","Percentage of children eligible for immunization","MEAS","Measles",2018,82
"BEL","Belgium","PT_CH_ELG_IM","Percentage of children eligible for immunization","MEAS","Measles",2019,82
"BEL","Belgium","PT_CH_ELG_IM","Percentage of children eligible for immunization","MEAS","Measles",2020,83
"BEL","Belgium","PT_CH_ELG_IM","Percentage of children eligible for immunization","MEAS","Measles",2021,83
"BEL","Belgium","PT_CH_ELG_IM","Percentage of children eligible for immunization","MEAS","Measles",2022,83
"BEL","Belgium","PT_CH_ELG_IM","Percentage of children eligible for immunization","MEAS","Measles",2023,82
"BEL","Belgium","PT_CH_ELG_IM","Percentage of children eligible for immunization","MEAS","Measles",2024,82
"BIH","Bosnia and Herzegovina","PT_CH_ELG_IM","Percentage of children eligible for immunization","DIPTETPERT","Diphtheria, Tetanus, Pertussis",2010,84.9
"BIH","Bosnia and Herzegovina","PT_CH_ELG_IM","Percentage of children eligible for immunization","DIPTETPERT","Diphtheria, Tetanus, Pertussis",2011,87.5
"BIH","Bosnia and Herzegovina","PT_CH_ELG_IM","Percentage of children eligible for immunization","DIPTETPERT","Diphtheria, Tetanus, Pertussis",2012,89.4
"BIH","Bosnia and Herzegovina","PT_CH_ELG_IM","Percentage of children eligible for immunization","DIPTETPERT","Diphtheria, Tetanus, Pertussis",2013,89
"BIH","Bosnia and Herzegovina","PT_CH_ELG_IM","Percentage of children eligible for immunization","DIPTETPERT","Diphtheria, Tetanus, Pertussis",2014,84.5
"BIH","Bosnia and Herzegovina","PT_CH_ELG_IM","Percentage of children eligible for immunization","DIPTETPERT","Diphtheria, Tetanus, Pertussis",2015,81.5
"BIH","Bosnia and Herzegovina","PT_CH_ELG_IM","Percentage of children eligible for immunization","DIPTETPERT","Diphtheria, Tetanus, Pertussis",2016,78
"BIH","Bosnia and Herzegovina","PT_CH_ELG_IM","Percentage of children eligible for immunization","DIPTETPERT","Diphtheria, Tetanus, Pertussis",2017,74.7
"BIH","Bosnia and Herzegovina","PT_CH_ELG_IM","Percentage of children eligible for immunization","DIPTETPERT","Diphtheria, Tetanus, Pertussis",2018,79.2
"BIH","Bosnia and Herzegovina","PT_CH_ELG_IM","Percentage of children eligible for immunization","DIPTETPERT","Diphtheria, Tetanus, Pertussis",2019,84.5
"BIH","Bosnia and Herzegovina","PT_CH_ELG_IM","Percentage of children eligible for immunization","DIPTETPERT","Diphtheria, Tetanus, Pertussis",2020,78
"BIH","Bosnia and Herzegovina","PT_CH_ELG_IM","Percentage of children eligible for immunization","DIPTETPERT","Diphtheria, Tetanus, Pertussis",2021,75.7
"BIH","Bosnia and Herzegovina","PT_CH_ELG_IM","Percentage of children eligible for immunization","DIPTETPERT","Diphtheria, Tetanus, Pertussis",2022,75.5
"BIH","Bosnia and Herzegovina","PT_CH_ELG_IM","Percentage of children eligible for immunization","DIPTETPERT","Diphtheria, Tetanus, Pertussis",2023,72.7
"BIH","Bosnia and Herzegovina","PT_CH_ELG_IM","Percentage of children eligible for immunization","DIPTETPERT","Diphtheria, Tetanus, Pertussis",2024,79.3
"BIH","Bosnia and Herzegovina","PT_CH_ELG_IM","Percentage of children eligible for immunization","DIPTETPERT","Diphtheria, Tetanus, Pertussis",2025,70.2
"BIH","Bosnia and Herzegovina","PT_CH_ELG_IM","Percentage of children eligible for immunization","HEPB","Hepatitis B",2010,87.7
"BIH","Bosnia and Herzegovina","PT_CH_ELG_IM","Percentage of children eligible for immunization","HEPB","Hepatitis B",2011,88.3
"BIH","Bosnia and Herzegovina","PT_CH_ELG_IM","Percentage of children eligible for immunization","HEPB","Hepatitis B",2012,87.6
"BIH","Bosnia and Herzegovina","PT_CH_ELG_IM","Percentage of children eligible for immunization","HEPB","Hepatitis B",2014,88
"BIH","Bosnia and Herzegovina","PT_CH_ELG_IM","Percentage of children eligible for immunization","HEPB","Hepatitis B",2015,81.6
"BIH","Bosnia and Herzegovina","PT_CH_ELG_IM","Percentage of children eligible for immunization","HEPB","Hepatitis B",2016,78
"BIH","Bosnia and Herzegovina","PT_CH_ELG_IM","Percentage of children eligible for immunization","HEPB","Hepatitis B",2017,77.2
"BIH","Bosnia and Herzegovina","PT_CH_ELG_IM","Percentage of children eligible for immunization","HEPB","Hepatitis B",2018,84
"BIH","Bosnia and Herzegovina","PT_CH_ELG_IM","Percentage of children eligible for immunization","HEPB","Hepatitis B",2019,83.8
"BIH","Bosnia and Herzegovina","PT_CH_ELG_IM","Percentage of children eligible for immunization","HEPB","Hepatitis B",2021,89.7
"BIH","Bosnia and Herzegovina","PT_CH_ELG_IM","Percentage of children eligible for immunization","HEPB","Hepatitis B",2022,77.7
"BIH","Bosnia and Herzegovina","PT_CH_ELG_IM","Percentage of children eligible for immunization","HEPB","Hepatitis B",2023,76.7
"BIH","Bosnia and Herzegovina","PT_CH_ELG_IM","Percentage of children eligible for immunization","HEPB","Hepatitis B",2024,81.6
"BIH","Bosnia and Herzegovina","PT_CH_ELG_IM","Percentage of children eligible for immunization","HEPB","Hepatitis B",2025,73.7
"BIH","Bosnia and Herzegovina","PT_CH_ELG_IM","Percentage of children eligible for immunization","MEAS","Measles",2010,90
"BIH","Bosnia and Herzegovina","PT_CH_ELG_IM","Percentage of children eligible for immunization","MEAS","Measles",2011,87.8
"BIH","Bosnia and Herzegovina","PT_CH_ELG_IM","Percentage of children eligible for immunization","MEAS","Measles",2012,90
"BIH","Bosnia and Herzegovina","PT_CH_ELG_IM","Percentage of children eligible for immunization","MEAS","Measles",2013,93
"BIH","Bosnia and Herzegovina","PT_CH_ELG_IM","Percentage of children eligible for immunization","MEAS","Measles",2014,86.5
"BIH","Bosnia and Herzegovina","PT_CH_ELG_IM","Percentage of children eligible for immunization","MEAS","Measles",2015,87.5
"BIH","Bosnia and Herzegovina","PT_CH_ELG_IM","Percentage of children eligible for immunization","MEAS","Measles",2016,78
"BIH","Bosnia and Herzegovina","PT_CH_ELG_IM","Percentage of children eligible for immunization","MEAS","Measles",2017,79.8
"BIH","Bosnia and Herzegovina","PT_CH_ELG_IM","Percentage of children eligible for immunization","MEAS","Measles",2018,76.5
"BIH","Bosnia and Herzegovina","PT_CH_ELG_IM","Percentage of children eligible for immunization","MEAS","Measles",2019,75.8
"BIH","Bosnia and Herzegovina","PT_CH_ELG_IM","Percentage of children eligible for immunization","MEAS","Measles",2020,66
"BIH","Bosnia and Herzegovina","PT_CH_ELG_IM","Percentage of children eligible for immunization","MEAS","Measles",2021,63.3
"BIH","Bosnia and Herzegovina","PT_CH_ELG_IM","Percentage of children eligible for immunization","MEAS","Measles",2022,60.3
"BIH","Bosnia and Herzegovina","PT_CH_ELG_IM","Percentage of children eligible for immunization","MEAS","Measles",2023,62.8
"BIH","Bosnia and Herzegovina","PT_CH_ELG_IM","Percentage of children eligible for immunization","MEAS","Measles",2024,70.6
"BIH","Bosnia and Herzegovina","PT_CH_ELG_IM","Percentage of children eligible for immunization","MEAS","Measles",2025,54.5
"BRA","Brazil","PT_CH_ELG_IM","Percentage of children eligible for immunization","DIPTETPERT","Diphtheria, Tetanus, Pertussis",2010,99
"BRA","Brazil","PT_CH_ELG_IM","Percentage of children eligible for immunization","DIPTETPERT","Diphtheria, Tetanus, Pertussis",2011,100
"BRA","Brazil","PT_CH_ELG_IM","Percentage of children eligible for immunization","DIPTETPERT","Diphtheria, Tetanus, Pertussis",2012,95
"BRA","Brazil","PT_CH_ELG_IM","Percentage of children eligible for immunization","DIPTETPERT","Diphtheria, Tetanus, Pertussis",2013,97
"BRA","Brazil","PT_CH_ELG_IM","Percentage of children eligible for immunization","DIPTETPERT","Diphtheria, Tetanus, Pertussis",2014,93
"BRA","Brazil","PT_CH_ELG_IM","Percentage of children eligible for immunization","DIPTETPERT","Diphtheria, Tetanus, Pertussis",2015,96
"BRA","Brazil","PT_CH_ELG_IM","Percentage of children eligible for immunization","DIPTETPERT","Diphtheria, Tetanus, Pertussis",2016,89.3
"BRA","Brazil","PT_CH_ELG_IM","Percentage of children eligible for immunization","DIPTETPERT","Diphtheria, Tetanus, Pertussis",2017,83
"BRA","Brazil","PT_CH_ELG_IM","Percentage of children eligible for immunization","DIPTETPERT","Diphtheria, Tetanus, Pertussis",2018,87
"BRA","Brazil","PT_CH_ELG_IM","Percentage of children eligible for immunization","DIPTETPERT","Diphtheria, Tetanus, Pertussis",2019,70
"BRA","Brazil","PT_CH_ELG_IM","Percentage of children eligible for immunization","DIPTETPERT","Diphtheria, Tetanus, Pertussis",2020,77.1
"BRA","Brazil","PT_CH_ELG_IM","Percentage of children eligible for immunization","DIPTETPERT","Diphtheria, Tetanus, Pertussis",2021,68.4
"BRA","Brazil","PT_CH_ELG_IM","Percentage of children eligible for immunization","DIPTETPERT","Diphtheria, Tetanus, Pertussis",2022,77.2
"BRA","Brazil","PT_CH_ELG_IM","Percentage of children eligible for immunization","DIPTETPERT","Diphtheria, Tetanus, Pertussis",2023,90.2
"BRA","Brazil","PT_CH_ELG_IM","Percentage of children eligible for immunization","DIPTETPERT","Diphtheria, Tetanus, Pertussis",2024,91
"BRA","Brazil","PT_CH_ELG_IM","Percentage of children eligible for immunization","DIPTETPERT","Diphtheria, Tetanus, Pertussis",2025,88.9
"BRA","Brazil","PT_CH_ELG_IM","Percentage of children eligible for immunization","HEPB","Hepatitis B",2010,96
"BRA","Brazil","PT_CH_ELG_IM","Percentage of children eligible for immunization","HEPB","Hepatitis B",2011,98
"BRA","Brazil","PT_CH_ELG_IM","Percentage of children eligible for immunization","HEPB","Hepatitis B",2012,96
"BRA","Brazil","PT_CH_ELG_IM","Percentage of children eligible for immunization","HEPB","Hepatitis B",2013,100
"BRA","Brazil","PT_CH_ELG_IM","Percentage of children eligible for immunization","HEPB","Hepatitis B",2014,96
"BRA","Brazil","PT_CH_ELG_IM","Percentage of children eligible for immunization","HEPB","Hepatitis B",2015,96.3
"BRA","Brazil","PT_CH_ELG_IM","Percentage of children eligible for immunization","HEPB","Hepatitis B",2016,89.3
"BRA","Brazil","PT_CH_ELG_IM","Percentage of children eligible for immunization","HEPB","Hepatitis B",2017,82
"BRA","Brazil","PT_CH_ELG_IM","Percentage of children eligible for immunization","HEPB","Hepatitis B",2018,93
"BRA","Brazil","PT_CH_ELG_IM","Percentage of children eligible for immunization","HEPB","Hepatitis B",2019,72
"BRA","Brazil","PT_CH_ELG_IM","Percentage of children eligible for immunization","HEPB","Hepatitis B",2020,77.1
"BRA","Brazil","PT_CH_ELG_IM","Percentage of children eligible for immunization","HEPB","Hepatitis B",2021,68.4
"BRA","Brazil","PT_CH_ELG_IM","Percentage of children eligible for immunization","HEPB","Hepatitis B",2022,77.2
"BRA","Brazil","PT_CH_ELG_IM","Percentage of children eligible for immunization","HEPB","Hepatitis B",2023,90.2
"BRA","Brazil","PT_CH_ELG_IM","Percentage of children eligible for immunization","HEPB","Hepatitis B",2024,90.3
"BRA","Brazil","PT_CH_ELG_IM","Percentage of children eligible for immunization","HEPB","Hepatitis B",2025,88.4
"BRA","Brazil","PT_CH_ELG_IM","Percentage of children eligible for immunization","MEAS","Measles",2010,53
"BRA","Brazil","PT_CH_ELG_IM","Percentage of children eligible for immunization","MEAS","Measles",2011,71
"BRA","Brazil","PT_CH_ELG_IM","Percentage of children eligible for immunization","MEAS","Measles",2012,70
"BRA","Brazil","PT_CH_ELG_IM","Percentage of children eligible for immunization","MEAS","Measles",2013,69
"BRA","Brazil","PT_CH_ELG_IM","Percentage of children eligible for immunization","MEAS","Measles",2014,89
"BRA","Brazil","PT_CH_ELG_IM","Percentage of children eligible for immunization","MEAS","Measles",2015,79.9
"BRA","Brazil","PT_CH_ELG_IM","Percentage of children eligible for immunization","MEAS","Measles",2016,76.7
"BRA","Brazil","PT_CH_ELG_IM","Percentage of children eligible for immunization","MEAS","Measles",2017,67
"BRA","Brazil","PT_CH_ELG_IM","Percentage of children eligible for immunization","MEAS","Measles",2018,76
"BRA","Brazil","PT_CH_ELG_IM","Percentage of children eligible for immunization","MEAS","Measles",2019,54
"BRA","Brazil","PT_CH_ELG_IM","Percentage of children eligible for immunization","MEAS","Measles",2020,43.8
"BRA","Brazil","PT_CH_ELG_IM","Percentage of children eligible for immunization","MEAS","Measles",2021,46.7
"BRA","Brazil","PT_CH_ELG_IM","Percentage of children eligible for immunization","MEAS","Measles",2022,57.6
"BRA","Brazil","PT_CH_ELG_IM","Percentage of children eligible for immunization","MEAS","Measles",2023,63.5
"BRA","Brazil","PT_CH_ELG_IM","Percentage of children eligible for immunization","MEAS","Measles",2024,68.2
"BRA","Brazil","PT_CH_ELG_IM","Percentage of children eligible for immunization","MEAS","Measles",2025,78.1
"BGR","Bulgaria","PT_CH_ELG_IM","Percentage of children eligible for immunization","DIPTETPERT","Diphtheria, Tetanus, Pertussis",2010,93.6
"BGR","Bulgaria","PT_CH_ELG_IM","Percentage of children eligible for immunization","DIPTETPERT","Diphtheria, Tetanus, Pertussis",2011,95.1
"BGR","Bulgaria","PT_CH_ELG_IM","Percentage of children eligible for immunization","DIPTETPERT","Diphtheria, Tetanus, Pertussis",2012,95.3
"BGR","Bulgaria","PT_CH_ELG_IM","Percentage of children eligible for immunization","DIPTETPERT","Diphtheria, Tetanus, Pertussis",2013,94.9
"BGR","Bulgaria","PT_CH_ELG_IM","Percentage of children eligible for immunization","DIPTETPERT","Diphtheria, Tetanus, Pertussis",2014,87.6
"BGR","Bulgaria","PT_CH_ELG_IM","Percentage of children eligible for immunization","DIPTETPERT","Diphtheria, Tetanus, Pertussis",2015,90.7
"BGR","Bulgaria","PT_CH_ELG_IM","Percentage of children eligible for immunization","DIPTETPERT","Diphtheria, Tetanus, Pertussis",2016,92.1
"BGR","Bulgaria","PT_CH_ELG_IM","Percentage of children eligible for immunization","DIPTETPERT","Diphtheria, Tetanus, Pertussis",2017,92.3
"BGR","Bulgaria","PT_CH_ELG_IM","Percentage of children eligible for immunization","DIPTETPERT","Diphtheria, Tetanus, Pertussis",2018,91.5
"BGR","Bulgaria","PT_CH_ELG_IM","Percentage of children eligible for immunization","DIPTETPERT","Diphtheria, Tetanus, Pertussis",2019,92.8
"BGR","Bulgaria","PT_CH_ELG_IM","Percentage of children eligible for immunization","DIPTETPERT","Diphtheria, Tetanus, Pertussis",2020,91.2
"BGR","Bulgaria","PT_CH_ELG_IM","Percentage of children eligible for immunization","DIPTETPERT","Diphtheria, Tetanus, Pertussis",2021,89.5
"BGR","Bulgaria","PT_CH_ELG_IM","Percentage of children eligible for immunization","DIPTETPERT","Diphtheria, Tetanus, Pertussis",2022,91.4
"BGR","Bulgaria","PT_CH_ELG_IM","Percentage of children eligible for immunization","DIPTETPERT","Diphtheria, Tetanus, Pertussis",2023,92.4
"BGR","Bulgaria","PT_CH_ELG_IM","Percentage of children eligible for immunization","DIPTETPERT","Diphtheria, Tetanus, Pertussis",2024,94.2
"BGR","Bulgaria","PT_CH_ELG_IM","Percentage of children eligible for immunization","HEPB","Hepatitis B",2010,95
"BGR","Bulgaria","PT_CH_ELG_IM","Percentage of children eligible for immunization","HEPB","Hepatitis B",2011,96
"BGR","Bulgaria","PT_CH_ELG_IM","Percentage of children eligible for immunization","HEPB","Hepatitis B",2012,95.4
"BGR","Bulgaria","PT_CH_ELG_IM","Percentage of children eligible for immunization","HEPB","Hepatitis B",2013,95.2
"BGR","Bulgaria","PT_CH_ELG_IM","Percentage of children eligible for immunization","HEPB","Hepatitis B",2014,95
"BGR","Bulgaria","PT_CH_ELG_IM","Percentage of children eligible for immunization","HEPB","Hepatitis B",2015,91.6
"BGR","Bulgaria","PT_CH_ELG_IM","Percentage of children eligible for immunization","HEPB","Hepatitis B",2016,91.1
"BGR","Bulgaria","PT_CH_ELG_IM","Percentage of children eligible for immunization","HEPB","Hepatitis B",2017,92
"BGR","Bulgaria","PT_CH_ELG_IM","Percentage of children eligible for immunization","HEPB","Hepatitis B",2018,85.1
"BGR","Bulgaria","PT_CH_ELG_IM","Percentage of children eligible for immunization","HEPB","Hepatitis B",2019,93.3
"BGR","Bulgaria","PT_CH_ELG_IM","Percentage of children eligible for immunization","HEPB","Hepatitis B",2020,91.5
"BGR","Bulgaria","PT_CH_ELG_IM","Percentage of children eligible for immunization","HEPB","Hepatitis B",2021,89.4
"BGR","Bulgaria","PT_CH_ELG_IM","Percentage of children eligible for immunization","HEPB","Hepatitis B",2022,91.5
"BGR","Bulgaria","PT_CH_ELG_IM","Percentage of children eligible for immunization","HEPB","Hepatitis B",2023,92.4
"BGR","Bulgaria","PT_CH_ELG_IM","Percentage of children eligible for immunization","HEPB","Hepatitis B",2024,94.2
"BGR","Bulgaria","PT_POP_Y_GE65","Percentage of population aged 65 years or over","IFLU","Influenza",2014,2.4
"BGR","Bulgaria","PT_POP_Y_GE65","Percentage of population aged 65 years or over","IFLU","Influenza",2019,3.5
"BGR","Bulgaria","PT_POP_Y_GE65","Percentage of population aged 65 years or over","IFLU","Influenza",2020,5.8
"BGR","Bulgaria","PT_POP_Y_GE65","Percentage of population aged 65 years or over","IFLU","Influenza",2021,8.9
"BGR","Bulgaria","PT_POP_Y_GE65","Percentage of population aged 65 years or over","IFLU","Influenza",2022,10.4
"BGR","Bulgaria","PT_POP_Y_GE65","Percentage of population aged 65 years or over","IFLU","Influenza",2023,15.2
"BGR","Bulgaria","PT_POP_Y_GE65","Percentage of population aged 65 years or over","IFLU","Influenza",2024,19.4
"BGR","Bulgaria","PT_CH_ELG_IM","Percentage of children eligible for immunization","MEAS","Measles",2010,95.7
"BGR","Bulgaria","PT_CH_ELG_IM","Percentage of children eligible for immunization","MEAS","Measles",2011,93.9
"BGR","Bulgaria","PT_CH_ELG_IM","Percentage of children eligible for immunization","MEAS","Measles",2012,94
"BGR","Bulgaria","PT_CH_ELG_IM","Percentage of children eligible for immunization","MEAS","Measles",2013,93.5
"BGR","Bulgaria","PT_CH_ELG_IM","Percentage of children eligible for immunization","MEAS","Measles",2014,88.6
"BGR","Bulgaria","PT_CH_ELG_IM","Percentage of children eligible for immunization","MEAS","Measles",2015,86.9
"BGR","Bulgaria","PT_CH_ELG_IM","Percentage of children eligible for immunization","MEAS","Measles",2016,88.3
"BGR","Bulgaria","PT_CH_ELG_IM","Percentage of children eligible for immunization","MEAS","Measles",2017,91.6
"BGR","Bulgaria","PT_CH_ELG_IM","Percentage of children eligible for immunization","MEAS","Measles",2018,87.4
"BGR","Bulgaria","PT_CH_ELG_IM","Percentage of children eligible for immunization","MEAS","Measles",2019,92.9
"BGR","Bulgaria","PT_CH_ELG_IM","Percentage of children eligible for immunization","MEAS","Measles",2020,84.5
"BGR","Bulgaria","PT_CH_ELG_IM","Percentage of children eligible for immunization","MEAS","Measles",2021,85.8
"BGR","Bulgaria","PT_CH_ELG_IM","Percentage of children eligible for immunization","MEAS","Measles",2022,87.2
"BGR","Bulgaria","PT_CH_ELG_IM","Percentage of children eligible for immunization","MEAS","Measles",2023,87.4
"BGR","Bulgaria","PT_CH_ELG_IM","Percentage of children eligible for immunization","MEAS","Measles",2024,90.5
"CAN","Canada","PT_CH_ELG_IM","Percentage of children eligible for immunization","DIPTETPERT","Diphtheria, Tetanus, Pertussis",2010,89
"CAN","Canada","PT_CH_ELG_IM","Percentage of children eligible for immunization","DIPTETPERT","Diphtheria, Tetanus, Pertussis",2011,87
"CAN","Canada","PT_CH_ELG_IM","Percentage of children eligible for immunization","DIPTETPERT","Diphtheria, Tetanus, Pertussis",2012,91
"CAN","Canada","PT_CH_ELG_IM","Percentage of children eligible for immunization","DIPTETPERT","Diphtheria, Tetanus, Pertussis",2013,91
"CAN","Canada","PT_CH_ELG_IM","Percentage of children eligible for immunization","DIPTETPERT","Diphtheria, Tetanus, Pertussis",2014,91
"CAN","Canada","PT_CH_ELG_IM","Percentage of children eligible for immunization","DIPTETPERT","Diphtheria, Tetanus, Pertussis",2015,91
"CAN","Canada","PT_CH_ELG_IM","Percentage of children eligible for immunization","DIPTETPERT","Diphtheria, Tetanus, Pertussis",2016,91
"CAN","Canada","PT_CH_ELG_IM","Percentage of children eligible for immunization","DIPTETPERT","Diphtheria, Tetanus, Pertussis",2017,91
"CAN","Canada","PT_CH_ELG_IM","Percentage of children eligible for immunization","DIPTETPERT","Diphtheria, Tetanus, Pertussis",2018,91
"CAN","Canada","PT_CH_ELG_IM","Percentage of children eligible for immunization","DIPTETPERT","Diphtheria, Tetanus, Pertussis",2019,91
"CAN","Canada","PT_CH_ELG_IM","Percentage of children eligible for immunization","DIPTETPERT","Diphtheria, Tetanus, Pertussis",2020,92
"CAN","Canada","PT_CH_ELG_IM","Percentage of children eligible for immunization","DIPTETPERT","Diphtheria, Tetanus, Pertussis",2021,92
"CAN","Canada","PT_CH_ELG_IM","Percentage of children eligible for immunization","DIPTETPERT","Diphtheria, Tetanus, Pertussis",2022,92
"CAN","Canada","PT_CH_ELG_IM","Percentage of children eligible for immunization","DIPTETPERT","Diphtheria, Tetanus, Pertussis",2023,92
"CAN","Canada","PT_CH_ELG_IM","Percentage of children eligible for immunization","DIPTETPERT","Diphtheria, Tetanus, Pertussis",2024,92
"CAN","Canada","PT_CH_ELG_IM","Percentage of children eligible for immunization","HEPB","Hepatitis B",2010,56
"CAN","Canada","PT_CH_ELG_IM","Percentage of children eligible for immunization","HEPB","Hepatitis B",2011,70
"CAN","Canada","PT_CH_ELG_IM","Percentage of children eligible for immunization","HEPB","Hepatitis B",2012,70
"CAN","Canada","PT_CH_ELG_IM","Percentage of children eligible for immunization","HEPB","Hepatitis B",2013,55
"CAN","Canada","PT_CH_ELG_IM","Percentage of children eligible for immunization","HEPB","Hepatitis B",2014,55
"CAN","Canada","PT_CH_ELG_IM","Percentage of children eligible for immunization","HEPB","Hepatitis B",2015,69
"CAN","Canada","PT_CH_ELG_IM","Percentage of children eligible for immunization","HEPB","Hepatitis B",2016,70
"CAN","Canada","PT_CH_ELG_IM","Percentage of children eligible for immunization","HEPB","Hepatitis B",2017,71
"CAN","Canada","PT_CH_ELG_IM","Percentage of children eligible for immunization","HEPB","Hepatitis B",2018,71
"CAN","Canada","PT_CH_ELG_IM","Percentage of children eligible for immunization","HEPB","Hepatitis B",2019,84
"CAN","Canada","PT_CH_ELG_IM","Percentage of children eligible for immunization","HEPB","Hepatitis B",2020,84
"CAN","Canada","PT_CH_ELG_IM","Percentage of children eligible for immunization","HEPB","Hepatitis B",2021,84
"CAN","Canada","PT_CH_ELG_IM","Percentage of children eligible for immunization","HEPB","Hepatitis B",2022,83
"CAN","Canada","PT_CH_ELG_IM","Percentage of children eligible for immunization","HEPB","Hepatitis B",2023,83
"CAN","Canada","PT_CH_ELG_IM","Percentage of children eligible for immunization","HEPB","Hepatitis B",2024,83
"CAN","Canada","PT_POP_Y_GE65","Percentage of population aged 65 years or over","IFLU","Influenza",2010,59.4
"CAN","Canada","PT_POP_Y_GE65","Percentage of population aged 65 years or over","IFLU","Influenza",2011,64.4
"CAN","Canada","PT_POP_Y_GE65","Percentage of population aged 65 years or over","IFLU","Influenza",2012,64.1
"CAN","Canada","PT_POP_Y_GE65","Percentage of population aged 65 years or over","IFLU","Influenza",2013,64.1
"CAN","Canada","PT_POP_Y_GE65","Percentage of population aged 65 years or over","IFLU","Influenza",2014,63.1
"CAN","Canada","PT_POP_Y_GE65","Percentage of population aged 65 years or over","IFLU","Influenza",2015,60.8
"CAN","Canada","PT_POP_Y_GE65","Percentage of population aged 65 years or over","IFLU","Influenza",2016,59.8
"CAN","Canada","PT_POP_Y_GE65","Percentage of population aged 65 years or over","IFLU","Influenza",2017,61.1
"CAN","Canada","PT_POP_Y_GE65","Percentage of population aged 65 years or over","IFLU","Influenza",2018,59
"CAN","Canada","PT_POP_Y_GE65","Percentage of population aged 65 years or over","IFLU","Influenza",2019,60.2
"CAN","Canada","PT_POP_Y_GE65","Percentage of population aged 65 years or over","IFLU","Influenza",2020,64.7
"CAN","Canada","PT_POP_Y_GE65","Percentage of population aged 65 years or over","IFLU","Influenza",2022,62.1
"CAN","Canada","PT_POP_Y_GE65","Percentage of population aged 65 years or over","IFLU","Influenza",2023,67
"CAN","Canada","PT_POP_Y_GE65","Percentage of population aged 65 years or over","IFLU","Influenza",2024,62.9
"CAN","Canada","PT_CH_ELG_IM","Percentage of children eligible for immunization","MEAS","Measles",2012,83
"CAN","Canada","PT_CH_ELG_IM","Percentage of children eligible for immunization","MEAS","Measles",2013,86
"CAN","Canada","PT_CH_ELG_IM","Percentage of children eligible for immunization","MEAS","Measles",2014,86
"CAN","Canada","PT_CH_ELG_IM","Percentage of children eligible for immunization","MEAS","Measles",2015,86
"CAN","Canada","PT_CH_ELG_IM","Percentage of children eligible for immunization","MEAS","Measles",2016,86
"CAN","Canada","PT_CH_ELG_IM","Percentage of children eligible for immunization","MEAS","Measles",2017,87
"CAN","Canada","PT_CH_ELG_IM","Percentage of children eligible for immunization","MEAS","Measles",2018,87
"CAN","Canada","PT_CH_ELG_IM","Percentage of children eligible for immunization","MEAS","Measles",2019,87
"CAN","Canada","PT_CH_ELG_IM","Percentage of children eligible for immunization","MEAS","Measles",2020,83
"CAN","Canada","PT_CH_ELG_IM","Percentage of children eligible for immunization","MEAS","Measles",2021,83
"CAN","Canada","PT_CH_ELG_IM","Percentage of children eligible for immunization","MEAS","Measles",2022,79
"CAN","Canada","PT_CH_ELG_IM","Percentage of children eligible for immunization","MEAS","Measles",2023,79
"CAN","Canada","PT_CH_ELG_IM","Percentage of children eligible for immunization","MEAS","Measles",2024,79
"CHL","Chile","PT_CH_ELG_IM","Percentage of children eligible for immunization","DIPTETPERT","Diphtheria, Tetanus, Pertussis",2010,92.4
"CHL","Chile","PT_CH_ELG_IM","Percentage of children eligible for immunization","DIPTETPERT","Diphtheria, Tetanus, Pertussis",2011,93.7
"CHL","Chile","PT_CH_ELG_IM","Percentage of children eligible for immunization","DIPTETPERT","Diphtheria, Tetanus, Pertussis",2012,89.9
"CHL","Chile","PT_CH_ELG_IM","Percentage of children eligible for immunization","DIPTETPERT","Diphtheria, Tetanus, Pertussis",2013,89.6
"CHL","Chile","PT_CH_ELG_IM","Percentage of children eligible for immunization","DIPTETPERT","Diphtheria, Tetanus, Pertussis",2014,94.7
"CHL","Chile","PT_CH_ELG_IM","Percentage of children eligible for immunization","DIPTETPERT","Diphtheria, Tetanus, Pertussis",2015,96
"CHL","Chile","PT_CH_ELG_IM","Percentage of children eligible for immunization","DIPTETPERT","Diphtheria, Tetanus, Pertussis",2016,94.8
"CHL","Chile","PT_CH_ELG_IM","Percentage of children eligible for immunization","DIPTETPERT","Diphtheria, Tetanus, Pertussis",2017,93
"CHL","Chile","PT_CH_ELG_IM","Percentage of children eligible for immunization","DIPTETPERT","Diphtheria, Tetanus, Pertussis",2018,95
"CHL","Chile","PT_CH_ELG_IM","Percentage of children eligible for immunization","DIPTETPERT","Diphtheria, Tetanus, Pertussis",2019,96
"CHL","Chile","PT_CH_ELG_IM","Percentage of children eligible for immunization","DIPTETPERT","Diphtheria, Tetanus, Pertussis",2020,92.7
"CHL","Chile","PT_CH_ELG_IM","Percentage of children eligible for immunization","DIPTETPERT","Diphtheria, Tetanus, Pertussis",2021,95.1
"CHL","Chile","PT_CH_ELG_IM","Percentage of children eligible for immunization","DIPTETPERT","Diphtheria, Tetanus, Pertussis",2022,95.6
"CHL","Chile","PT_CH_ELG_IM","Percentage of children eligible for immunization","DIPTETPERT","Diphtheria, Tetanus, Pertussis",2023,95.7
"CHL","Chile","PT_CH_ELG_IM","Percentage of children eligible for immunization","DIPTETPERT","Diphtheria, Tetanus, Pertussis",2024,95.2
"CHL","Chile","PT_CH_ELG_IM","Percentage of children eligible for immunization","DIPTETPERT","Diphtheria, Tetanus, Pertussis",2025,95.5
"CHL","Chile","PT_CH_ELG_IM","Percentage of children eligible for immunization","HEPB","Hepatitis B",2010,92.4
"CHL","Chile","PT_CH_ELG_IM","Percentage of children eligible for immunization","HEPB","Hepatitis B",2011,93.7
"CHL","Chile","PT_CH_ELG_IM","Percentage of children eligible for immunization","HEPB","Hepatitis B",2012,89.9
"CHL","Chile","PT_CH_ELG_IM","Percentage of children eligible for immunization","HEPB","Hepatitis B",2013,89.6
"CHL","Chile","PT_CH_ELG_IM","Percentage of children eligible for immunization","HEPB","Hepatitis B",2014,94.7
"CHL","Chile","PT_CH_ELG_IM","Percentage of children eligible for immunization","HEPB","Hepatitis B",2015,96
"CHL","Chile","PT_CH_ELG_IM","Percentage of children eligible for immunization","HEPB","Hepatitis B",2016,94.8
"CHL","Chile","PT_CH_ELG_IM","Percentage of children eligible for immunization","HEPB","Hepatitis B",2017,93
"CHL","Chile","PT_CH_ELG_IM","Percentage of children eligible for immunization","HEPB","Hepatitis B",2018,95
"CHL","Chile","PT_CH_ELG_IM","Percentage of children eligible for immunization","HEPB","Hepatitis B",2019,96
"CHL","Chile","PT_CH_ELG_IM","Percentage of children eligible for immunization","HEPB","Hepatitis B",2020,92.7
"CHL","Chile","PT_CH_ELG_IM","Percentage of children eligible for immunization","HEPB","Hepatitis B",2021,95.1
"CHL","Chile","PT_CH_ELG_IM","Percentage of children eligible for immunization","HEPB","Hepatitis B",2022,95.6
"CHL","Chile","PT_CH_ELG_IM","Percentage of children eligible for immunization","HEPB","Hepatitis B",2023,95.7
"CHL","Chile","PT_CH_ELG_IM","Percentage of children eligible for immunization","HEPB","Hepatitis B",2024,95.2
"CHL","Chile","PT_CH_ELG_IM","Percentage of children eligible for immunization","HEPB","Hepatitis B",2025,95.5
"CHL","Chile","PT_POP_Y_GE65","Percentage of population aged 65 years or over","IFLU","Influenza",2010,57.7
"CHL","Chile","PT_POP_Y_GE65","Percentage of population aged 65 years or over","IFLU","Influenza",2011,62.4
"CHL","Chile","PT_POP_Y_GE65","Percentage of population aged 65 years or over","IFLU","Influenza",2012,73.1
"CHL","Chile","PT_POP_Y_GE65","Percentage of population aged 65 years or over","IFLU","Influenza",2013,76.5
"CHL","Chile","PT_POP_Y_GE65","Percentage of population aged 65 years or over","IFLU","Influenza",2014,74.9
"CHL","Chile","PT_POP_Y_GE65","Percentage of population aged 65 years or over","IFLU","Influenza",2015,55
"CHL","Chile","PT_POP_Y_GE65","Percentage of population aged 65 years or over","IFLU","Influenza",2016,54
"CHL","Chile","PT_POP_Y_GE65","Percentage of population aged 65 years or over","IFLU","Influenza",2017,59
"CHL","Chile","PT_POP_Y_GE65","Percentage of population aged 65 years or over","IFLU","Influenza",2018,64.7
"CHL","Chile","PT_POP_Y_GE65","Percentage of population aged 65 years or over","IFLU","Influenza",2019,68.3
"CHL","Chile","PT_POP_Y_GE65","Percentage of population aged 65 years or over","IFLU","Influenza",2020,84.7
"CHL","Chile","PT_POP_Y_GE65","Percentage of population aged 65 years or over","IFLU","Influenza",2021,73.2
"CHL","Chile","PT_POP_Y_GE65","Percentage of population aged 65 years or over","IFLU","Influenza",2022,70.2
"CHL","Chile","PT_POP_Y_GE65","Percentage of population aged 65 years or over","IFLU","Influenza",2023,65.2
"CHL","Chile","PT_POP_Y_GE65","Percentage of population aged 65 years or over","IFLU","Influenza",2024,64.9
"CHL","Chile","PT_POP_Y_GE65","Percentage of population aged 65 years or over","IFLU","Influenza",2025,62.4
"CHL","Chile","PT_CH_ELG_IM","Percentage of children eligible for immunization","MEAS","Measles",2010,83.7
"CHL","Chile","PT_CH_ELG_IM","Percentage of children eligible for immunization","MEAS","Measles",2011,77
"CHL","Chile","PT_CH_ELG_IM","Percentage of children eligible for immunization","MEAS","Measles",2012,73.7
"CHL","Chile","PT_CH_ELG_IM","Percentage of children eligible for immunization","MEAS","Measles",2013,83.6
"CHL","Chile","PT_CH_ELG_IM","Percentage of children eligible for immunization","MEAS","Measles",2014,87.7
"CHL","Chile","PT_CH_ELG_IM","Percentage of children eligible for immunization","MEAS","Measles",2015,89
"CHL","Chile","PT_CH_ELG_IM","Percentage of children eligible for immunization","MEAS","Measles",2016,87.4
"CHL","Chile","PT_CH_ELG_IM","Percentage of children eligible for immunization","MEAS","Measles",2017,90.3
"CHL","Chile","PT_CH_ELG_IM","Percentage of children eligible for immunization","MEAS","Measles",2018,93
"CHL","Chile","PT_CH_ELG_IM","Percentage of children eligible for immunization","MEAS","Measles",2019,91
"CHL","Chile","PT_CH_ELG_IM","Percentage of children eligible for immunization","MEAS","Measles",2020,83.1
"CHL","Chile","PT_CH_ELG_IM","Percentage of children eligible for immunization","MEAS","Measles",2021,91
"CHL","Chile","PT_CH_ELG_IM","Percentage of children eligible for immunization","MEAS","Measles",2022,81.4
"CHL","Chile","PT_CH_ELG_IM","Percentage of children eligible for immunization","MEAS","Measles",2023,70
"CHL","Chile","PT_CH_ELG_IM","Percentage of children eligible for immunization","MEAS","Measles",2024,72.9
"CHL","Chile","PT_CH_ELG_IM","Percentage of children eligible for immunization","MEAS","Measles",2025,78.2
"CHN","China (People’s Republic of)","PT_CH_ELG_IM","Percentage of children eligible for immunization","DIPTETPERT","Diphtheria, Tetanus, Pertussis",2010,99
"CHN","China (People’s Republic of)","PT_CH_ELG_IM","Percentage of children eligible for immunization","DIPTETPERT","Diphtheria, Tetanus, Pertussis",2011,99.6
"CHN","China (People’s Republic of)","PT_CH_ELG_IM","Percentage of children eligible for immunization","DIPTETPERT","Diphtheria, Tetanus, Pertussis",2012,99
"CHN","China (People’s Republic of)","PT_CH_ELG_IM","Percentage of children eligible for immunization","DIPTETPERT","Diphtheria, Tetanus, Pertussis",2013,99
"CHN","China (People’s Republic of)","PT_CH_ELG_IM","Percentage of children eligible for immunization","DIPTETPERT","Diphtheria, Tetanus, Pertussis",2014,99
"CHN","China (People’s Republic of)","PT_CH_ELG_IM","Percentage of children eligible for immunization","DIPTETPERT","Diphtheria, Tetanus, Pertussis",2015,99
"CHN","China (People’s Republic of)","PT_CH_ELG_IM","Percentage of children eligible for immunization","DIPTETPERT","Diphtheria, Tetanus, Pertussis",2016,99
"CHN","China (People’s Republic of)","PT_CH_ELG_IM","Percentage of children eligible for immunization","DIPTETPERT","Diphtheria, Tetanus, Pertussis",2017,99
"CHN","China (People’s Republic of)","PT_CH_ELG_IM","Percentage of children eligible for immunization","DIPTETPERT","Diphtheria, Tetanus, Pertussis",2018,99.1
"CHN","China (People’s Republic of)","PT_CH_ELG_IM","Percentage of children eligible for immunization","DIPTETPERT","Diphtheria, Tetanus, Pertussis",2019,99.1
"CHN","China (People’s Republic of)","PT_CH_ELG_IM","Percentage of children eligible for immunization","DIPTETPERT","Diphtheria, Tetanus, Pertussis",2020,99.4
"CHN","China (People’s Republic of)","PT_CH_ELG_IM","Percentage of children eligible for immunization","DIPTETPERT","Diphtheria, Tetanus, Pertussis",2021,99.4
"CHN","China (People’s Republic of)","PT_CH_ELG_IM","Percentage of children eligible for immunization","DIPTETPERT","Diphtheria, Tetanus, Pertussis",2022,99.2
"CHN","China (People’s Republic of)","PT_CH_ELG_IM","Percentage of children eligible for immunization","DIPTETPERT","Diphtheria, Tetanus, Pertussis",2023,96.5
"CHN","China (People’s Republic of)","PT_CH_ELG_IM","Percentage of children eligible for immunization","DIPTETPERT","Diphtheria, Tetanus, Pertussis",2024,97
"CHN","China (People’s Republic of)","PT_CH_ELG_IM","Percentage of children eligible for immunization","DIPTETPERT","Diphtheria, Tetanus, Pertussis",2025,96.6
"CHN","China (People’s Republic of)","PT_CH_ELG_IM","Percentage of children eligible for immunization","HEPB","Hepatitis B",2010,99
"CHN","China (People’s Republic of)","PT_CH_ELG_IM","Percentage of children eligible for immunization","HEPB","Hepatitis B",2011,99.6
"CHN","China (People’s Republic of)","PT_CH_ELG_IM","Percentage of children eligible for immunization","HEPB","Hepatitis B",2012,99
"CHN","China (People’s Republic of)","PT_CH_ELG_IM","Percentage of children eligible for immunization","HEPB","Hepatitis B",2013,99
"CHN","China (People’s Republic of)","PT_CH_ELG_IM","Percentage of children eligible for immunization","HEPB","Hepatitis B",2014,99
"CHN","China (People’s Republic of)","PT_CH_ELG_IM","Percentage of children eligible for immunization","HEPB","Hepatitis B",2015,99
"CHN","China (People’s Republic of)","PT_CH_ELG_IM","Percentage of children eligible for immunization","HEPB","Hepatitis B",2016,99.5
"CHN","China (People’s Republic of)","PT_CH_ELG_IM","Percentage of children eligible for immunization","HEPB","Hepatitis B",2017,99
"CHN","China (People’s Republic of)","PT_CH_ELG_IM","Percentage of children eligible for immunization","HEPB","Hepatitis B",2018,99.5
"CHN","China (People’s Republic of)","PT_CH_ELG_IM","Percentage of children eligible for immunization","HEPB","Hepatitis B",2019,99.4
"CHN","China (People’s Republic of)","PT_CH_ELG_IM","Percentage of children eligible for immunization","HEPB","Hepatitis B",2020,99.4
"CHN","China (People’s Republic of)","PT_CH_ELG_IM","Percentage of children eligible for immunization","HEPB","Hepatitis B",2021,99.4
"CHN","China (People’s Republic of)","PT_CH_ELG_IM","Percentage of children eligible for immunization","HEPB","Hepatitis B",2022,99.2
"CHN","China (People’s Republic of)","PT_CH_ELG_IM","Percentage of children eligible for immunization","HEPB","Hepatitis B",2023,96.3
"CHN","China (People’s Republic of)","PT_CH_ELG_IM","Percentage of children eligible for immunization","HEPB","Hepatitis B",2024,96
"CHN","China (People’s Republic of)","PT_CH_ELG_IM","Percentage of children eligible for immunization","HEPB","Hepatitis B",2025,96.3
"CHN","China (People’s Republic of)","PT_CH_ELG_IM","Percentage of children eligible for immunization","MEAS","Measles",2010,99.2
"CHN","China (People’s Republic of)","PT_CH_ELG_IM","Percentage of children eligible for immunization","MEAS","Measles",2011,99.5
"CHN","China (People’s Republic of)","PT_CH_ELG_IM","Percentage of children eligible for immunization","MEAS","Measles",2012,99
"CHN","China (People’s Republic of)","PT_CH_ELG_IM","Percentage of children eligible for immunization","MEAS","Measles",2013,99
"CHN","China (People’s Republic of)","PT_CH_ELG_IM","Percentage of children eligible for immunization","MEAS","Measles",2014,99
"CHN","China (People’s Republic of)","PT_CH_ELG_IM","Percentage of children eligible for immunization","MEAS","Measles",2015,99.4
"CHN","China (People’s Republic of)","PT_CH_ELG_IM","Percentage of children eligible for immunization","MEAS","Measles",2016,99.4
"CHN","China (People’s Republic of)","PT_CH_ELG_IM","Percentage of children eligible for immunization","MEAS","Measles",2017,99.4
"CHN","China (People’s Republic of)","PT_CH_ELG_IM","Percentage of children eligible for immunization","MEAS","Measles",2018,99.2
"CHN","China (People’s Republic of)","PT_CH_ELG_IM","Percentage of children eligible for immunization","MEAS","Measles",2019,98.5
"CHN","China (People’s Republic of)","PT_CH_ELG_IM","Percentage of children eligible for immunization","MEAS","Measles",2020,99
"CHN","China (People’s Republic of)","PT_CH_ELG_IM","Percentage of children eligible for immunization","MEAS","Measles",2021,99.3
"CHN","China (People’s Republic of)","PT_CH_ELG_IM","Percentage of children eligible for immunization","MEAS","Measles",2022,99.1
"CHN","China (People’s Republic of)","PT_CH_ELG_IM","Percentage of children eligible for immunization","MEAS","Measles",2023,94.8
"CHN","China (People’s Republic of)","PT_CH_ELG_IM","Percentage of children eligible for immunization","MEAS","Measles",2024,95.1
"CHN","China (People’s Republic of)","PT_CH_ELG_IM","Percentage of children eligible for immunization","MEAS","Measles",2025,94.3
"COL","Colombia","PT_CH_ELG_IM","Percentage of children eligible for immunization","DIPTETPERT","Diphtheria, Tetanus, Pertussis",2010,88
"COL","Colombia","PT_CH_ELG_IM","Percentage of children eligible for immunization","DIPTETPERT","Diphtheria, Tetanus, Pertussis",2011,85.3
"COL","Colombia","PT_CH_ELG_IM","Percentage of children eligible for immunization","DIPTETPERT","Diphtheria, Tetanus, Pertussis",2012,91.8
"COL","Colombia","PT_CH_ELG_IM","Percentage of children eligible for immunization","DIPTETPERT","Diphtheria, Tetanus, Pertussis",2013,90.8
"COL","Colombia","PT_CH_ELG_IM","Percentage of children eligible for immunization","DIPTETPERT","Diphtheria, Tetanus, Pertussis",2014,90.3
"COL","Colombia","PT_CH_ELG_IM","Percentage of children eligible for immunization","DIPTETPERT","Diphtheria, Tetanus, Pertussis",2015,91.4
"COL","Colombia","PT_CH_ELG_IM","Percentage of children eligible for immunization","DIPTETPERT","Diphtheria, Tetanus, Pertussis",2016,91.3
"COL","Colombia","PT_CH_ELG_IM","Percentage of children eligible for immunization","DIPTETPERT","Diphtheria, Tetanus, Pertussis",2017,91.6
"COL","Colombia","PT_CH_ELG_IM","Percentage of children eligible for immunization","DIPTETPERT","Diphtheria, Tetanus, Pertussis",2018,92
"COL","Colombia","PT_CH_ELG_IM","Percentage of children eligible for immunization","DIPTETPERT","Diphtheria, Tetanus, Pertussis",2019,94
"COL","Colombia","PT_CH_ELG_IM","Percentage of children eligible for immunization","DIPTETPERT","Diphtheria, Tetanus, Pertussis",2020,87.9
"COL","Colombia","PT_CH_ELG_IM","Percentage of children eligible for immunization","DIPTETPERT","Diphtheria, Tetanus, Pertussis",2021,86.5
"COL","Colombia","PT_CH_ELG_IM","Percentage of children eligible for immunization","DIPTETPERT","Diphtheria, Tetanus, Pertussis",2022,87
"COL","Colombia","PT_CH_ELG_IM","Percentage of children eligible for immunization","DIPTETPERT","Diphtheria, Tetanus, Pertussis",2023,90.1
"COL","Colombia","PT_CH_ELG_IM","Percentage of children eligible for immunization","DIPTETPERT","Diphtheria, Tetanus, Pertussis",2024,89.4
"COL","Colombia","PT_CH_ELG_IM","Percentage of children eligible for immunization","DIPTETPERT","Diphtheria, Tetanus, Pertussis",2025,92.4
"COL","Colombia","PT_CH_ELG_IM","Percentage of children eligible for immunization","HEPB","Hepatitis B",2010,88
"COL","Colombia","PT_CH_ELG_IM","Percentage of children eligible for immunization","HEPB","Hepatitis B",2011,85.3
"COL","Colombia","PT_CH_ELG_IM","Percentage of children eligible for immunization","HEPB","Hepatitis B",2012,91.8
"COL","Colombia","PT_CH_ELG_IM","Percentage of children eligible for immunization","HEPB","Hepatitis B",2013,90.8
"COL","Colombia","PT_CH_ELG_IM","Percentage of children eligible for immunization","HEPB","Hepatitis B",2014,90.3
"COL","Colombia","PT_CH_ELG_IM","Percentage of children eligible for immunization","HEPB","Hepatitis B",2015,91.4
"COL","Colombia","PT_CH_ELG_IM","Percentage of children eligible for immunization","HEPB","Hepatitis B",2016,91.3
"COL","Colombia","PT_CH_ELG_IM","Percentage of children eligible for immunization","HEPB","Hepatitis B",2017,91.6
"COL","Colombia","PT_CH_ELG_IM","Percentage of children eligible for immunization","HEPB","Hepatitis B",2018,92
"COL","Colombia","PT_CH_ELG_IM","Percentage of children eligible for immunization","HEPB","Hepatitis B",2019,92
"COL","Colombia","PT_CH_ELG_IM","Percentage of children eligible for immunization","HEPB","Hepatitis B",2020,87.9
"COL","Colombia","PT_CH_ELG_IM","Percentage of children eligible for immunization","HEPB","Hepatitis B",2021,87.9
"COL","Colombia","PT_CH_ELG_IM","Percentage of children eligible for immunization","HEPB","Hepatitis B",2022,87
"COL","Colombia","PT_CH_ELG_IM","Percentage of children eligible for immunization","HEPB","Hepatitis B",2023,90.1
"COL","Colombia","PT_CH_ELG_IM","Percentage of children eligible for immunization","HEPB","Hepatitis B",2024,89.4
"COL","Colombia","PT_CH_ELG_IM","Percentage of children eligible for immunization","HEPB","Hepatitis B",2025,92.4
"COL","Colombia","PT_CH_ELG_IM","Percentage of children eligible for immunization","MEAS","Measles",2010,74
"COL","Colombia","PT_CH_ELG_IM","Percentage of children eligible for immunization","MEAS","Measles",2011,75.8
"COL","Colombia","PT_CH_ELG_IM","Percentage of children eligible for immunization","MEAS","Measles",2012,80
"COL","Colombia","PT_CH_ELG_IM","Percentage of children eligible for immunization","MEAS","Measles",2013,72.3
"COL","Colombia","PT_CH_ELG_IM","Percentage of children eligible for immunization","MEAS","Measles",2014,87.8
"COL","Colombia","PT_CH_ELG_IM","Percentage of children eligible for immunization","MEAS","Measles",2015,85.7
"COL","Colombia","PT_CH_ELG_IM","Percentage of children eligible for immunization","MEAS","Measles",2016,86.7
"COL","Colombia","PT_CH_ELG_IM","Percentage of children eligible for immunization","MEAS","Measles",2017,89
"COL","Colombia","PT_CH_ELG_IM","Percentage of children eligible for immunization","MEAS","Measles",2018,88
"COL","Colombia","PT_CH_ELG_IM","Percentage of children eligible for immunization","MEAS","Measles",2019,89
"COL","Colombia","PT_CH_ELG_IM","Percentage of children eligible for immunization","MEAS","Measles",2020,87.9
"COL","Colombia","PT_CH_ELG_IM","Percentage of children eligible for immunization","MEAS","Measles",2021,85.6
"COL","Colombia","PT_CH_ELG_IM","Percentage of children eligible for immunization","MEAS","Measles",2022,83.7
"COL","Colombia","PT_CH_ELG_IM","Percentage of children eligible for immunization","MEAS","Measles",2023,83.8
"COL","Colombia","PT_CH_ELG_IM","Percentage of children eligible for immunization","MEAS","Measles",2024,86.4
"COL","Colombia","PT_CH_ELG_IM","Percentage of children eligible for immunization","MEAS","Measles",2025,86.3
"CRI","Costa Rica","PT_CH_ELG_IM","Percentage of children eligible for immunization","DIPTETPERT","Diphtheria, Tetanus, Pertussis",2010,91.5
"CRI","Costa Rica","PT_CH_ELG_IM","Percentage of children eligible for immunization","DIPTETPERT","Diphtheria, Tetanus, Pertussis",2011,85
"CRI","Costa Rica","PT_CH_ELG_IM","Percentage of children eligible for immunization","DIPTETPERT","Diphtheria, Tetanus, Pertussis",2012,91
"CRI","Costa Rica","PT_CH_ELG_IM","Percentage of children eligible for immunization","DIPTETPERT","Diphtheria, Tetanus, Pertussis",2013,95.5
"CRI","Costa Rica","PT_CH_ELG_IM","Percentage of children eligible for immunization","DIPTETPERT","Diphtheria, Tetanus, Pertussis",2014,91.4
"CRI","Costa Rica","PT_CH_ELG_IM","Percentage of children eligible for immunization","DIPTETPERT","Diphtheria, Tetanus, Pertussis",2015,93.2
"CRI","Costa Rica","PT_CH_ELG_IM","Percentage of children eligible for immunization","DIPTETPERT","Diphtheria, Tetanus, Pertussis",2016,98.1
"CRI","Costa Rica","PT_CH_ELG_IM","Percentage of children eligible for immunization","DIPTETPERT","Diphtheria, Tetanus, Pertussis",2017,97.2
"CRI","Costa Rica","PT_CH_ELG_IM","Percentage of children eligible for immunization","DIPTETPERT","Diphtheria, Tetanus, Pertussis",2018,95.2
"CRI","Costa Rica","PT_CH_ELG_IM","Percentage of children eligible for immunization","DIPTETPERT","Diphtheria, Tetanus, Pertussis",2019,100
"CRI","Costa Rica","PT_CH_ELG_IM","Percentage of children eligible for immunization","DIPTETPERT","Diphtheria, Tetanus, Pertussis",2020,97
"CRI","Costa Rica","PT_CH_ELG_IM","Percentage of children eligible for immunization","DIPTETPERT","Diphtheria, Tetanus, Pertussis",2021,92.2
"CRI","Costa Rica","PT_CH_ELG_IM","Percentage of children eligible for immunization","DIPTETPERT","Diphtheria, Tetanus, Pertussis",2022,95.2
"CRI","Costa Rica","PT_CH_ELG_IM","Percentage of children eligible for immunization","DIPTETPERT","Diphtheria, Tetanus, Pertussis",2023,98.8
"CRI","Costa Rica","PT_CH_ELG_IM","Percentage of children eligible for immunization","DIPTETPERT","Diphtheria, Tetanus, Pertussis",2024,99.1
"CRI","Costa Rica","PT_CH_ELG_IM","Percentage of children eligible for immunization","DIPTETPERT","Diphtheria, Tetanus, Pertussis",2025,95.9
"CRI","Costa Rica","PT_CH_ELG_IM","Percentage of children eligible for immunization","HEPB","Hepatitis B",2010,91.5
"CRI","Costa Rica","PT_CH_ELG_IM","Percentage of children eligible for immunization","HEPB","Hepatitis B",2011,83.8
"CRI","Costa Rica","PT_CH_ELG_IM","Percentage of children eligible for immunization","HEPB","Hepatitis B",2012,91
"CRI","Costa Rica","PT_CH_ELG_IM","Percentage of children eligible for immunization","HEPB","Hepatitis B",2013,94
"CRI","Costa Rica","PT_CH_ELG_IM","Percentage of children eligible for immunization","HEPB","Hepatitis B",2014,91.8
"CRI","Costa Rica","PT_CH_ELG_IM","Percentage of children eligible for immunization","HEPB","Hepatitis B",2015,92.8
"CRI","Costa Rica","PT_CH_ELG_IM","Percentage of children eligible for immunization","HEPB","Hepatitis B",2016,97.5
"CRI","Costa Rica","PT_CH_ELG_IM","Percentage of children eligible for immunization","HEPB","Hepatitis B",2017,97.4
"CRI","Costa Rica","PT_CH_ELG_IM","Percentage of children eligible for immunization","HEPB","Hepatitis B",2018,99
"CRI","Costa Rica","PT_CH_ELG_IM","Percentage of children eligible for immunization","HEPB","Hepatitis B",2019,94
"CRI","Costa Rica","PT_CH_ELG_IM","Percentage of children eligible for immunization","HEPB","Hepatitis B",2020,91
"CRI","Costa Rica","PT_CH_ELG_IM","Percentage of children eligible for immunization","HEPB","Hepatitis B",2021,87.4
"CRI","Costa Rica","PT_CH_ELG_IM","Percentage of children eligible for immunization","HEPB","Hepatitis B",2022,94.3
"CRI","Costa Rica","PT_CH_ELG_IM","Percentage of children eligible for immunization","HEPB","Hepatitis B",2023,98.1
"CRI","Costa Rica","PT_CH_ELG_IM","Percentage of children eligible for immunization","HEPB","Hepatitis B",2024,98.8
"CRI","Costa Rica","PT_CH_ELG_IM","Percentage of children eligible for immunization","HEPB","Hepatitis B",2025,95.8
"CRI","Costa Rica","PT_POP_Y_GE65","Percentage of population aged 65 years or over","IFLU","Influenza",2010,35.1
"CRI","Costa Rica","PT_POP_Y_GE65","Percentage of population aged 65 years or over","IFLU","Influenza",2011,56.4
"CRI","Costa Rica","PT_POP_Y_GE65","Percentage of population aged 65 years or over","IFLU","Influenza",2012,55
"CRI","Costa Rica","PT_POP_Y_GE65","Percentage of population aged 65 years or over","IFLU","Influenza",2013,92.1
"CRI","Costa Rica","PT_POP_Y_GE65","Percentage of population aged 65 years or over","IFLU","Influenza",2014,64.4
"CRI","Costa Rica","PT_POP_Y_GE65","Percentage of population aged 65 years or over","IFLU","Influenza",2015,66.6
"CRI","Costa Rica","PT_POP_Y_GE65","Percentage of population aged 65 years or over","IFLU","Influenza",2016,74.3
"CRI","Costa Rica","PT_POP_Y_GE65","Percentage of population aged 65 years or over","IFLU","Influenza",2017,67.7
"CRI","Costa Rica","PT_POP_Y_GE65","Percentage of population aged 65 years or over","IFLU","Influenza",2018,64.1
"CRI","Costa Rica","PT_POP_Y_GE65","Percentage of population aged 65 years or over","IFLU","Influenza",2019,58.2
"CRI","Costa Rica","PT_POP_Y_GE65","Percentage of population aged 65 years or over","IFLU","Influenza",2020,71.7
"CRI","Costa Rica","PT_POP_Y_GE65","Percentage of population aged 65 years or over","IFLU","Influenza",2021,66.4
"CRI","Costa Rica","PT_POP_Y_GE65","Percentage of population aged 65 years or over","IFLU","Influenza",2022,59.3
"CRI","Costa Rica","PT_POP_Y_GE65","Percentage of population aged 65 years or over","IFLU","Influenza",2023,57.2
"CRI","Costa Rica","PT_POP_Y_GE65","Percentage of population aged 65 years or over","IFLU","Influenza",2024,50.2
"CRI","Costa Rica","PT_POP_Y_GE65","Percentage of population aged 65 years or over","IFLU","Influenza",2025,51.9
"CRI","Costa Rica","PT_CH_ELG_IM","Percentage of children eligible for immunization","MEAS","Measles",2010,79.1
"CRI","Costa Rica","PT_CH_ELG_IM","Percentage of children eligible for immunization","MEAS","Measles",2011,80
"CRI","Costa Rica","PT_CH_ELG_IM","Percentage of children eligible for immunization","MEAS","Measles",2012,98
"CRI","Costa Rica","PT_CH_ELG_IM","Percentage of children eligible for immunization","MEAS","Measles",2013,91.5
"CRI","Costa Rica","PT_CH_ELG_IM","Percentage of children eligible for immunization","MEAS","Measles",2014,90.1
"CRI","Costa Rica","PT_CH_ELG_IM","Percentage of children eligible for immunization","MEAS","Measles",2015,87
"CRI","Costa Rica","PT_CH_ELG_IM","Percentage of children eligible for immunization","MEAS","Measles",2016,86.8
"CRI","Costa Rica","PT_CH_ELG_IM","Percentage of children eligible for immunization","MEAS","Measles",2017,93
"CRI","Costa Rica","PT_CH_ELG_IM","Percentage of children eligible for immunization","MEAS","Measles",2018,100
"CRI","Costa Rica","PT_CH_ELG_IM","Percentage of children eligible for immunization","MEAS","Measles",2019,102
"CRI","Costa Rica","PT_CH_ELG_IM","Percentage of children eligible for immunization","MEAS","Measles",2020,80.7
"CRI","Costa Rica","PT_CH_ELG_IM","Percentage of children eligible for immunization","MEAS","Measles",2021,68.6
"CRI","Costa Rica","PT_CH_ELG_IM","Percentage of children eligible for immunization","MEAS","Measles",2022,74.5
"CRI","Costa Rica","PT_CH_ELG_IM","Percentage of children eligible for immunization","MEAS","Measles",2023,83.4
"CRI","Costa Rica","PT_CH_ELG_IM","Percentage of children eligible for immunization","MEAS","Measles",2024,87.1
"CRI","Costa Rica","PT_CH_ELG_IM","Percentage of children eligible for immunization","MEAS","Measles",2025,91.7
"HRV","Croatia","PT_CH_ELG_IM","Percentage of children eligible for immunization","DIPTETPERT","Diphtheria, Tetanus, Pertussis",2010,97
"HRV","Croatia","PT_CH_ELG_IM","Percentage of children eligible for immunization","DIPTETPERT","Diphtheria, Tetanus, Pertussis",2011,96.2
"HRV","Croatia","PT_CH_ELG_IM","Percentage of children eligible for immunization","DIPTETPERT","Diphtheria, Tetanus, Pertussis",2012,96
"HRV","Croatia","PT_CH_ELG_IM","Percentage of children eligible for immunization","DIPTETPERT","Diphtheria, Tetanus, Pertussis",2013,95.5
"HRV","Croatia","PT_CH_ELG_IM","Percentage of children eligible for immunization","DIPTETPERT","Diphtheria, Tetanus, Pertussis",2014,95
"HRV","Croatia","PT_CH_ELG_IM","Percentage of children eligible for immunization","DIPTETPERT","Diphtheria, Tetanus, Pertussis",2015,94.1
"HRV","Croatia","PT_CH_ELG_IM","Percentage of children eligible for immunization","DIPTETPERT","Diphtheria, Tetanus, Pertussis",2016,92.8
"HRV","Croatia","PT_CH_ELG_IM","Percentage of children eligible for immunization","DIPTETPERT","Diphtheria, Tetanus, Pertussis",2017,91.9
"HRV","Croatia","PT_CH_ELG_IM","Percentage of children eligible for immunization","DIPTETPERT","Diphtheria, Tetanus, Pertussis",2018,93.3
"HRV","Croatia","PT_CH_ELG_IM","Percentage of children eligible for immunization","DIPTETPERT","Diphtheria, Tetanus, Pertussis",2019,94.4
"HRV","Croatia","PT_CH_ELG_IM","Percentage of children eligible for immunization","DIPTETPERT","Diphtheria, Tetanus, Pertussis",2020,93.7
"HRV","Croatia","PT_CH_ELG_IM","Percentage of children eligible for immunization","DIPTETPERT","Diphtheria, Tetanus, Pertussis",2021,92.1
"HRV","Croatia","PT_CH_ELG_IM","Percentage of children eligible for immunization","DIPTETPERT","Diphtheria, Tetanus, Pertussis",2022,92
"HRV","Croatia","PT_CH_ELG_IM","Percentage of children eligible for immunization","DIPTETPERT","Diphtheria, Tetanus, Pertussis",2023,92.7
"HRV","Croatia","PT_CH_ELG_IM","Percentage of children eligible for immunization","DIPTETPERT","Diphtheria, Tetanus, Pertussis",2024,92.3
"HRV","Croatia","PT_CH_ELG_IM","Percentage of children eligible for immunization","DIPTETPERT","Diphtheria, Tetanus, Pertussis",2025,91.4
"HRV","Croatia","PT_CH_ELG_IM","Percentage of children eligible for immunization","HEPB","Hepatitis B",2010,97
"HRV","Croatia","PT_CH_ELG_IM","Percentage of children eligible for immunization","HEPB","Hepatitis B",2011,97.1
"HRV","Croatia","PT_CH_ELG_IM","Percentage of children eligible for immunization","HEPB","Hepatitis B",2012,96
"HRV","Croatia","PT_CH_ELG_IM","Percentage of children eligible for immunization","HEPB","Hepatitis B",2013,95.8
"HRV","Croatia","PT_CH_ELG_IM","Percentage of children eligible for immunization","HEPB","Hepatitis B",2014,95.2
"HRV","Croatia","PT_CH_ELG_IM","Percentage of children eligible for immunization","HEPB","Hepatitis B",2015,94.2
"HRV","Croatia","PT_CH_ELG_IM","Percentage of children eligible for immunization","HEPB","Hepatitis B",2016,94.6
"HRV","Croatia","PT_CH_ELG_IM","Percentage of children eligible for immunization","HEPB","Hepatitis B",2017,94.1
"HRV","Croatia","PT_CH_ELG_IM","Percentage of children eligible for immunization","HEPB","Hepatitis B",2018,93.4
"HRV","Croatia","PT_CH_ELG_IM","Percentage of children eligible for immunization","HEPB","Hepatitis B",2019,92.9
"HRV","Croatia","PT_CH_ELG_IM","Percentage of children eligible for immunization","HEPB","Hepatitis B",2020,91.4
"HRV","Croatia","PT_CH_ELG_IM","Percentage of children eligible for immunization","HEPB","Hepatitis B",2021,90.3
"HRV","Croatia","PT_CH_ELG_IM","Percentage of children eligible for immunization","HEPB","Hepatitis B",2022,89.8
"HRV","Croatia","PT_CH_ELG_IM","Percentage of children eligible for immunization","HEPB","Hepatitis B",2023,92.2
"HRV","Croatia","PT_CH_ELG_IM","Percentage of children eligible for immunization","HEPB","Hepatitis B",2024,90.9
"HRV","Croatia","PT_CH_ELG_IM","Percentage of children eligible for immunization","HEPB","Hepatitis B",2025,89.7
"HRV","Croatia","PT_POP_Y_GE65","Percentage of population aged 65 years or over","IFLU","Influenza",2010,34
"HRV","Croatia","PT_POP_Y_GE65","Percentage of population aged 65 years or over","IFLU","Influenza",2011,30
"HRV","Croatia","PT_POP_Y_GE65","Percentage of population aged 65 years or over","IFLU","Influenza",2012,23
"HRV","Croatia","PT_POP_Y_GE65","Percentage of population aged 65 years or over","IFLU","Influenza",2013,21
"HRV","Croatia","PT_POP_Y_GE65","Percentage of population aged 65 years or over","IFLU","Influenza",2014,19
"HRV","Croatia","PT_POP_Y_GE65","Percentage of population aged 65 years or over","IFLU","Influenza",2015,21.5
"HRV","Croatia","PT_POP_Y_GE65","Percentage of population aged 65 years or over","IFLU","Influenza",2016,21
"HRV","Croatia","PT_POP_Y_GE65","Percentage of population aged 65 years or over","IFLU","Influenza",2017,23
"HRV","Croatia","PT_POP_Y_GE65","Percentage of population aged 65 years or over","IFLU","Influenza",2018,29
"HRV","Croatia","PT_POP_Y_GE65","Percentage of population aged 65 years or over","IFLU","Influenza",2019,34
"HRV","Croatia","PT_POP_Y_GE65","Percentage of population aged 65 years or over","IFLU","Influenza",2020,39
"HRV","Croatia","PT_POP_Y_GE65","Percentage of population aged 65 years or over","IFLU","Influenza",2021,31
"HRV","Croatia","PT_POP_Y_GE65","Percentage of population aged 65 years or over","IFLU","Influenza",2022,29
"HRV","Croatia","PT_POP_Y_GE65","Percentage of population aged 65 years or over","IFLU","Influenza",2023,28
"HRV","Croatia","PT_POP_Y_GE65","Percentage of population aged 65 years or over","IFLU","Influenza",2024,27
"HRV","Croatia","PT_CH_ELG_IM","Percentage of children eligible for immunization","MEAS","Measles",2010,97.8
"HRV","Croatia","PT_CH_ELG_IM","Percentage of children eligible for immunization","MEAS","Measles",2011,97.9
"HRV","Croatia","PT_CH_ELG_IM","Percentage of children eligible for immunization","MEAS","Measles",2012,97
"HRV","Croatia","PT_CH_ELG_IM","Percentage of children eligible for immunization","MEAS","Measles",2013,97.1
"HRV","Croatia","PT_CH_ELG_IM","Percentage of children eligible for immunization","MEAS","Measles",2014,96.8
"HRV","Croatia","PT_CH_ELG_IM","Percentage of children eligible for immunization","MEAS","Measles",2015,95.9
"HRV","Croatia","PT_CH_ELG_IM","Percentage of children eligible for immunization","MEAS","Measles",2016,96
"HRV","Croatia","PT_CH_ELG_IM","Percentage of children eligible for immunization","MEAS","Measles",2017,95.1
"HRV","Croatia","PT_CH_ELG_IM","Percentage of children eligible for immunization","MEAS","Measles",2018,94.7
"HRV","Croatia","PT_CH_ELG_IM","Percentage of children eligible for immunization","MEAS","Measles",2019,94.7
"HRV","Croatia","PT_CH_ELG_IM","Percentage of children eligible for immunization","MEAS","Measles",2020,91.1
"HRV","Croatia","PT_CH_ELG_IM","Percentage of children eligible for immunization","MEAS","Measles",2021,90.3
"HRV","Croatia","PT_CH_ELG_IM","Percentage of children eligible for immunization","MEAS","Measles",2022,90.4
"HRV","Croatia","PT_CH_ELG_IM","Percentage of children eligible for immunization","MEAS","Measles",2023,90.1
"HRV","Croatia","PT_CH_ELG_IM","Percentage of children eligible for immunization","MEAS","Measles",2024,89.4
"HRV","Croatia","PT_CH_ELG_IM","Percentage of children eligible for immunization","MEAS","Measles",2025,88.5
"CYP","Cyprus","PT_CH_ELG_IM","Percentage of children eligible for immunization","DIPTETPERT","Diphtheria, Tetanus, Pertussis",2010,99
"CYP","Cyprus","PT_CH_ELG_IM","Percentage of children eligible for immunization","DIPTETPERT","Diphtheria, Tetanus, Pertussis",2011,99
"CYP","Cyprus","PT_CH_ELG_IM","Percentage of children eligible for immunization","DIPTETPERT","Diphtheria, Tetanus, Pertussis",2012,99
"CYP","Cyprus","PT_CH_ELG_IM","Percentage of children eligible for immunization","DIPTETPERT","Diphtheria, Tetanus, Pertussis",2013,99
"CYP","Cyprus","PT_CH_ELG_IM","Percentage of children eligible for immunization","DIPTETPERT","Diphtheria, Tetanus, Pertussis",2014,99
"CYP","Cyprus","PT_CH_ELG_IM","Percentage of children eligible for immunization","DIPTETPERT","Diphtheria, Tetanus, Pertussis",2015,97
"CYP","Cyprus","PT_CH_ELG_IM","Percentage of children eligible for immunization","DIPTETPERT","Diphtheria, Tetanus, Pertussis",2016,97
"CYP","Cyprus","PT_CH_ELG_IM","Percentage of children eligible for immunization","DIPTETPERT","Diphtheria, Tetanus, Pertussis",2017,97
"CYP","Cyprus","PT_CH_ELG_IM","Percentage of children eligible for immunization","DIPTETPERT","Diphtheria, Tetanus, Pertussis",2018,99
"CYP","Cyprus","PT_CH_ELG_IM","Percentage of children eligible for immunization","DIPTETPERT","Diphtheria, Tetanus, Pertussis",2019,96
"CYP","Cyprus","PT_CH_ELG_IM","Percentage of children eligible for immunization","DIPTETPERT","Diphtheria, Tetanus, Pertussis",2020,96
"CYP","Cyprus","PT_CH_ELG_IM","Percentage of children eligible for immunization","DIPTETPERT","Diphtheria, Tetanus, Pertussis",2021,96
"CYP","Cyprus","PT_CH_ELG_IM","Percentage of children eligible for immunization","DIPTETPERT","Diphtheria, Tetanus, Pertussis",2022,96
"CYP","Cyprus","PT_CH_ELG_IM","Percentage of children eligible for immunization","DIPTETPERT","Diphtheria, Tetanus, Pertussis",2023,95
"CYP","Cyprus","PT_CH_ELG_IM","Percentage of children eligible for immunization","DIPTETPERT","Diphtheria, Tetanus, Pertussis",2024,93.7
"CYP","Cyprus","PT_CH_ELG_IM","Percentage of children eligible for immunization","DIPTETPERT","Diphtheria, Tetanus, Pertussis",2025,98.4
"CYP","Cyprus","PT_CH_ELG_IM","Percentage of children eligible for immunization","HEPB","Hepatitis B",2010,96
"CYP","Cyprus","PT_CH_ELG_IM","Percentage of children eligible for immunization","HEPB","Hepatitis B",2011,96
"CYP","Cyprus","PT_CH_ELG_IM","Percentage of children eligible for immunization","HEPB","Hepatitis B",2012,96
"CYP","Cyprus","PT_CH_ELG_IM","Percentage of children eligible for immunization","HEPB","Hepatitis B",2013,96
"CYP","Cyprus","PT_CH_ELG_IM","Percentage of children eligible for immunization","HEPB","Hepatitis B",2014,96
"CYP","Cyprus","PT_CH_ELG_IM","Percentage of children eligible for immunization","HEPB","Hepatitis B",2015,97
"CYP","Cyprus","PT_CH_ELG_IM","Percentage of children eligible for immunization","HEPB","Hepatitis B",2016,97
"CYP","Cyprus","PT_CH_ELG_IM","Percentage of children eligible for immunization","HEPB","Hepatitis B",2017,97
"CYP","Cyprus","PT_CH_ELG_IM","Percentage of children eligible for immunization","HEPB","Hepatitis B",2018,97
"CYP","Cyprus","PT_CH_ELG_IM","Percentage of children eligible for immunization","HEPB","Hepatitis B",2019,94
"CYP","Cyprus","PT_CH_ELG_IM","Percentage of children eligible for immunization","HEPB","Hepatitis B",2020,94
"CYP","Cyprus","PT_CH_ELG_IM","Percentage of children eligible for immunization","HEPB","Hepatitis B",2021,94
"CYP","Cyprus","PT_CH_ELG_IM","Percentage of children eligible for immunization","HEPB","Hepatitis B",2022,95
"CYP","Cyprus","PT_CH_ELG_IM","Percentage of children eligible for immunization","HEPB","Hepatitis B",2023,95
"CYP","Cyprus","PT_CH_ELG_IM","Percentage of children eligible for immunization","HEPB","Hepatitis B",2024,93.7
"CYP","Cyprus","PT_CH_ELG_IM","Percentage of children eligible for immunization","HEPB","Hepatitis B",2025,98.4
"CYP","Cyprus","PT_POP_Y_GE65","Percentage of population aged 65 years or over","IFLU","Influenza",2014,32.4
"CYP","Cyprus","PT_POP_Y_GE65","Percentage of population aged 65 years or over","IFLU","Influenza",2019,25.9
"CYP","Cyprus","PT_POP_Y_GE65","Percentage of population aged 65 years or over","IFLU","Influenza",2020,38
"CYP","Cyprus","PT_POP_Y_GE65","Percentage of population aged 65 years or over","IFLU","Influenza",2021,43.3
"CYP","Cyprus","PT_POP_Y_GE65","Percentage of population aged 65 years or over","IFLU","Influenza",2022,42.2
"CYP","Cyprus","PT_POP_Y_GE65","Percentage of population aged 65 years or over","IFLU","Influenza",2023,29.5
"CYP","Cyprus","PT_POP_Y_GE65","Percentage of population aged 65 years or over","IFLU","Influenza",2024,37.3
"CYP","Cyprus","PT_CH_ELG_IM","Percentage of children eligible for immunization","MEAS","Measles",2010,88
"CYP","Cyprus","PT_CH_ELG_IM","Percentage of children eligible for immunization","MEAS","Measles",2011,88
"CYP","Cyprus","PT_CH_ELG_IM","Percentage of children eligible for immunization","MEAS","Measles",2012,88
"CYP","Cyprus","PT_CH_ELG_IM","Percentage of children eligible for immunization","MEAS","Measles",2013,88
"CYP","Cyprus","PT_CH_ELG_IM","Percentage of children eligible for immunization","MEAS","Measles",2014,88
"CYP","Cyprus","PT_CH_ELG_IM","Percentage of children eligible for immunization","MEAS","Measles",2015,88
"CYP","Cyprus","PT_CH_ELG_IM","Percentage of children eligible for immunization","MEAS","Measles",2016,88
"CYP","Cyprus","PT_CH_ELG_IM","Percentage of children eligible for immunization","MEAS","Measles",2017,88
"CYP","Cyprus","PT_CH_ELG_IM","Percentage of children eligible for immunization","MEAS","Measles",2018,88
"CYP","Cyprus","PT_CH_ELG_IM","Percentage of children eligible for immunization","MEAS","Measles",2019,88
"CYP","Cyprus","PT_CH_ELG_IM","Percentage of children eligible for immunization","MEAS","Measles",2020,88
"CYP","Cyprus","PT_CH_ELG_IM","Percentage of children eligible for immunization","MEAS","Measles",2021,88
"CYP","Cyprus","PT_CH_ELG_IM","Percentage of children eligible for immunization","MEAS","Measles",2022,88
"CYP","Cyprus","PT_CH_ELG_IM","Percentage of children eligible for immunization","MEAS","Measles",2023,79.6
"CYP","Cyprus","PT_CH_ELG_IM","Percentage of children eligible for immunization","MEAS","Measles",2024,97
"CYP","Cyprus","PT_CH_ELG_IM","Percentage of children eligible for immunization","MEAS","Measles",2025,97.8
"CZE","Czechia","PT_CH_ELG_IM","Percentage of children eligible for immunization","DIPTETPERT","Diphtheria, Tetanus, Pertussis",2010,99
"CZE","Czechia","PT_CH_ELG_IM","Percentage of children eligible for immunization","DIPTETPERT","Diphtheria, Tetanus, Pertussis",2011,99
"CZE","Czechia","PT_CH_ELG_IM","Percentage of children eligible for immunization","DIPTETPERT","Diphtheria, Tetanus, Pertussis",2012,95.8
"CZE","Czechia","PT_CH_ELG_IM","Percentage of children eligible for immunization","DIPTETPERT","Diphtheria, Tetanus, Pertussis",2013,98
"CZE","Czechia","PT_CH_ELG_IM","Percentage of children eligible for immunization","DIPTETPERT","Diphtheria, Tetanus, Pertussis",2014,97
"CZE","Czechia","PT_CH_ELG_IM","Percentage of children eligible for immunization","DIPTETPERT","Diphtheria, Tetanus, Pertussis",2015,97
"CZE","Czechia","PT_CH_ELG_IM","Percentage of children eligible for immunization","DIPTETPERT","Diphtheria, Tetanus, Pertussis",2016,95.8
"CZE","Czechia","PT_CH_ELG_IM","Percentage of children eligible for immunization","DIPTETPERT","Diphtheria, Tetanus, Pertussis",2017,96
"CZE","Czechia","PT_CH_ELG_IM","Percentage of children eligible for immunization","DIPTETPERT","Diphtheria, Tetanus, Pertussis",2018,97
"CZE","Czechia","PT_CH_ELG_IM","Percentage of children eligible for immunization","DIPTETPERT","Diphtheria, Tetanus, Pertussis",2019,96.7
"CZE","Czechia","PT_CH_ELG_IM","Percentage of children eligible for immunization","DIPTETPERT","Diphtheria, Tetanus, Pertussis",2020,96.8
"CZE","Czechia","PT_CH_ELG_IM","Percentage of children eligible for immunization","DIPTETPERT","Diphtheria, Tetanus, Pertussis",2021,93.7
"CZE","Czechia","PT_CH_ELG_IM","Percentage of children eligible for immunization","DIPTETPERT","Diphtheria, Tetanus, Pertussis",2022,93.7
"CZE","Czechia","PT_CH_ELG_IM","Percentage of children eligible for immunization","DIPTETPERT","Diphtheria, Tetanus, Pertussis",2023,90
"CZE","Czechia","PT_CH_ELG_IM","Percentage of children eligible for immunization","DIPTETPERT","Diphtheria, Tetanus, Pertussis",2024,86
"CZE","Czechia","PT_CH_ELG_IM","Percentage of children eligible for immunization","DIPTETPERT","Diphtheria, Tetanus, Pertussis",2025,96.9
"CZE","Czechia","PT_CH_ELG_IM","Percentage of children eligible for immunization","HEPB","Hepatitis B",2010,99.3
"CZE","Czechia","PT_CH_ELG_IM","Percentage of children eligible for immunization","HEPB","Hepatitis B",2011,99.1
"CZE","Czechia","PT_CH_ELG_IM","Percentage of children eligible for immunization","HEPB","Hepatitis B",2012,99.3
"CZE","Czechia","PT_CH_ELG_IM","Percentage of children eligible for immunization","HEPB","Hepatitis B",2013,99.2
"CZE","Czechia","PT_CH_ELG_IM","Percentage of children eligible for immunization","HEPB","Hepatitis B",2014,99.2
"CZE","Czechia","PT_CH_ELG_IM","Percentage of children eligible for immunization","HEPB","Hepatitis B",2015,97.2
"CZE","Czechia","PT_CH_ELG_IM","Percentage of children eligible for immunization","HEPB","Hepatitis B",2016,95.8
"CZE","Czechia","PT_CH_ELG_IM","Percentage of children eligible for immunization","HEPB","Hepatitis B",2017,94.4
"CZE","Czechia","PT_CH_ELG_IM","Percentage of children eligible for immunization","HEPB","Hepatitis B",2018,96
"CZE","Czechia","PT_CH_ELG_IM","Percentage of children eligible for immunization","HEPB","Hepatitis B",2019,96.7
"CZE","Czechia","PT_CH_ELG_IM","Percentage of children eligible for immunization","HEPB","Hepatitis B",2020,96
"CZE","Czechia","PT_CH_ELG_IM","Percentage of children eligible for immunization","HEPB","Hepatitis B",2021,93.7
"CZE","Czechia","PT_CH_ELG_IM","Percentage of children eligible for immunization","HEPB","Hepatitis B",2022,93.7
"CZE","Czechia","PT_CH_ELG_IM","Percentage of children eligible for immunization","HEPB","Hepatitis B",2023,94
"CZE","Czechia","PT_CH_ELG_IM","Percentage of children eligible for immunization","HEPB","Hepatitis B",2024,86
"CZE","Czechia","PT_CH_ELG_IM","Percentage of children eligible for immunization","HEPB","Hepatitis B",2025,96.9
"CZE","Czechia","PT_POP_Y_GE65","Percentage of population aged 65 years or over","IFLU","Influenza",2010,17.4
"CZE","Czechia","PT_POP_Y_GE65","Percentage of population aged 65 years or over","IFLU","Influenza",2011,17.7
"CZE","Czechia","PT_POP_Y_GE65","Percentage of population aged 65 years or over","IFLU","Influenza",2012,18
"CZE","Czechia","PT_POP_Y_GE65","Percentage of population aged 65 years or over","IFLU","Influenza",2013,19.6
"CZE","Czechia","PT_POP_Y_GE65","Percentage of population aged 65 years or over","IFLU","Influenza",2014,18.8
"CZE","Czechia","PT_POP_Y_GE65","Percentage of population aged 65 years or over","IFLU","Influenza",2015,19.3
"CZE","Czechia","PT_POP_Y_GE65","Percentage of population aged 65 years or over","IFLU","Influenza",2016,20.2
"CZE","Czechia","PT_POP_Y_GE65","Percentage of population aged 65 years or over","IFLU","Influenza",2017,20.3
"CZE","Czechia","PT_POP_Y_GE65","Percentage of population aged 65 years or over","IFLU","Influenza",2018,21.5
"CZE","Czechia","PT_POP_Y_GE65","Percentage of population aged 65 years or over","IFLU","Influenza",2019,22.9
"CZE","Czechia","PT_POP_Y_GE65","Percentage of population aged 65 years or over","IFLU","Influenza",2020,23.9
"CZE","Czechia","PT_POP_Y_GE65","Percentage of population aged 65 years or over","IFLU","Influenza",2021,25.4
"CZE","Czechia","PT_POP_Y_GE65","Percentage of population aged 65 years or over","IFLU","Influenza",2022,24.6
"CZE","Czechia","PT_POP_Y_GE65","Percentage of population aged 65 years or over","IFLU","Influenza",2023,25.4
"CZE","Czechia","PT_POP_Y_GE65","Percentage of population aged 65 years or over","IFLU","Influenza",2024,24.6
"CZE","Czechia","PT_CH_ELG_IM","Percentage of children eligible for immunization","MEAS","Measles",2010,98.3
"CZE","Czechia","PT_CH_ELG_IM","Percentage of children eligible for immunization","MEAS","Measles",2011,98
"CZE","Czechia","PT_CH_ELG_IM","Percentage of children eligible for immunization","MEAS","Measles",2012,98.3
"CZE","Czechia","PT_CH_ELG_IM","Percentage of children eligible for immunization","MEAS","Measles",2013,98.5
"CZE","Czechia","PT_CH_ELG_IM","Percentage of children eligible for immunization","MEAS","Measles",2014,98.5
"CZE","Czechia","PT_CH_ELG_IM","Percentage of children eligible for immunization","MEAS","Measles",2015,98.5
"CZE","Czechia","PT_CH_ELG_IM","Percentage of children eligible for immunization","MEAS","Measles",2016,93.5
"CZE","Czechia","PT_CH_ELG_IM","Percentage of children eligible for immunization","MEAS","Measles",2017,89.6
"CZE","Czechia","PT_CH_ELG_IM","Percentage of children eligible for immunization","MEAS","Measles",2018,83.5
"CZE","Czechia","PT_CH_ELG_IM","Percentage of children eligible for immunization","MEAS","Measles",2019,87
"CZE","Czechia","PT_CH_ELG_IM","Percentage of children eligible for immunization","MEAS","Measles",2020,89.6
"CZE","Czechia","PT_CH_ELG_IM","Percentage of children eligible for immunization","MEAS","Measles",2021,97
"CZE","Czechia","PT_CH_ELG_IM","Percentage of children eligible for immunization","MEAS","Measles",2022,97
"CZE","Czechia","PT_CH_ELG_IM","Percentage of children eligible for immunization","MEAS","Measles",2023,87
"CZE","Czechia","PT_CH_ELG_IM","Percentage of children eligible for immunization","MEAS","Measles",2024,89
"DNK","Denmark","PT_CH_ELG_IM","Percentage of children eligible for immunization","DIPTETPERT","Diphtheria, Tetanus, Pertussis",2010,90
"DNK","Denmark","PT_CH_ELG_IM","Percentage of children eligible for immunization","DIPTETPERT","Diphtheria, Tetanus, Pertussis",2011,91
"DNK","Denmark","PT_CH_ELG_IM","Percentage of children eligible for immunization","DIPTETPERT","Diphtheria, Tetanus, Pertussis",2012,91
"DNK","Denmark","PT_CH_ELG_IM","Percentage of children eligible for immunization","DIPTETPERT","Diphtheria, Tetanus, Pertussis",2013,91
"DNK","Denmark","PT_CH_ELG_IM","Percentage of children eligible for immunization","DIPTETPERT","Diphtheria, Tetanus, Pertussis",2014,91
"DNK","Denmark","PT_CH_ELG_IM","Percentage of children eligible for immunization","DIPTETPERT","Diphtheria, Tetanus, Pertussis",2015,90
"DNK","Denmark","PT_CH_ELG_IM","Percentage of children eligible for immunization","DIPTETPERT","Diphtheria, Tetanus, Pertussis",2016,91
"DNK","Denmark","PT_CH_ELG_IM","Percentage of children eligible for immunization","DIPTETPERT","Diphtheria, Tetanus, Pertussis",2017,95
"DNK","Denmark","PT_CH_ELG_IM","Percentage of children eligible for immunization","DIPTETPERT","Diphtheria, Tetanus, Pertussis",2018,96
"DNK","Denmark","PT_CH_ELG_IM","Percentage of children eligible for immunization","DIPTETPERT","Diphtheria, Tetanus, Pertussis",2019,96
"DNK","Denmark","PT_CH_ELG_IM","Percentage of children eligible for immunization","DIPTETPERT","Diphtheria, Tetanus, Pertussis",2020,96
"DNK","Denmark","PT_CH_ELG_IM","Percentage of children eligible for immunization","DIPTETPERT","Diphtheria, Tetanus, Pertussis",2021,95.8
"DNK","Denmark","PT_CH_ELG_IM","Percentage of children eligible for immunization","DIPTETPERT","Diphtheria, Tetanus, Pertussis",2022,95.8
"DNK","Denmark","PT_CH_ELG_IM","Percentage of children eligible for immunization","DIPTETPERT","Diphtheria, Tetanus, Pertussis",2023,96.3
"DNK","Denmark","PT_CH_ELG_IM","Percentage of children eligible for immunization","DIPTETPERT","Diphtheria, Tetanus, Pertussis",2024,96.3
"DNK","Denmark","PT_CH_ELG_IM","Percentage of children eligible for immunization","DIPTETPERT","Diphtheria, Tetanus, Pertussis",2025,96.2
"DNK","Denmark","PT_POP_Y_GE65","Percentage of population aged 65 years or over","IFLU","Influenza",2010,47
"DNK","Denmark","PT_POP_Y_GE65","Percentage of population aged 65 years or over","IFLU","Influenza",2011,48
"DNK","Denmark","PT_POP_Y_GE65","Percentage of population aged 65 years or over","IFLU","Influenza",2012,48
"DNK","Denmark","PT_POP_Y_GE65","Percentage of population aged 65 years or over","IFLU","Influenza",2013,45
"DNK","Denmark","PT_POP_Y_GE65","Percentage of population aged 65 years or over","IFLU","Influenza",2014,47
"DNK","Denmark","PT_POP_Y_GE65","Percentage of population aged 65 years or over","IFLU","Influenza",2015,45
"DNK","Denmark","PT_POP_Y_GE65","Percentage of population aged 65 years or over","IFLU","Influenza",2016,44
"DNK","Denmark","PT_POP_Y_GE65","Percentage of population aged 65 years or over","IFLU","Influenza",2017,47
"DNK","Denmark","PT_POP_Y_GE65","Percentage of population aged 65 years or over","IFLU","Influenza",2018,50
"DNK","Denmark","PT_POP_Y_GE65","Percentage of population aged 65 years or over","IFLU","Influenza",2019,52
"DNK","Denmark","PT_POP_Y_GE65","Percentage of population aged 65 years or over","IFLU","Influenza",2020,52
"DNK","Denmark","PT_POP_Y_GE65","Percentage of population aged 65 years or over","IFLU","Influenza",2021,75
"DNK","Denmark","PT_POP_Y_GE65","Percentage of population aged 65 years or over","IFLU","Influenza",2022,78
"DNK","Denmark","PT_POP_Y_GE65","Percentage of population aged 65 years or over","IFLU","Influenza",2023,77.5
"DNK","Denmark","PT_POP_Y_GE65","Percentage of population aged 65 years or over","IFLU","Influenza",2024,75.6
"DNK","Denmark","PT_CH_ELG_IM","Percentage of children eligible for immunization","MEAS","Measles",2010,85
"DNK","Denmark","PT_CH_ELG_IM","Percentage of children eligible for immunization","MEAS","Measles",2011,86
"DNK","Denmark","PT_CH_ELG_IM","Percentage of children eligible for immunization","MEAS","Measles",2012,87
"DNK","Denmark","PT_CH_ELG_IM","Percentage of children eligible for immunization","MEAS","Measles",2013,86
"DNK","Denmark","PT_CH_ELG_IM","Percentage of children eligible for immunization","MEAS","Measles",2014,84
"DNK","Denmark","PT_CH_ELG_IM","Percentage of children eligible for immunization","MEAS","Measles",2015,80
"DNK","Denmark","PT_CH_ELG_IM","Percentage of children eligible for immunization","MEAS","Measles",2016,85
"DNK","Denmark","PT_CH_ELG_IM","Percentage of children eligible for immunization","MEAS","Measles",2017,88
"DNK","Denmark","PT_CH_ELG_IM","Percentage of children eligible for immunization","MEAS","Measles",2018,89
"DNK","Denmark","PT_CH_ELG_IM","Percentage of children eligible for immunization","MEAS","Measles",2019,90
"DNK","Denmark","PT_CH_ELG_IM","Percentage of children eligible for immunization","MEAS","Measles",2020,89.6
"DNK","Denmark","PT_CH_ELG_IM","Percentage of children eligible for immunization","MEAS","Measles",2021,93.7
"DNK","Denmark","PT_CH_ELG_IM","Percentage of children eligible for immunization","MEAS","Measles",2022,93.4
"DNK","Denmark","PT_CH_ELG_IM","Percentage of children eligible for immunization","MEAS","Measles",2023,92.8
"DNK","Denmark","PT_CH_ELG_IM","Percentage of children eligible for immunization","MEAS","Measles",2024,93
"DNK","Denmark","PT_CH_ELG_IM","Percentage of children eligible for immunization","MEAS","Measles",2025,93.8
"EST","Estonia","PT_CH_ELG_IM","Percentage of children eligible for immunization","DIPTETPERT","Diphtheria, Tetanus, Pertussis",2010,93.7
"EST","Estonia","PT_CH_ELG_IM","Percentage of children eligible for immunization","DIPTETPERT","Diphtheria, Tetanus, Pertussis",2011,93.4
"EST","Estonia","PT_CH_ELG_IM","Percentage of children eligible for immunization","DIPTETPERT","Diphtheria, Tetanus, Pertussis",2012,94.2
"EST","Estonia","PT_CH_ELG_IM","Percentage of children eligible for immunization","DIPTETPERT","Diphtheria, Tetanus, Pertussis",2013,93.6
"EST","Estonia","PT_CH_ELG_IM","Percentage of children eligible for immunization","DIPTETPERT","Diphtheria, Tetanus, Pertussis",2014,93.3
"EST","Estonia","PT_CH_ELG_IM","Percentage of children eligible for immunization","DIPTETPERT","Diphtheria, Tetanus, Pertussis",2015,93.2
"EST","Estonia","PT_CH_ELG_IM","Percentage of children eligible for immunization","DIPTETPERT","Diphtheria, Tetanus, Pertussis",2016,93.2
"EST","Estonia","PT_CH_ELG_IM","Percentage of children eligible for immunization","DIPTETPERT","Diphtheria, Tetanus, Pertussis",2017,92.8
"EST","Estonia","PT_CH_ELG_IM","Percentage of children eligible for immunization","DIPTETPERT","Diphtheria, Tetanus, Pertussis",2018,91.9
"EST","Estonia","PT_CH_ELG_IM","Percentage of children eligible for immunization","DIPTETPERT","Diphtheria, Tetanus, Pertussis",2019,91.4
"EST","Estonia","PT_CH_ELG_IM","Percentage of children eligible for immunization","DIPTETPERT","Diphtheria, Tetanus, Pertussis",2020,91
"EST","Estonia","PT_CH_ELG_IM","Percentage of children eligible for immunization","DIPTETPERT","Diphtheria, Tetanus, Pertussis",2021,89.5
"EST","Estonia","PT_CH_ELG_IM","Percentage of children eligible for immunization","DIPTETPERT","Diphtheria, Tetanus, Pertussis",2022,85
"EST","Estonia","PT_CH_ELG_IM","Percentage of children eligible for immunization","DIPTETPERT","Diphtheria, Tetanus, Pertussis",2023,74.6
"EST","Estonia","PT_CH_ELG_IM","Percentage of children eligible for immunization","DIPTETPERT","Diphtheria, Tetanus, Pertussis",2024,80.5
"EST","Estonia","PT_CH_ELG_IM","Percentage of children eligible for immunization","HEPB","Hepatitis B",2010,94
"EST","Estonia","PT_CH_ELG_IM","Percentage of children eligible for immunization","HEPB","Hepatitis B",2011,93.7
"EST","Estonia","PT_CH_ELG_IM","Percentage of children eligible for immunization","HEPB","Hepatitis B",2012,94
"EST","Estonia","PT_CH_ELG_IM","Percentage of children eligible for immunization","HEPB","Hepatitis B",2013,93.4
"EST","Estonia","PT_CH_ELG_IM","Percentage of children eligible for immunization","HEPB","Hepatitis B",2014,92.9
"EST","Estonia","PT_CH_ELG_IM","Percentage of children eligible for immunization","HEPB","Hepatitis B",2015,91.3
"EST","Estonia","PT_CH_ELG_IM","Percentage of children eligible for immunization","HEPB","Hepatitis B",2016,92.6
"EST","Estonia","PT_CH_ELG_IM","Percentage of children eligible for immunization","HEPB","Hepatitis B",2017,91.5
"EST","Estonia","PT_CH_ELG_IM","Percentage of children eligible for immunization","HEPB","Hepatitis B",2018,93.2
"EST","Estonia","PT_CH_ELG_IM","Percentage of children eligible for immunization","HEPB","Hepatitis B",2019,90.9
"EST","Estonia","PT_CH_ELG_IM","Percentage of children eligible for immunization","HEPB","Hepatitis B",2020,90.4
"EST","Estonia","PT_CH_ELG_IM","Percentage of children eligible for immunization","HEPB","Hepatitis B",2021,83.6
"EST","Estonia","PT_CH_ELG_IM","Percentage of children eligible for immunization","HEPB","Hepatitis B",2022,85
"EST","Estonia","PT_CH_ELG_IM","Percentage of children eligible for immunization","HEPB","Hepatitis B",2023,72
"EST","Estonia","PT_CH_ELG_IM","Percentage of children eligible for immunization","HEPB","Hepatitis B",2024,80.5
"EST","Estonia","PT_POP_Y_GE65","Percentage of population aged 65 years or over","IFLU","Influenza",2010,1
"EST","Estonia","PT_POP_Y_GE65","Percentage of population aged 65 years or over","IFLU","Influenza",2011,0.9
"EST","Estonia","PT_POP_Y_GE65","Percentage of population aged 65 years or over","IFLU","Influenza",2012,0.9
"EST","Estonia","PT_POP_Y_GE65","Percentage of population aged 65 years or over","IFLU","Influenza",2013,1.1
"EST","Estonia","PT_POP_Y_GE65","Percentage of population aged 65 years or over","IFLU","Influenza",2014,1.4
"EST","Estonia","PT_POP_Y_GE65","Percentage of population aged 65 years or over","IFLU","Influenza",2015,1.6
"EST","Estonia","PT_POP_Y_GE65","Percentage of population aged 65 years or over","IFLU","Influenza",2016,2.8
"EST","Estonia","PT_POP_Y_GE65","Percentage of population aged 65 years or over","IFLU","Influenza",2017,4.8
"EST","Estonia","PT_POP_Y_GE65","Percentage of population aged 65 years or over","IFLU","Influenza",2018,10.2
"EST","Estonia","PT_POP_Y_GE65","Percentage of population aged 65 years or over","IFLU","Influenza",2019,15
"EST","Estonia","PT_POP_Y_GE65","Percentage of population aged 65 years or over","IFLU","Influenza",2020,12
"EST","Estonia","PT_POP_Y_GE65","Percentage of population aged 65 years or over","IFLU","Influenza",2021,23
"EST","Estonia","PT_POP_Y_GE65","Percentage of population aged 65 years or over","IFLU","Influenza",2022,31.5
"EST","Estonia","PT_POP_Y_GE65","Percentage of population aged 65 years or over","IFLU","Influenza",2023,28.5
"EST","Estonia","PT_POP_Y_GE65","Percentage of population aged 65 years or over","IFLU","Influenza",2024,26.7
"EST","Estonia","PT_CH_ELG_IM","Percentage of children eligible for immunization","MEAS","Measles",2010,95.3
"EST","Estonia","PT_CH_ELG_IM","Percentage of children eligible for immunization","MEAS","Measles",2011,94.7
"EST","Estonia","PT_CH_ELG_IM","Percentage of children eligible for immunization","MEAS","Measles",2012,94
"EST","Estonia","PT_CH_ELG_IM","Percentage of children eligible for immunization","MEAS","Measles",2013,92.3
"EST","Estonia","PT_CH_ELG_IM","Percentage of children eligible for immunization","MEAS","Measles",2014,93.3
"EST","Estonia","PT_CH_ELG_IM","Percentage of children eligible for immunization","MEAS","Measles",2015,92.1
"EST","Estonia","PT_CH_ELG_IM","Percentage of children eligible for immunization","MEAS","Measles",2016,91.5
"EST","Estonia","PT_CH_ELG_IM","Percentage of children eligible for immunization","MEAS","Measles",2017,90.6
"EST","Estonia","PT_CH_ELG_IM","Percentage of children eligible for immunization","MEAS","Measles",2018,88.3
"EST","Estonia","PT_CH_ELG_IM","Percentage of children eligible for immunization","MEAS","Measles",2019,89.5
"EST","Estonia","PT_CH_ELG_IM","Percentage of children eligible for immunization","MEAS","Measles",2020,87.1
"EST","Estonia","PT_CH_ELG_IM","Percentage of children eligible for immunization","MEAS","Measles",2021,83.7
"EST","Estonia","PT_CH_ELG_IM","Percentage of children eligible for immunization","MEAS","Measles",2022,67.2
"EST","Estonia","PT_CH_ELG_IM","Percentage of children eligible for immunization","MEAS","Measles",2023,72.9
"EST","Estonia","PT_CH_ELG_IM","Percentage of children eligible for immunization","MEAS","Measles",2024,74.2
"FIN","Finland","PT_CH_ELG_IM","Percentage of children eligible for immunization","DIPTETPERT","Diphtheria, Tetanus, Pertussis",2010,99
"FIN","Finland","PT_CH_ELG_IM","Percentage of children eligible for immunization","DIPTETPERT","Diphtheria, Tetanus, Pertussis",2011,99
"FIN","Finland","PT_CH_ELG_IM","Percentage of children eligible for immunization","DIPTETPERT","Diphtheria, Tetanus, Pertussis",2012,99
"FIN","Finland","PT_CH_ELG_IM","Percentage of children eligible for immunization","DIPTETPERT","Diphtheria, Tetanus, Pertussis",2013,98
"FIN","Finland","PT_CH_ELG_IM","Percentage of children eligible for immunization","DIPTETPERT","Diphtheria, Tetanus, Pertussis",2014,98
"FIN","Finland","PT_CH_ELG_IM","Percentage of children eligible for immunization","DIPTETPERT","Diphtheria, Tetanus, Pertussis",2015,97
"FIN","Finland","PT_CH_ELG_IM","Percentage of children eligible for immunization","DIPTETPERT","Diphtheria, Tetanus, Pertussis",2016,92
"FIN","Finland","PT_CH_ELG_IM","Percentage of children eligible for immunization","DIPTETPERT","Diphtheria, Tetanus, Pertussis",2017,89
"FIN","Finland","PT_CH_ELG_IM","Percentage of children eligible for immunization","DIPTETPERT","Diphtheria, Tetanus, Pertussis",2018,91
"FIN","Finland","PT_CH_ELG_IM","Percentage of children eligible for immunization","DIPTETPERT","Diphtheria, Tetanus, Pertussis",2019,91
"FIN","Finland","PT_CH_ELG_IM","Percentage of children eligible for immunization","DIPTETPERT","Diphtheria, Tetanus, Pertussis",2020,89
"FIN","Finland","PT_CH_ELG_IM","Percentage of children eligible for immunization","DIPTETPERT","Diphtheria, Tetanus, Pertussis",2021,89
"FIN","Finland","PT_CH_ELG_IM","Percentage of children eligible for immunization","DIPTETPERT","Diphtheria, Tetanus, Pertussis",2022,91
"FIN","Finland","PT_CH_ELG_IM","Percentage of children eligible for immunization","DIPTETPERT","Diphtheria, Tetanus, Pertussis",2023,92
"FIN","Finland","PT_CH_ELG_IM","Percentage of children eligible for immunization","DIPTETPERT","Diphtheria, Tetanus, Pertussis",2024,91
"FIN","Finland","PT_CH_ELG_IM","Percentage of children eligible for immunization","DIPTETPERT","Diphtheria, Tetanus, Pertussis",2025,92
"FIN","Finland","PT_POP_Y_GE65","Percentage of population aged 65 years or over","IFLU","Influenza",2010,40.3
"FIN","Finland","PT_POP_Y_GE65","Percentage of population aged 65 years or over","IFLU","Influenza",2011,38.5
"FIN","Finland","PT_POP_Y_GE65","Percentage of population aged 65 years or over","IFLU","Influenza",2012,36.4
"FIN","Finland","PT_POP_Y_GE65","Percentage of population aged 65 years or over","IFLU","Influenza",2013,41
"FIN","Finland","PT_POP_Y_GE65","Percentage of population aged 65 years or over","IFLU","Influenza",2014,40
"FIN","Finland","PT_POP_Y_GE65","Percentage of population aged 65 years or over","IFLU","Influenza",2015,43.1
"FIN","Finland","PT_POP_Y_GE65","Percentage of population aged 65 years or over","IFLU","Influenza",2016,47.4
"FIN","Finland","PT_POP_Y_GE65","Percentage of population aged 65 years or over","IFLU","Influenza",2017,47.7
"FIN","Finland","PT_POP_Y_GE65","Percentage of population aged 65 years or over","IFLU","Influenza",2018,49.6
"FIN","Finland","PT_POP_Y_GE65","Percentage of population aged 65 years or over","IFLU","Influenza",2019,47.3
"FIN","Finland","PT_POP_Y_GE65","Percentage of population aged 65 years or over","IFLU","Influenza",2020,53.7
"FIN","Finland","PT_POP_Y_GE65","Percentage of population aged 65 years or over","IFLU","Influenza",2021,62.7
"FIN","Finland","PT_POP_Y_GE65","Percentage of population aged 65 years or over","IFLU","Influenza",2022,59.5
"FIN","Finland","PT_POP_Y_GE65","Percentage of population aged 65 years or over","IFLU","Influenza",2023,61
"FIN","Finland","PT_POP_Y_GE65","Percentage of population aged 65 years or over","IFLU","Influenza",2024,59
"FIN","Finland","PT_POP_Y_GE65","Percentage of population aged 65 years or over","IFLU","Influenza",2025,60
"FIN","Finland","PT_CH_ELG_IM","Percentage of children eligible for immunization","MEAS","Measles",2016,85
"FIN","Finland","PT_CH_ELG_IM","Percentage of children eligible for immunization","MEAS","Measles",2017,92
"FIN","Finland","PT_CH_ELG_IM","Percentage of children eligible for immunization","MEAS","Measles",2018,93
"FIN","Finland","PT_CH_ELG_IM","Percentage of children eligible for immunization","MEAS","Measles",2019,93
"FIN","Finland","PT_CH_ELG_IM","Percentage of children eligible for immunization","MEAS","Measles",2020,94
"FIN","Finland","PT_CH_ELG_IM","Percentage of children eligible for immunization","MEAS","Measles",2021,93
"FIN","Finland","PT_CH_ELG_IM","Percentage of children eligible for immunization","MEAS","Measles",2022,92
"FIN","Finland","PT_CH_ELG_IM","Percentage of children eligible for immunization","MEAS","Measles",2023,92
"FIN","Finland","PT_CH_ELG_IM","Percentage of children eligible for immunization","MEAS","Measles",2024,91
"FIN","Finland","PT_CH_ELG_IM","Percentage of children eligible for immunization","MEAS","Measles",2025,92
"FRA","France","PT_CH_ELG_IM","Percentage of children eligible for immunization","DIPTETPERT","Diphtheria, Tetanus, Pertussis",2010,99
"FRA","France","PT_CH_ELG_IM","Percentage of children eligible for immunization","DIPTETPERT","Diphtheria, Tetanus, Pertussis",2011,99
"FRA","France","PT_CH_ELG_IM","Percentage of children eligible for immunization","DIPTETPERT","Diphtheria, Tetanus, Pertussis",2012,99
"FRA","France","PT_CH_ELG_IM","Percentage of children eligible for immunization","DIPTETPERT","Diphtheria, Tetanus, Pertussis",2013,98
"FRA","France","PT_CH_ELG_IM","Percentage of children eligible for immunization","DIPTETPERT","Diphtheria, Tetanus, Pertussis",2014,92
"FRA","France","PT_CH_ELG_IM","Percentage of children eligible for immunization","DIPTETPERT","Diphtheria, Tetanus, Pertussis",2015,96
"FRA","France","PT_CH_ELG_IM","Percentage of children eligible for immunization","DIPTETPERT","Diphtheria, Tetanus, Pertussis",2016,95
"FRA","France","PT_CH_ELG_IM","Percentage of children eligible for immunization","DIPTETPERT","Diphtheria, Tetanus, Pertussis",2017,95
"FRA","France","PT_CH_ELG_IM","Percentage of children eligible for immunization","DIPTETPERT","Diphtheria, Tetanus, Pertussis",2018,95
"FRA","France","PT_CH_ELG_IM","Percentage of children eligible for immunization","DIPTETPERT","Diphtheria, Tetanus, Pertussis",2019,95
"FRA","France","PT_CH_ELG_IM","Percentage of children eligible for immunization","DIPTETPERT","Diphtheria, Tetanus, Pertussis",2020,96.4
"FRA","France","PT_CH_ELG_IM","Percentage of children eligible for immunization","DIPTETPERT","Diphtheria, Tetanus, Pertussis",2021,96.4
"FRA","France","PT_CH_ELG_IM","Percentage of children eligible for immunization","DIPTETPERT","Diphtheria, Tetanus, Pertussis",2022,96.4
"FRA","France","PT_CH_ELG_IM","Percentage of children eligible for immunization","DIPTETPERT","Diphtheria, Tetanus, Pertussis",2023,96.3
"FRA","France","PT_CH_ELG_IM","Percentage of children eligible for immunization","DIPTETPERT","Diphtheria, Tetanus, Pertussis",2024,95.6
"FRA","France","PT_CH_ELG_IM","Percentage of children eligible for immunization","DIPTETPERT","Diphtheria, Tetanus, Pertussis",2025,96.4
"FRA","France","PT_CH_ELG_IM","Percentage of children eligible for immunization","HEPB","Hepatitis B",2010,64
"FRA","France","PT_CH_ELG_IM","Percentage of children eligible for immunization","HEPB","Hepatitis B",2011,74
"FRA","France","PT_CH_ELG_IM","Percentage of children eligible for immunization","HEPB","Hepatitis B",2012,78
"FRA","France","PT_CH_ELG_IM","Percentage of children eligible for immunization","HEPB","Hepatitis B",2013,82
"FRA","France","PT_CH_ELG_IM","Percentage of children eligible for immunization","HEPB","Hepatitis B",2014,83
"FRA","France","PT_CH_ELG_IM","Percentage of children eligible for immunization","HEPB","Hepatitis B",2015,88
"FRA","France","PT_CH_ELG_IM","Percentage of children eligible for immunization","HEPB","Hepatitis B",2016,90
"FRA","France","PT_CH_ELG_IM","Percentage of children eligible for immunization","HEPB","Hepatitis B",2017,91
"FRA","France","PT_CH_ELG_IM","Percentage of children eligible for immunization","HEPB","Hepatitis B",2018,90
"FRA","France","PT_CH_ELG_IM","Percentage of children eligible for immunization","HEPB","Hepatitis B",2019,92
"FRA","France","PT_CH_ELG_IM","Percentage of children eligible for immunization","HEPB","Hepatitis B",2020,95
"FRA","France","PT_CH_ELG_IM","Percentage of children eligible for immunization","HEPB","Hepatitis B",2021,96
"FRA","France","PT_CH_ELG_IM","Percentage of children eligible for immunization","HEPB","Hepatitis B",2022,96
"FRA","France","PT_CH_ELG_IM","Percentage of children eligible for immunization","HEPB","Hepatitis B",2023,95.9
"FRA","France","PT_CH_ELG_IM","Percentage of children eligible for immunization","HEPB","Hepatitis B",2024,96.3
"FRA","France","PT_CH_ELG_IM","Percentage of children eligible for immunization","HEPB","Hepatitis B",2025,96.1
"FRA","France","PT_POP_Y_GE65","Percentage of population aged 65 years or over","IFLU","Influenza",2010,63.9
"FRA","France","PT_POP_Y_GE65","Percentage of population aged 65 years or over","IFLU","Influenza",2011,56.2
"FRA","France","PT_POP_Y_GE65","Percentage of population aged 65 years or over","IFLU","Influenza",2012,55.2
"FRA","France","PT_POP_Y_GE65","Percentage of population aged 65 years or over","IFLU","Influenza",2013,53.1
"FRA","France","PT_POP_Y_GE65","Percentage of population aged 65 years or over","IFLU","Influenza",2014,51.9
"FRA","France","PT_POP_Y_GE65","Percentage of population aged 65 years or over","IFLU","Influenza",2015,48.5
"FRA","France","PT_POP_Y_GE65","Percentage of population aged 65 years or over","IFLU","Influenza",2016,50.8
"FRA","France","PT_POP_Y_GE65","Percentage of population aged 65 years or over","IFLU","Influenza",2017,50
"FRA","France","PT_POP_Y_GE65","Percentage of population aged 65 years or over","IFLU","Influenza",2018,49.7
"FRA","France","PT_POP_Y_GE65","Percentage of population aged 65 years or over","IFLU","Influenza",2019,51
"FRA","France","PT_POP_Y_GE65","Percentage of population aged 65 years or over","IFLU","Influenza",2020,52
"FRA","France","PT_POP_Y_GE65","Percentage of population aged 65 years or over","IFLU","Influenza",2021,59.9
"FRA","France","PT_POP_Y_GE65","Percentage of population aged 65 years or over","IFLU","Influenza",2022,56.8
"FRA","France","PT_POP_Y_GE65","Percentage of population aged 65 years or over","IFLU","Influenza",2023,56.2
"FRA","France","PT_POP_Y_GE65","Percentage of population aged 65 years or over","IFLU","Influenza",2024,54
"FRA","France","PT_POP_Y_GE65","Percentage of population aged 65 years or over","IFLU","Influenza",2025,53.7
"FRA","France","PT_CH_ELG_IM","Percentage of children eligible for immunization","MEAS","Measles",2010,61
"FRA","France","PT_CH_ELG_IM","Percentage of children eligible for immunization","MEAS","Measles",2011,67
"FRA","France","PT_CH_ELG_IM","Percentage of children eligible for immunization","MEAS","Measles",2012,72
"FRA","France","PT_CH_ELG_IM","Percentage of children eligible for immunization","MEAS","Measles",2013,75
"FRA","France","PT_CH_ELG_IM","Percentage of children eligible for immunization","MEAS","Measles",2014,77
"FRA","France","PT_CH_ELG_IM","Percentage of children eligible for immunization","MEAS","Measles",2015,79
"FRA","France","PT_CH_ELG_IM","Percentage of children eligible for immunization","MEAS","Measles",2016,80
"FRA","France","PT_CH_ELG_IM","Percentage of children eligible for immunization","MEAS","Measles",2017,80.1
"FRA","France","PT_CH_ELG_IM","Percentage of children eligible for immunization","MEAS","Measles",2018,83
"FRA","France","PT_CH_ELG_IM","Percentage of children eligible for immunization","MEAS","Measles",2019,86
"FRA","France","PT_CH_ELG_IM","Percentage of children eligible for immunization","MEAS","Measles",2020,91
"FRA","France","PT_CH_ELG_IM","Percentage of children eligible for immunization","MEAS","Measles",2021,91
"FRA","France","PT_CH_ELG_IM","Percentage of children eligible for immunization","MEAS","Measles",2022,93
"FRA","France","PT_CH_ELG_IM","Percentage of children eligible for immunization","MEAS","Measles",2023,92.8
"FRA","France","PT_CH_ELG_IM","Percentage of children eligible for immunization","MEAS","Measles",2024,92.6
"FRA","France","PT_CH_ELG_IM","Percentage of children eligible for immunization","MEAS","Measles",2025,92.7
"GEO","Georgia","PT_CH_ELG_IM","Percentage of children eligible for immunization","DIPTETPERT","Diphtheria, Tetanus, Pertussis",2010,92.1
"GEO","Georgia","PT_CH_ELG_IM","Percentage of children eligible for immunization","DIPTETPERT","Diphtheria, Tetanus, Pertussis",2011,94
"GEO","Georgia","PT_CH_ELG_IM","Percentage of children eligible for immunization","DIPTETPERT","Diphtheria, Tetanus, Pertussis",2012,92
"GEO","Georgia","PT_CH_ELG_IM","Percentage of children eligible for immunization","DIPTETPERT","Diphtheria, Tetanus, Pertussis",2013,96
"GEO","Georgia","PT_CH_ELG_IM","Percentage of children eligible for immunization","DIPTETPERT","Diphtheria, Tetanus, Pertussis",2014,90.6
"GEO","Georgia","PT_CH_ELG_IM","Percentage of children eligible for immunization","DIPTETPERT","Diphtheria, Tetanus, Pertussis",2015,93.7
"GEO","Georgia","PT_CH_ELG_IM","Percentage of children eligible for immunization","DIPTETPERT","Diphtheria, Tetanus, Pertussis",2016,92
"GEO","Georgia","PT_CH_ELG_IM","Percentage of children eligible for immunization","DIPTETPERT","Diphtheria, Tetanus, Pertussis",2017,91
"GEO","Georgia","PT_CH_ELG_IM","Percentage of children eligible for immunization","DIPTETPERT","Diphtheria, Tetanus, Pertussis",2018,93
"GEO","Georgia","PT_CH_ELG_IM","Percentage of children eligible for immunization","DIPTETPERT","Diphtheria, Tetanus, Pertussis",2019,94
"GEO","Georgia","PT_CH_ELG_IM","Percentage of children eligible for immunization","DIPTETPERT","Diphtheria, Tetanus, Pertussis",2020,88.1
"GEO","Georgia","PT_CH_ELG_IM","Percentage of children eligible for immunization","DIPTETPERT","Diphtheria, Tetanus, Pertussis",2021,85.3
"GEO","Georgia","PT_CH_ELG_IM","Percentage of children eligible for immunization","DIPTETPERT","Diphtheria, Tetanus, Pertussis",2022,85.4
"GEO","Georgia","PT_CH_ELG_IM","Percentage of children eligible for immunization","DIPTETPERT","Diphtheria, Tetanus, Pertussis",2023,88
"GEO","Georgia","PT_CH_ELG_IM","Percentage of children eligible for immunization","DIPTETPERT","Diphtheria, Tetanus, Pertussis",2024,86
"GEO","Georgia","PT_CH_ELG_IM","Percentage of children eligible for immunization","DIPTETPERT","Diphtheria, Tetanus, Pertussis",2025,85.5
"GEO","Georgia","PT_CH_ELG_IM","Percentage of children eligible for immunization","HEPB","Hepatitis B",2010,95.4
"GEO","Georgia","PT_CH_ELG_IM","Percentage of children eligible for immunization","HEPB","Hepatitis B",2011,89
"GEO","Georgia","PT_CH_ELG_IM","Percentage of children eligible for immunization","HEPB","Hepatitis B",2012,92
"GEO","Georgia","PT_CH_ELG_IM","Percentage of children eligible for immunization","HEPB","Hepatitis B",2013,96
"GEO","Georgia","PT_CH_ELG_IM","Percentage of children eligible for immunization","HEPB","Hepatitis B",2014,90.6
"GEO","Georgia","PT_CH_ELG_IM","Percentage of children eligible for immunization","HEPB","Hepatitis B",2015,89
"GEO","Georgia","PT_CH_ELG_IM","Percentage of children eligible for immunization","HEPB","Hepatitis B",2016,92
"GEO","Georgia","PT_CH_ELG_IM","Percentage of children eligible for immunization","HEPB","Hepatitis B",2017,91
"GEO","Georgia","PT_CH_ELG_IM","Percentage of children eligible for immunization","HEPB","Hepatitis B",2018,93
"GEO","Georgia","PT_CH_ELG_IM","Percentage of children eligible for immunization","HEPB","Hepatitis B",2019,94
"GEO","Georgia","PT_CH_ELG_IM","Percentage of children eligible for immunization","HEPB","Hepatitis B",2020,88.1
"GEO","Georgia","PT_CH_ELG_IM","Percentage of children eligible for immunization","HEPB","Hepatitis B",2021,85.3
"GEO","Georgia","PT_CH_ELG_IM","Percentage of children eligible for immunization","HEPB","Hepatitis B",2022,85.4
"GEO","Georgia","PT_CH_ELG_IM","Percentage of children eligible for immunization","HEPB","Hepatitis B",2023,93
"GEO","Georgia","PT_CH_ELG_IM","Percentage of children eligible for immunization","HEPB","Hepatitis B",2024,90
"GEO","Georgia","PT_CH_ELG_IM","Percentage of children eligible for immunization","HEPB","Hepatitis B",2025,90.5
"GEO","Georgia","PT_CH_ELG_IM","Percentage of children eligible for immunization","MEAS","Measles",2010,83.8
"GEO","Georgia","PT_CH_ELG_IM","Percentage of children eligible for immunization","MEAS","Measles",2011,77.3
"GEO","Georgia","PT_CH_ELG_IM","Percentage of children eligible for immunization","MEAS","Measles",2012,79
"GEO","Georgia","PT_CH_ELG_IM","Percentage of children eligible for immunization","MEAS","Measles",2013,88.7
"GEO","Georgia","PT_CH_ELG_IM","Percentage of children eligible for immunization","MEAS","Measles",2014,86.6
"GEO","Georgia","PT_CH_ELG_IM","Percentage of children eligible for immunization","MEAS","Measles",2015,91
"GEO","Georgia","PT_CH_ELG_IM","Percentage of children eligible for immunization","MEAS","Measles",2016,85
"GEO","Georgia","PT_CH_ELG_IM","Percentage of children eligible for immunization","MEAS","Measles",2017,90
"GEO","Georgia","PT_CH_ELG_IM","Percentage of children eligible for immunization","MEAS","Measles",2018,96
"GEO","Georgia","PT_CH_ELG_IM","Percentage of children eligible for immunization","MEAS","Measles",2019,97
"GEO","Georgia","PT_CH_ELG_IM","Percentage of children eligible for immunization","MEAS","Measles",2020,77.4
"GEO","Georgia","PT_CH_ELG_IM","Percentage of children eligible for immunization","MEAS","Measles",2021,81.3
"GEO","Georgia","PT_CH_ELG_IM","Percentage of children eligible for immunization","MEAS","Measles",2022,78.3
"GEO","Georgia","PT_CH_ELG_IM","Percentage of children eligible for immunization","MEAS","Measles",2023,86
"GEO","Georgia","PT_CH_ELG_IM","Percentage of children eligible for immunization","MEAS","Measles",2024,81
"GEO","Georgia","PT_CH_ELG_IM","Percentage of children eligible for immunization","MEAS","Measles",2025,80
"DEU","Germany","PT_CH_ELG_IM","Percentage of children eligible for immunization","DIPTETPERT","Diphtheria, Tetanus, Pertussis",2010,96
"DEU","Germany","PT_CH_ELG_IM","Percentage of children eligible for immunization","DIPTETPERT","Diphtheria, Tetanus, Pertussis",2011,96
"DEU","Germany","PT_CH_ELG_IM","Percentage of children eligible for immunization","DIPTETPERT","Diphtheria, Tetanus, Pertussis",2012,96
"DEU","Germany","PT_CH_ELG_IM","Percentage of children eligible for immunization","DIPTETPERT","Diphtheria, Tetanus, Pertussis",2013,96
"DEU","Germany","PT_CH_ELG_IM","Percentage of children eligible for immunization","DIPTETPERT","Diphtheria, Tetanus, Pertussis",2014,93
"DEU","Germany","PT_CH_ELG_IM","Percentage of children eligible for immunization","DIPTETPERT","Diphtheria, Tetanus, Pertussis",2015,93
"DEU","Germany","PT_CH_ELG_IM","Percentage of children eligible for immunization","DIPTETPERT","Diphtheria, Tetanus, Pertussis",2016,91
"DEU","Germany","PT_CH_ELG_IM","Percentage of children eligible for immunization","DIPTETPERT","Diphtheria, Tetanus, Pertussis",2017,91
"DEU","Germany","PT_CH_ELG_IM","Percentage of children eligible for immunization","DIPTETPERT","Diphtheria, Tetanus, Pertussis",2018,91
"DEU","Germany","PT_CH_ELG_IM","Percentage of children eligible for immunization","DIPTETPERT","Diphtheria, Tetanus, Pertussis",2019,91
"DEU","Germany","PT_CH_ELG_IM","Percentage of children eligible for immunization","DIPTETPERT","Diphtheria, Tetanus, Pertussis",2020,91
"DEU","Germany","PT_CH_ELG_IM","Percentage of children eligible for immunization","DIPTETPERT","Diphtheria, Tetanus, Pertussis",2021,92
"DEU","Germany","PT_CH_ELG_IM","Percentage of children eligible for immunization","DIPTETPERT","Diphtheria, Tetanus, Pertussis",2022,89.3
"DEU","Germany","PT_CH_ELG_IM","Percentage of children eligible for immunization","DIPTETPERT","Diphtheria, Tetanus, Pertussis",2023,89.3
"DEU","Germany","PT_CH_ELG_IM","Percentage of children eligible for immunization","DIPTETPERT","Diphtheria, Tetanus, Pertussis",2024,89.1
"DEU","Germany","PT_CH_ELG_IM","Percentage of children eligible for immunization","DIPTETPERT","Diphtheria, Tetanus, Pertussis",2025,94.4
"DEU","Germany","PT_CH_ELG_IM","Percentage of children eligible for immunization","HEPB","Hepatitis B",2010,90.3
"DEU","Germany","PT_CH_ELG_IM","Percentage of children eligible for immunization","HEPB","Hepatitis B",2011,86.8
"DEU","Germany","PT_CH_ELG_IM","Percentage of children eligible for immunization","HEPB","Hepatitis B",2012,86.2
"DEU","Germany","PT_CH_ELG_IM","Percentage of children eligible for immunization","HEPB","Hepatitis B",2013,86.9
"DEU","Germany","PT_CH_ELG_IM","Percentage of children eligible for immunization","HEPB","Hepatitis B",2014,88
"DEU","Germany","PT_CH_ELG_IM","Percentage of children eligible for immunization","HEPB","Hepatitis B",2015,88.3
"DEU","Germany","PT_CH_ELG_IM","Percentage of children eligible for immunization","HEPB","Hepatitis B",2016,87.6
"DEU","Germany","PT_CH_ELG_IM","Percentage of children eligible for immunization","HEPB","Hepatitis B",2017,87.3
"DEU","Germany","PT_CH_ELG_IM","Percentage of children eligible for immunization","HEPB","Hepatitis B",2018,86.9
"DEU","Germany","PT_CH_ELG_IM","Percentage of children eligible for immunization","HEPB","Hepatitis B",2019,87.2
"DEU","Germany","PT_CH_ELG_IM","Percentage of children eligible for immunization","HEPB","Hepatitis B",2020,87.4
"DEU","Germany","PT_CH_ELG_IM","Percentage of children eligible for immunization","HEPB","Hepatitis B",2021,87.3
"DEU","Germany","PT_CH_ELG_IM","Percentage of children eligible for immunization","HEPB","Hepatitis B",2022,84.6
"DEU","Germany","PT_CH_ELG_IM","Percentage of children eligible for immunization","HEPB","Hepatitis B",2023,85
"DEU","Germany","PT_CH_ELG_IM","Percentage of children eligible for immunization","HEPB","Hepatitis B",2024,84.9
"DEU","Germany","PT_CH_ELG_IM","Percentage of children eligible for immunization","HEPB","Hepatitis B",2025,90.8
"DEU","Germany","PT_POP_Y_GE65","Percentage of population aged 65 years or over","IFLU","Influenza",2010,51.1
"DEU","Germany","PT_POP_Y_GE65","Percentage of population aged 65 years or over","IFLU","Influenza",2011,46.7
"DEU","Germany","PT_POP_Y_GE65","Percentage of population aged 65 years or over","IFLU","Influenza",2012,44.6
"DEU","Germany","PT_POP_Y_GE65","Percentage of population aged 65 years or over","IFLU","Influenza",2013,39.5
"DEU","Germany","PT_POP_Y_GE65","Percentage of population aged 65 years or over","IFLU","Influenza",2014,40.1
"DEU","Germany","PT_POP_Y_GE65","Percentage of population aged 65 years or over","IFLU","Influenza",2015,38.4
"DEU","Germany","PT_POP_Y_GE65","Percentage of population aged 65 years or over","IFLU","Influenza",2016,37
"DEU","Germany","PT_POP_Y_GE65","Percentage of population aged 65 years or over","IFLU","Influenza",2017,36.5
"DEU","Germany","PT_POP_Y_GE65","Percentage of population aged 65 years or over","IFLU","Influenza",2018,35.5
"DEU","Germany","PT_POP_Y_GE65","Percentage of population aged 65 years or over","IFLU","Influenza",2019,38.3
"DEU","Germany","PT_POP_Y_GE65","Percentage of population aged 65 years or over","IFLU","Influenza",2020,38.8
"DEU","Germany","PT_POP_Y_GE65","Percentage of population aged 65 years or over","IFLU","Influenza",2021,47.3
"DEU","Germany","PT_POP_Y_GE65","Percentage of population aged 65 years or over","IFLU","Influenza",2022,42.8
"DEU","Germany","PT_POP_Y_GE65","Percentage of population aged 65 years or over","IFLU","Influenza",2023,40
"DEU","Germany","PT_POP_Y_GE65","Percentage of population aged 65 years or over","IFLU","Influenza",2024,38.1
"DEU","Germany","PT_POP_Y_GE65","Percentage of population aged 65 years or over","IFLU","Influenza",2025,34.5
"DEU","Germany","PT_CH_ELG_IM","Percentage of children eligible for immunization","MEAS","Measles",2010,90.2
"DEU","Germany","PT_CH_ELG_IM","Percentage of children eligible for immunization","MEAS","Measles",2011,91.5
"DEU","Germany","PT_CH_ELG_IM","Percentage of children eligible for immunization","MEAS","Measles",2012,92.1
"DEU","Germany","PT_CH_ELG_IM","Percentage of children eligible for immunization","MEAS","Measles",2013,92.4
"DEU","Germany","PT_CH_ELG_IM","Percentage of children eligible for immunization","MEAS","Measles",2014,92.6
"DEU","Germany","PT_CH_ELG_IM","Percentage of children eligible for immunization","MEAS","Measles",2015,92.8
"DEU","Germany","PT_CH_ELG_IM","Percentage of children eligible for immunization","MEAS","Measles",2016,92.8
"DEU","Germany","PT_CH_ELG_IM","Percentage of children eligible for immunization","MEAS","Measles",2017,92.9
"DEU","Germany","PT_CH_ELG_IM","Percentage of children eligible for immunization","MEAS","Measles",2018,92.8
"DEU","Germany","PT_CH_ELG_IM","Percentage of children eligible for immunization","MEAS","Measles",2019,93.1
"DEU","Germany","PT_CH_ELG_IM","Percentage of children eligible for immunization","MEAS","Measles",2020,92.7
"DEU","Germany","PT_CH_ELG_IM","Percentage of children eligible for immunization","MEAS","Measles",2021,93.2
"DEU","Germany","PT_CH_ELG_IM","Percentage of children eligible for immunization","MEAS","Measles",2022,90.4
"DEU","Germany","PT_CH_ELG_IM","Percentage of children eligible for immunization","MEAS","Measles",2023,91
"DEU","Germany","PT_CH_ELG_IM","Percentage of children eligible for immunization","MEAS","Measles",2024,91.6
"DEU","Germany","PT_CH_ELG_IM","Percentage of children eligible for immunization","MEAS","Measles",2025,91.6
"GRC","Greece","PT_CH_ELG_IM","Percentage of children eligible for immunization","DIPTETPERT","Diphtheria, Tetanus, Pertussis",2010,99
"GRC","Greece","PT_CH_ELG_IM","Percentage of children eligible for immunization","DIPTETPERT","Diphtheria, Tetanus, Pertussis",2011,99
"GRC","Greece","PT_CH_ELG_IM","Percentage of children eligible for immunization","DIPTETPERT","Diphtheria, Tetanus, Pertussis",2012,99
"GRC","Greece","PT_CH_ELG_IM","Percentage of children eligible for immunization","DIPTETPERT","Diphtheria, Tetanus, Pertussis",2013,99
"GRC","Greece","PT_CH_ELG_IM","Percentage of children eligible for immunization","DIPTETPERT","Diphtheria, Tetanus, Pertussis",2014,99
"GRC","Greece","PT_CH_ELG_IM","Percentage of children eligible for immunization","DIPTETPERT","Diphtheria, Tetanus, Pertussis",2015,99
"GRC","Greece","PT_CH_ELG_IM","Percentage of children eligible for immunization","DIPTETPERT","Diphtheria, Tetanus, Pertussis",2016,99
"GRC","Greece","PT_CH_ELG_IM","Percentage of children eligible for immunization","DIPTETPERT","Diphtheria, Tetanus, Pertussis",2017,99
"GRC","Greece","PT_CH_ELG_IM","Percentage of children eligible for immunization","DIPTETPERT","Diphtheria, Tetanus, Pertussis",2018,99
"GRC","Greece","PT_CH_ELG_IM","Percentage of children eligible for immunization","DIPTETPERT","Diphtheria, Tetanus, Pertussis",2019,99
"GRC","Greece","PT_CH_ELG_IM","Percentage of children eligible for immunization","DIPTETPERT","Diphtheria, Tetanus, Pertussis",2020,99
"GRC","Greece","PT_CH_ELG_IM","Percentage of children eligible for immunization","DIPTETPERT","Diphtheria, Tetanus, Pertussis",2021,99
"GRC","Greece","PT_CH_ELG_IM","Percentage of children eligible for immunization","DIPTETPERT","Diphtheria, Tetanus, Pertussis",2022,98
"GRC","Greece","PT_CH_ELG_IM","Percentage of children eligible for immunization","DIPTETPERT","Diphtheria, Tetanus, Pertussis",2023,95
"GRC","Greece","PT_CH_ELG_IM","Percentage of children eligible for immunization","DIPTETPERT","Diphtheria, Tetanus, Pertussis",2024,95.4
"GRC","Greece","PT_CH_ELG_IM","Percentage of children eligible for immunization","DIPTETPERT","Diphtheria, Tetanus, Pertussis",2025,93.7
"GRC","Greece","PT_CH_ELG_IM","Percentage of children eligible for immunization","HEPB","Hepatitis B",2010,95
"GRC","Greece","PT_CH_ELG_IM","Percentage of children eligible for immunization","HEPB","Hepatitis B",2011,95
"GRC","Greece","PT_CH_ELG_IM","Percentage of children eligible for immunization","HEPB","Hepatitis B",2012,98
"GRC","Greece","PT_CH_ELG_IM","Percentage of children eligible for immunization","HEPB","Hepatitis B",2013,98
"GRC","Greece","PT_CH_ELG_IM","Percentage of children eligible for immunization","HEPB","Hepatitis B",2014,96
"GRC","Greece","PT_CH_ELG_IM","Percentage of children eligible for immunization","HEPB","Hepatitis B",2015,96
"GRC","Greece","PT_CH_ELG_IM","Percentage of children eligible for immunization","HEPB","Hepatitis B",2016,96
"GRC","Greece","PT_CH_ELG_IM","Percentage of children eligible for immunization","HEPB","Hepatitis B",2017,96
"GRC","Greece","PT_CH_ELG_IM","Percentage of children eligible for immunization","HEPB","Hepatitis B",2018,96
"GRC","Greece","PT_CH_ELG_IM","Percentage of children eligible for immunization","HEPB","Hepatitis B",2019,96
"GRC","Greece","PT_CH_ELG_IM","Percentage of children eligible for immunization","HEPB","Hepatitis B",2020,96
"GRC","Greece","PT_CH_ELG_IM","Percentage of children eligible for immunization","HEPB","Hepatitis B",2021,96
"GRC","Greece","PT_CH_ELG_IM","Percentage of children eligible for immunization","HEPB","Hepatitis B",2022,96
"GRC","Greece","PT_CH_ELG_IM","Percentage of children eligible for immunization","HEPB","Hepatitis B",2023,96
"GRC","Greece","PT_CH_ELG_IM","Percentage of children eligible for immunization","HEPB","Hepatitis B",2024,91.9
"GRC","Greece","PT_CH_ELG_IM","Percentage of children eligible for immunization","HEPB","Hepatitis B",2025,90.4
"GRC","Greece","PT_POP_Y_GE65","Percentage of population aged 65 years or over","IFLU","Influenza",2014,48.9
"GRC","Greece","PT_POP_Y_GE65","Percentage of population aged 65 years or over","IFLU","Influenza",2018,51
"GRC","Greece","PT_POP_Y_GE65","Percentage of population aged 65 years or over","IFLU","Influenza",2019,59.6
"GRC","Greece","PT_POP_Y_GE65","Percentage of population aged 65 years or over","IFLU","Influenza",2020,74.4
"GRC","Greece","PT_POP_Y_GE65","Percentage of population aged 65 years or over","IFLU","Influenza",2021,66.2
"GRC","Greece","PT_POP_Y_GE65","Percentage of population aged 65 years or over","IFLU","Influenza",2022,66
"GRC","Greece","PT_POP_Y_GE65","Percentage of population aged 65 years or over","IFLU","Influenza",2023,64.7
"GRC","Greece","PT_POP_Y_GE65","Percentage of population aged 65 years or over","IFLU","Influenza",2024,59.9
"GRC","Greece","PT_CH_ELG_IM","Percentage of children eligible for immunization","MEAS","Measles",2010,77
"GRC","Greece","PT_CH_ELG_IM","Percentage of children eligible for immunization","MEAS","Measles",2011,77
"GRC","Greece","PT_CH_ELG_IM","Percentage of children eligible for immunization","MEAS","Measles",2012,83
"GRC","Greece","PT_CH_ELG_IM","Percentage of children eligible for immunization","MEAS","Measles",2013,83
"GRC","Greece","PT_CH_ELG_IM","Percentage of children eligible for immunization","MEAS","Measles",2014,83
"GRC","Greece","PT_CH_ELG_IM","Percentage of children eligible for immunization","MEAS","Measles",2015,83
"GRC","Greece","PT_CH_ELG_IM","Percentage of children eligible for immunization","MEAS","Measles",2016,83
"GRC","Greece","PT_CH_ELG_IM","Percentage of children eligible for immunization","MEAS","Measles",2017,83
"GRC","Greece","PT_CH_ELG_IM","Percentage of children eligible for immunization","MEAS","Measles",2018,83
"GRC","Greece","PT_CH_ELG_IM","Percentage of children eligible for immunization","MEAS","Measles",2019,83
"GRC","Greece","PT_CH_ELG_IM","Percentage of children eligible for immunization","MEAS","Measles",2020,75
"GRC","Greece","PT_CH_ELG_IM","Percentage of children eligible for immunization","MEAS","Measles",2021,73
"GRC","Greece","PT_CH_ELG_IM","Percentage of children eligible for immunization","MEAS","Measles",2022,72
"GRC","Greece","PT_CH_ELG_IM","Percentage of children eligible for immunization","MEAS","Measles",2023,71
"GRC","Greece","PT_CH_ELG_IM","Percentage of children eligible for immunization","MEAS","Measles",2024,87.1
"GRC","Greece","PT_CH_ELG_IM","Percentage of children eligible for immunization","MEAS","Measles",2025,82.6
"HUN","Hungary","PT_CH_ELG_IM","Percentage of children eligible for immunization","DIPTETPERT","Diphtheria, Tetanus, Pertussis",2010,99.9
"HUN","Hungary","PT_CH_ELG_IM","Percentage of children eligible for immunization","DIPTETPERT","Diphtheria, Tetanus, Pertussis",2011,99.8
"HUN","Hungary","PT_CH_ELG_IM","Percentage of children eligible for immunization","DIPTETPERT","Diphtheria, Tetanus, Pertussis",2012,99.9
"HUN","Hungary","PT_CH_ELG_IM","Percentage of children eligible for immunization","DIPTETPERT","Diphtheria, Tetanus, Pertussis",2013,99.8
"HUN","Hungary","PT_CH_ELG_IM","Percentage of children eligible for immunization","DIPTETPERT","Diphtheria, Tetanus, Pertussis",2014,99.9
"HUN","Hungary","PT_CH_ELG_IM","Percentage of children eligible for immunization","DIPTETPERT","Diphtheria, Tetanus, Pertussis",2015,99.8
"HUN","Hungary","PT_CH_ELG_IM","Percentage of children eligible for immunization","DIPTETPERT","Diphtheria, Tetanus, Pertussis",2016,99.8
"HUN","Hungary","PT_CH_ELG_IM","Percentage of children eligible for immunization","DIPTETPERT","Diphtheria, Tetanus, Pertussis",2017,99.9
"HUN","Hungary","PT_CH_ELG_IM","Percentage of children eligible for immunization","DIPTETPERT","Diphtheria, Tetanus, Pertussis",2018,99.9
"HUN","Hungary","PT_CH_ELG_IM","Percentage of children eligible for immunization","DIPTETPERT","Diphtheria, Tetanus, Pertussis",2019,99.9
"HUN","Hungary","PT_CH_ELG_IM","Percentage of children eligible for immunization","DIPTETPERT","Diphtheria, Tetanus, Pertussis",2020,99.9
"HUN","Hungary","PT_CH_ELG_IM","Percentage of children eligible for immunization","DIPTETPERT","Diphtheria, Tetanus, Pertussis",2021,99.9
"HUN","Hungary","PT_CH_ELG_IM","Percentage of children eligible for immunization","DIPTETPERT","Diphtheria, Tetanus, Pertussis",2022,99.9
"HUN","Hungary","PT_CH_ELG_IM","Percentage of children eligible for immunization","DIPTETPERT","Diphtheria, Tetanus, Pertussis",2023,99.9
"HUN","Hungary","PT_CH_ELG_IM","Percentage of children eligible for immunization","DIPTETPERT","Diphtheria, Tetanus, Pertussis",2024,99.9
"HUN","Hungary","PT_CH_ELG_IM","Percentage of children eligible for immunization","DIPTETPERT","Diphtheria, Tetanus, Pertussis",2025,99.7
"HUN","Hungary","PT_POP_Y_GE65","Percentage of population aged 65 years or over","IFLU","Influenza",2010,31.6
"HUN","Hungary","PT_POP_Y_GE65","Percentage of population aged 65 years or over","IFLU","Influenza",2011,29.7
"HUN","Hungary","PT_POP_Y_GE65","Percentage of population aged 65 years or over","IFLU","Influenza",2012,31.3
"HUN","Hungary","PT_POP_Y_GE65","Percentage of population aged 65 years or over","IFLU","Influenza",2013,30.9
"HUN","Hungary","PT_POP_Y_GE65","Percentage of population aged 65 years or over","IFLU","Influenza",2014,29
"HUN","Hungary","PT_POP_Y_GE65","Percentage of population aged 65 years or over","IFLU","Influenza",2015,27.1
"HUN","Hungary","PT_POP_Y_GE65","Percentage of population aged 65 years or over","IFLU","Influenza",2016,26
"HUN","Hungary","PT_POP_Y_GE65","Percentage of population aged 65 years or over","IFLU","Influenza",2017,24
"HUN","Hungary","PT_POP_Y_GE65","Percentage of population aged 65 years or over","IFLU","Influenza",2018,26.8
"HUN","Hungary","PT_POP_Y_GE65","Percentage of population aged 65 years or over","IFLU","Influenza",2019,24.1
"HUN","Hungary","PT_POP_Y_GE65","Percentage of population aged 65 years or over","IFLU","Influenza",2020,23.6
"HUN","Hungary","PT_POP_Y_GE65","Percentage of population aged 65 years or over","IFLU","Influenza",2021,30.5
"HUN","Hungary","PT_POP_Y_GE65","Percentage of population aged 65 years or over","IFLU","Influenza",2022,22.3
"HUN","Hungary","PT_POP_Y_GE65","Percentage of population aged 65 years or over","IFLU","Influenza",2023,22.4
"HUN","Hungary","PT_POP_Y_GE65","Percentage of population aged 65 years or over","IFLU","Influenza",2024,19.5
"HUN","Hungary","PT_POP_Y_GE65","Percentage of population aged 65 years or over","IFLU","Influenza",2025,17.4
"HUN","Hungary","PT_CH_ELG_IM","Percentage of children eligible for immunization","MEAS","Measles",2010,99.5
"HUN","Hungary","PT_CH_ELG_IM","Percentage of children eligible for immunization","MEAS","Measles",2011,99.5
"HUN","Hungary","PT_CH_ELG_IM","Percentage of children eligible for immunization","MEAS","Measles",2012,99.5
"HUN","Hungary","PT_CH_ELG_IM","Percentage of children eligible for immunization","MEAS","Measles",2013,99.5
"HUN","Hungary","PT_CH_ELG_IM","Percentage of children eligible for immunization","MEAS","Measles",2014,99.5
"HUN","Hungary","PT_CH_ELG_IM","Percentage of children eligible for immunization","MEAS","Measles",2015,99.6
"HUN","Hungary","PT_CH_ELG_IM","Percentage of children eligible for immunization","MEAS","Measles",2016,99.7
"HUN","Hungary","PT_CH_ELG_IM","Percentage of children eligible for immunization","MEAS","Measles",2017,99.9
"HUN","Hungary","PT_CH_ELG_IM","Percentage of children eligible for immunization","MEAS","Measles",2018,99.7
"HUN","Hungary","PT_CH_ELG_IM","Percentage of children eligible for immunization","MEAS","Measles",2019,99.8
"HUN","Hungary","PT_CH_ELG_IM","Percentage of children eligible for immunization","MEAS","Measles",2020,99.3
"HUN","Hungary","PT_CH_ELG_IM","Percentage of children eligible for immunization","MEAS","Measles",2021,99.5
"HUN","Hungary","PT_CH_ELG_IM","Percentage of children eligible for immunization","MEAS","Measles",2022,99.7
"HUN","Hungary","PT_CH_ELG_IM","Percentage of children eligible for immunization","MEAS","Measles",2023,99.7
"HUN","Hungary","PT_CH_ELG_IM","Percentage of children eligible for immunization","MEAS","Measles",2024,99.4
"HUN","Hungary","PT_CH_ELG_IM","Percentage of children eligible for immunization","MEAS","Measles",2025,99.3
"ISL","Iceland","PT_CH_ELG_IM","Percentage of children eligible for immunization","DIPTETPERT","Diphtheria, Tetanus, Pertussis",2010,96
"ISL","Iceland","PT_CH_ELG_IM","Percentage of children eligible for immunization","DIPTETPERT","Diphtheria, Tetanus, Pertussis",2011,95.4
"ISL","Iceland","PT_CH_ELG_IM","Percentage of children eligible for immunization","DIPTETPERT","Diphtheria, Tetanus, Pertussis",2012,89
"ISL","Iceland","PT_CH_ELG_IM","Percentage of children eligible for immunization","DIPTETPERT","Diphtheria, Tetanus, Pertussis",2013,91.2
"ISL","Iceland","PT_CH_ELG_IM","Percentage of children eligible for immunization","DIPTETPERT","Diphtheria, Tetanus, Pertussis",2014,90
"ISL","Iceland","PT_CH_ELG_IM","Percentage of children eligible for immunization","DIPTETPERT","Diphtheria, Tetanus, Pertussis",2015,92
"ISL","Iceland","PT_CH_ELG_IM","Percentage of children eligible for immunization","DIPTETPERT","Diphtheria, Tetanus, Pertussis",2016,87
"ISL","Iceland","PT_CH_ELG_IM","Percentage of children eligible for immunization","DIPTETPERT","Diphtheria, Tetanus, Pertussis",2017,91
"ISL","Iceland","PT_CH_ELG_IM","Percentage of children eligible for immunization","DIPTETPERT","Diphtheria, Tetanus, Pertussis",2018,91
"ISL","Iceland","PT_CH_ELG_IM","Percentage of children eligible for immunization","DIPTETPERT","Diphtheria, Tetanus, Pertussis",2019,92.6
"ISL","Iceland","PT_CH_ELG_IM","Percentage of children eligible for immunization","DIPTETPERT","Diphtheria, Tetanus, Pertussis",2020,93.4
"ISL","Iceland","PT_CH_ELG_IM","Percentage of children eligible for immunization","DIPTETPERT","Diphtheria, Tetanus, Pertussis",2021,92
"ISL","Iceland","PT_CH_ELG_IM","Percentage of children eligible for immunization","DIPTETPERT","Diphtheria, Tetanus, Pertussis",2022,92.2
"ISL","Iceland","PT_CH_ELG_IM","Percentage of children eligible for immunization","DIPTETPERT","Diphtheria, Tetanus, Pertussis",2023,92.4
"ISL","Iceland","PT_CH_ELG_IM","Percentage of children eligible for immunization","DIPTETPERT","Diphtheria, Tetanus, Pertussis",2024,94
"ISL","Iceland","PT_CH_ELG_IM","Percentage of children eligible for immunization","DIPTETPERT","Diphtheria, Tetanus, Pertussis",2025,90.2
"ISL","Iceland","PT_POP_Y_GE65","Percentage of population aged 65 years or over","IFLU","Influenza",2015,43
"ISL","Iceland","PT_POP_Y_GE65","Percentage of population aged 65 years or over","IFLU","Influenza",2016,47
"ISL","Iceland","PT_POP_Y_GE65","Percentage of population aged 65 years or over","IFLU","Influenza",2017,45
"ISL","Iceland","PT_POP_Y_GE65","Percentage of population aged 65 years or over","IFLU","Influenza",2018,49.4
"ISL","Iceland","PT_POP_Y_GE65","Percentage of population aged 65 years or over","IFLU","Influenza",2019,47.5
"ISL","Iceland","PT_POP_Y_GE65","Percentage of population aged 65 years or over","IFLU","Influenza",2020,54.6
"ISL","Iceland","PT_POP_Y_GE65","Percentage of population aged 65 years or over","IFLU","Influenza",2021,60.4
"ISL","Iceland","PT_POP_Y_GE65","Percentage of population aged 65 years or over","IFLU","Influenza",2022,60
"ISL","Iceland","PT_POP_Y_GE65","Percentage of population aged 65 years or over","IFLU","Influenza",2023,52.3
"ISL","Iceland","PT_POP_Y_GE65","Percentage of population aged 65 years or over","IFLU","Influenza",2024,51.6
"ISL","Iceland","PT_POP_Y_GE65","Percentage of population aged 65 years or over","IFLU","Influenza",2025,56.8
"ISL","Iceland","PT_CH_ELG_IM","Percentage of children eligible for immunization","MEAS","Measles",2010,92
"ISL","Iceland","PT_CH_ELG_IM","Percentage of children eligible for immunization","MEAS","Measles",2011,90.2
"ISL","Iceland","PT_CH_ELG_IM","Percentage of children eligible for immunization","MEAS","Measles",2012,97
"ISL","Iceland","PT_CH_ELG_IM","Percentage of children eligible for immunization","MEAS","Measles",2013,94.2
"ISL","Iceland","PT_CH_ELG_IM","Percentage of children eligible for immunization","MEAS","Measles",2014,93
"ISL","Iceland","PT_CH_ELG_IM","Percentage of children eligible for immunization","MEAS","Measles",2015,94
"ISL","Iceland","PT_CH_ELG_IM","Percentage of children eligible for immunization","MEAS","Measles",2016,95
"ISL","Iceland","PT_CH_ELG_IM","Percentage of children eligible for immunization","MEAS","Measles",2017,95
"ISL","Iceland","PT_CH_ELG_IM","Percentage of children eligible for immunization","MEAS","Measles",2018,95
"ISL","Iceland","PT_CH_ELG_IM","Percentage of children eligible for immunization","MEAS","Measles",2019,93.6
"ISL","Iceland","PT_CH_ELG_IM","Percentage of children eligible for immunization","MEAS","Measles",2020,93.1
"ISL","Iceland","PT_CH_ELG_IM","Percentage of children eligible for immunization","MEAS","Measles",2021,89
"ISL","Iceland","PT_CH_ELG_IM","Percentage of children eligible for immunization","MEAS","Measles",2022,79.8
"ISL","Iceland","PT_CH_ELG_IM","Percentage of children eligible for immunization","MEAS","Measles",2023,89.5
"ISL","Iceland","PT_CH_ELG_IM","Percentage of children eligible for immunization","MEAS","Measles",2024,98
"ISL","Iceland","PT_CH_ELG_IM","Percentage of children eligible for immunization","MEAS","Measles",2025,92.6
"IND","India","PT_CH_ELG_IM","Percentage of children eligible for immunization","DIPTETPERT","Diphtheria, Tetanus, Pertussis",2010,91
"IND","India","PT_CH_ELG_IM","Percentage of children eligible for immunization","DIPTETPERT","Diphtheria, Tetanus, Pertussis",2011,89
"IND","India","PT_CH_ELG_IM","Percentage of children eligible for immunization","DIPTETPERT","Diphtheria, Tetanus, Pertussis",2012,84
"IND","India","PT_CH_ELG_IM","Percentage of children eligible for immunization","DIPTETPERT","Diphtheria, Tetanus, Pertussis",2013,75
"IND","India","PT_CH_ELG_IM","Percentage of children eligible for immunization","DIPTETPERT","Diphtheria, Tetanus, Pertussis",2014,85
"IND","India","PT_CH_ELG_IM","Percentage of children eligible for immunization","DIPTETPERT","Diphtheria, Tetanus, Pertussis",2015,87.4
"IND","India","PT_CH_ELG_IM","Percentage of children eligible for immunization","DIPTETPERT","Diphtheria, Tetanus, Pertussis",2016,88.5
"IND","India","PT_CH_ELG_IM","Percentage of children eligible for immunization","DIPTETPERT","Diphtheria, Tetanus, Pertussis",2017,89.3
"IND","India","PT_CH_ELG_IM","Percentage of children eligible for immunization","DIPTETPERT","Diphtheria, Tetanus, Pertussis",2018,99
"IND","India","PT_CH_ELG_IM","Percentage of children eligible for immunization","DIPTETPERT","Diphtheria, Tetanus, Pertussis",2019,90.6
"IND","India","PT_CH_ELG_IM","Percentage of children eligible for immunization","DIPTETPERT","Diphtheria, Tetanus, Pertussis",2020,85.2
"IND","India","PT_CH_ELG_IM","Percentage of children eligible for immunization","DIPTETPERT","Diphtheria, Tetanus, Pertussis",2021,85.3
"IND","India","PT_CH_ELG_IM","Percentage of children eligible for immunization","DIPTETPERT","Diphtheria, Tetanus, Pertussis",2022,93.4
"IND","India","PT_CH_ELG_IM","Percentage of children eligible for immunization","DIPTETPERT","Diphtheria, Tetanus, Pertussis",2023,90.7
"IND","India","PT_CH_ELG_IM","Percentage of children eligible for immunization","DIPTETPERT","Diphtheria, Tetanus, Pertussis",2024,94
"IND","India","PT_CH_ELG_IM","Percentage of children eligible for immunization","DIPTETPERT","Diphtheria, Tetanus, Pertussis",2025,94.6
"IND","India","PT_CH_ELG_IM","Percentage of children eligible for immunization","HEPB","Hepatitis B",2010,38
"IND","India","PT_CH_ELG_IM","Percentage of children eligible for immunization","HEPB","Hepatitis B",2011,44
"IND","India","PT_CH_ELG_IM","Percentage of children eligible for immunization","HEPB","Hepatitis B",2012,73
"IND","India","PT_CH_ELG_IM","Percentage of children eligible for immunization","HEPB","Hepatitis B",2013,70
"IND","India","PT_CH_ELG_IM","Percentage of children eligible for immunization","HEPB","Hepatitis B",2014,79
"IND","India","PT_CH_ELG_IM","Percentage of children eligible for immunization","HEPB","Hepatitis B",2015,87
"IND","India","PT_CH_ELG_IM","Percentage of children eligible for immunization","HEPB","Hepatitis B",2016,88.2
"IND","India","PT_CH_ELG_IM","Percentage of children eligible for immunization","HEPB","Hepatitis B",2017,89.3
"IND","India","PT_CH_ELG_IM","Percentage of children eligible for immunization","HEPB","Hepatitis B",2018,99
"IND","India","PT_CH_ELG_IM","Percentage of children eligible for immunization","HEPB","Hepatitis B",2019,90.6
"IND","India","PT_CH_ELG_IM","Percentage of children eligible for immunization","HEPB","Hepatitis B",2020,85.2
"IND","India","PT_CH_ELG_IM","Percentage of children eligible for immunization","HEPB","Hepatitis B",2021,85.3
"IND","India","PT_CH_ELG_IM","Percentage of children eligible for immunization","HEPB","Hepatitis B",2022,93.4
"IND","India","PT_CH_ELG_IM","Percentage of children eligible for immunization","HEPB","Hepatitis B",2023,90.7
"IND","India","PT_CH_ELG_IM","Percentage of children eligible for immunization","HEPB","Hepatitis B",2024,94
"IND","India","PT_CH_ELG_IM","Percentage of children eligible for immunization","HEPB","Hepatitis B",2025,94.6
"IND","India","PT_CH_ELG_IM","Percentage of children eligible for immunization","MEAS","Measles",2011,27
"IND","India","PT_CH_ELG_IM","Percentage of children eligible for immunization","MEAS","Measles",2012,36
"IND","India","PT_CH_ELG_IM","Percentage of children eligible for immunization","MEAS","Measles",2013,51
"IND","India","PT_CH_ELG_IM","Percentage of children eligible for immunization","MEAS","Measles",2014,60
"IND","India","PT_CH_ELG_IM","Percentage of children eligible for immunization","MEAS","Measles",2015,69
"IND","India","PT_CH_ELG_IM","Percentage of children eligible for immunization","MEAS","Measles",2016,76.5
"IND","India","PT_CH_ELG_IM","Percentage of children eligible for immunization","MEAS","Measles",2017,79.6
"IND","India","PT_CH_ELG_IM","Percentage of children eligible for immunization","MEAS","Measles",2018,81.9
"IND","India","PT_CH_ELG_IM","Percentage of children eligible for immunization","MEAS","Measles",2019,84
"IND","India","PT_CH_ELG_IM","Percentage of children eligible for immunization","MEAS","Measles",2020,80.9
"IND","India","PT_CH_ELG_IM","Percentage of children eligible for immunization","MEAS","Measles",2021,82.3
"IND","India","PT_CH_ELG_IM","Percentage of children eligible for immunization","MEAS","Measles",2022,90.5
"IND","India","PT_CH_ELG_IM","Percentage of children eligible for immunization","MEAS","Measles",2023,89.8
"IND","India","PT_CH_ELG_IM","Percentage of children eligible for immunization","MEAS","Measles",2024,92
"IND","India","PT_CH_ELG_IM","Percentage of children eligible for immunization","MEAS","Measles",2025,94.7
"IDN","Indonesia","PT_CH_ELG_IM","Percentage of children eligible for immunization","DIPTETPERT","Diphtheria, Tetanus, Pertussis",2010,95
"IDN","Indonesia","PT_CH_ELG_IM","Percentage of children eligible for immunization","DIPTETPERT","Diphtheria, Tetanus, Pertussis",2011,95
"IDN","Indonesia","PT_CH_ELG_IM","Percentage of children eligible for immunization","DIPTETPERT","Diphtheria, Tetanus, Pertussis",2012,100
"IDN","Indonesia","PT_CH_ELG_IM","Percentage of children eligible for immunization","DIPTETPERT","Diphtheria, Tetanus, Pertussis",2013,99
"IDN","Indonesia","PT_CH_ELG_IM","Percentage of children eligible for immunization","DIPTETPERT","Diphtheria, Tetanus, Pertussis",2014,92.1
"IDN","Indonesia","PT_CH_ELG_IM","Percentage of children eligible for immunization","DIPTETPERT","Diphtheria, Tetanus, Pertussis",2015,93.1
"IDN","Indonesia","PT_CH_ELG_IM","Percentage of children eligible for immunization","DIPTETPERT","Diphtheria, Tetanus, Pertussis",2016,93.3
"IDN","Indonesia","PT_CH_ELG_IM","Percentage of children eligible for immunization","DIPTETPERT","Diphtheria, Tetanus, Pertussis",2017,93.5
"IDN","Indonesia","PT_CH_ELG_IM","Percentage of children eligible for immunization","DIPTETPERT","Diphtheria, Tetanus, Pertussis",2018,92.6
"IDN","Indonesia","PT_CH_ELG_IM","Percentage of children eligible for immunization","DIPTETPERT","Diphtheria, Tetanus, Pertussis",2019,96.5
"IDN","Indonesia","PT_CH_ELG_IM","Percentage of children eligible for immunization","DIPTETPERT","Diphtheria, Tetanus, Pertussis",2020,87
"IDN","Indonesia","PT_CH_ELG_IM","Percentage of children eligible for immunization","DIPTETPERT","Diphtheria, Tetanus, Pertussis",2021,80.1
"IDN","Indonesia","PT_CH_ELG_IM","Percentage of children eligible for immunization","DIPTETPERT","Diphtheria, Tetanus, Pertussis",2022,100
"IDN","Indonesia","PT_CH_ELG_IM","Percentage of children eligible for immunization","DIPTETPERT","Diphtheria, Tetanus, Pertussis",2023,88
"IDN","Indonesia","PT_CH_ELG_IM","Percentage of children eligible for immunization","DIPTETPERT","Diphtheria, Tetanus, Pertussis",2024,80.2
"IDN","Indonesia","PT_CH_ELG_IM","Percentage of children eligible for immunization","DIPTETPERT","Diphtheria, Tetanus, Pertussis",2025,79.6
"IDN","Indonesia","PT_CH_ELG_IM","Percentage of children eligible for immunization","HEPB","Hepatitis B",2010,95
"IDN","Indonesia","PT_CH_ELG_IM","Percentage of children eligible for immunization","HEPB","Hepatitis B",2011,95
"IDN","Indonesia","PT_CH_ELG_IM","Percentage of children eligible for immunization","HEPB","Hepatitis B",2012,100
"IDN","Indonesia","PT_CH_ELG_IM","Percentage of children eligible for immunization","HEPB","Hepatitis B",2013,99
"IDN","Indonesia","PT_CH_ELG_IM","Percentage of children eligible for immunization","HEPB","Hepatitis B",2014,94.6
"IDN","Indonesia","PT_CH_ELG_IM","Percentage of children eligible for immunization","HEPB","Hepatitis B",2015,93.1
"IDN","Indonesia","PT_CH_ELG_IM","Percentage of children eligible for immunization","HEPB","Hepatitis B",2016,93.3
"IDN","Indonesia","PT_CH_ELG_IM","Percentage of children eligible for immunization","HEPB","Hepatitis B",2017,93.5
"IDN","Indonesia","PT_CH_ELG_IM","Percentage of children eligible for immunization","HEPB","Hepatitis B",2018,92.6
"IDN","Indonesia","PT_CH_ELG_IM","Percentage of children eligible for immunization","HEPB","Hepatitis B",2019,96.5
"IDN","Indonesia","PT_CH_ELG_IM","Percentage of children eligible for immunization","HEPB","Hepatitis B",2020,87
"IDN","Indonesia","PT_CH_ELG_IM","Percentage of children eligible for immunization","HEPB","Hepatitis B",2021,80.1
"IDN","Indonesia","PT_CH_ELG_IM","Percentage of children eligible for immunization","HEPB","Hepatitis B",2022,100
"IDN","Indonesia","PT_CH_ELG_IM","Percentage of children eligible for immunization","HEPB","Hepatitis B",2023,88
"IDN","Indonesia","PT_CH_ELG_IM","Percentage of children eligible for immunization","HEPB","Hepatitis B",2024,80.2
"IDN","Indonesia","PT_CH_ELG_IM","Percentage of children eligible for immunization","HEPB","Hepatitis B",2025,79.6
"IDN","Indonesia","PT_CH_ELG_IM","Percentage of children eligible for immunization","MEAS","Measles",2010,90
"IDN","Indonesia","PT_CH_ELG_IM","Percentage of children eligible for immunization","MEAS","Measles",2011,90
"IDN","Indonesia","PT_CH_ELG_IM","Percentage of children eligible for immunization","MEAS","Measles",2012,92
"IDN","Indonesia","PT_CH_ELG_IM","Percentage of children eligible for immunization","MEAS","Measles",2013,93
"IDN","Indonesia","PT_CH_ELG_IM","Percentage of children eligible for immunization","MEAS","Measles",2014,27.8
"IDN","Indonesia","PT_CH_ELG_IM","Percentage of children eligible for immunization","MEAS","Measles",2015,30.8
"IDN","Indonesia","PT_CH_ELG_IM","Percentage of children eligible for immunization","MEAS","Measles",2016,56
"IDN","Indonesia","PT_CH_ELG_IM","Percentage of children eligible for immunization","MEAS","Measles",2017,62.8
"IDN","Indonesia","PT_CH_ELG_IM","Percentage of children eligible for immunization","MEAS","Measles",2018,67.5
"IDN","Indonesia","PT_CH_ELG_IM","Percentage of children eligible for immunization","MEAS","Measles",2019,72.7
"IDN","Indonesia","PT_CH_ELG_IM","Percentage of children eligible for immunization","MEAS","Measles",2020,64.7
"IDN","Indonesia","PT_CH_ELG_IM","Percentage of children eligible for immunization","MEAS","Measles",2021,60.5
"IDN","Indonesia","PT_CH_ELG_IM","Percentage of children eligible for immunization","MEAS","Measles",2022,98.4
"IDN","Indonesia","PT_CH_ELG_IM","Percentage of children eligible for immunization","MEAS","Measles",2023,78
"IDN","Indonesia","PT_CH_ELG_IM","Percentage of children eligible for immunization","MEAS","Measles",2024,82.3
"IDN","Indonesia","PT_CH_ELG_IM","Percentage of children eligible for immunization","MEAS","Measles",2025,78.1
"IRL","Ireland","PT_CH_ELG_IM","Percentage of children eligible for immunization","DIPTETPERT","Diphtheria, Tetanus, Pertussis",2010,94
"IRL","Ireland","PT_CH_ELG_IM","Percentage of children eligible for immunization","DIPTETPERT","Diphtheria, Tetanus, Pertussis",2011,95
"IRL","Ireland","PT_CH_ELG_IM","Percentage of children eligible for immunization","DIPTETPERT","Diphtheria, Tetanus, Pertussis",2012,95.5
"IRL","Ireland","PT_CH_ELG_IM","Percentage of children eligible for immunization","DIPTETPERT","Diphtheria, Tetanus, Pertussis",2013,95.5
"IRL","Ireland","PT_CH_ELG_IM","Percentage of children eligible for immunization","DIPTETPERT","Diphtheria, Tetanus, Pertussis",2014,95.5
"IRL","Ireland","PT_CH_ELG_IM","Percentage of children eligible for immunization","DIPTETPERT","Diphtheria, Tetanus, Pertussis",2015,95.2
"IRL","Ireland","PT_CH_ELG_IM","Percentage of children eligible for immunization","DIPTETPERT","Diphtheria, Tetanus, Pertussis",2016,95
"IRL","Ireland","PT_CH_ELG_IM","Percentage of children eligible for immunization","DIPTETPERT","Diphtheria, Tetanus, Pertussis",2017,94.8
"IRL","Ireland","PT_CH_ELG_IM","Percentage of children eligible for immunization","DIPTETPERT","Diphtheria, Tetanus, Pertussis",2018,94.5
"IRL","Ireland","PT_CH_ELG_IM","Percentage of children eligible for immunization","DIPTETPERT","Diphtheria, Tetanus, Pertussis",2019,93.5
"IRL","Ireland","PT_CH_ELG_IM","Percentage of children eligible for immunization","DIPTETPERT","Diphtheria, Tetanus, Pertussis",2020,94.2
"IRL","Ireland","PT_CH_ELG_IM","Percentage of children eligible for immunization","DIPTETPERT","Diphtheria, Tetanus, Pertussis",2021,93.5
"IRL","Ireland","PT_CH_ELG_IM","Percentage of children eligible for immunization","DIPTETPERT","Diphtheria, Tetanus, Pertussis",2022,92.7
"IRL","Ireland","PT_CH_ELG_IM","Percentage of children eligible for immunization","DIPTETPERT","Diphtheria, Tetanus, Pertussis",2023,92.5
"IRL","Ireland","PT_CH_ELG_IM","Percentage of children eligible for immunization","DIPTETPERT","Diphtheria, Tetanus, Pertussis",2024,91.9
"IRL","Ireland","PT_CH_ELG_IM","Percentage of children eligible for immunization","DIPTETPERT","Diphtheria, Tetanus, Pertussis",2025,90.1
"IRL","Ireland","PT_CH_ELG_IM","Percentage of children eligible for immunization","HEPB","Hepatitis B",2010,94
"IRL","Ireland","PT_CH_ELG_IM","Percentage of children eligible for immunization","HEPB","Hepatitis B",2011,95
"IRL","Ireland","PT_CH_ELG_IM","Percentage of children eligible for immunization","HEPB","Hepatitis B",2012,95.1
"IRL","Ireland","PT_CH_ELG_IM","Percentage of children eligible for immunization","HEPB","Hepatitis B",2013,95
"IRL","Ireland","PT_CH_ELG_IM","Percentage of children eligible for immunization","HEPB","Hepatitis B",2014,95.5
"IRL","Ireland","PT_CH_ELG_IM","Percentage of children eligible for immunization","HEPB","Hepatitis B",2015,95.2
"IRL","Ireland","PT_CH_ELG_IM","Percentage of children eligible for immunization","HEPB","Hepatitis B",2016,95
"IRL","Ireland","PT_CH_ELG_IM","Percentage of children eligible for immunization","HEPB","Hepatitis B",2017,94.7
"IRL","Ireland","PT_CH_ELG_IM","Percentage of children eligible for immunization","HEPB","Hepatitis B",2018,94.4
"IRL","Ireland","PT_CH_ELG_IM","Percentage of children eligible for immunization","HEPB","Hepatitis B",2019,93.4
"IRL","Ireland","PT_CH_ELG_IM","Percentage of children eligible for immunization","HEPB","Hepatitis B",2020,94.1
"IRL","Ireland","PT_CH_ELG_IM","Percentage of children eligible for immunization","HEPB","Hepatitis B",2021,93.5
"IRL","Ireland","PT_CH_ELG_IM","Percentage of children eligible for immunization","HEPB","Hepatitis B",2022,92.7
"IRL","Ireland","PT_CH_ELG_IM","Percentage of children eligible for immunization","HEPB","Hepatitis B",2023,92.5
"IRL","Ireland","PT_CH_ELG_IM","Percentage of children eligible for immunization","HEPB","Hepatitis B",2024,91.9
"IRL","Ireland","PT_CH_ELG_IM","Percentage of children eligible for immunization","HEPB","Hepatitis B",2025,90
"IRL","Ireland","PT_POP_Y_GE65","Percentage of population aged 65 years or over","IFLU","Influenza",2010,53.8
"IRL","Ireland","PT_POP_Y_GE65","Percentage of population aged 65 years or over","IFLU","Influenza",2011,63.8
"IRL","Ireland","PT_POP_Y_GE65","Percentage of population aged 65 years or over","IFLU","Influenza",2012,56.9
"IRL","Ireland","PT_POP_Y_GE65","Percentage of population aged 65 years or over","IFLU","Influenza",2013,56.9
"IRL","Ireland","PT_POP_Y_GE65","Percentage of population aged 65 years or over","IFLU","Influenza",2014,59.4
"IRL","Ireland","PT_POP_Y_GE65","Percentage of population aged 65 years or over","IFLU","Influenza",2015,60.2
"IRL","Ireland","PT_POP_Y_GE65","Percentage of population aged 65 years or over","IFLU","Influenza",2016,55.4
"IRL","Ireland","PT_POP_Y_GE65","Percentage of population aged 65 years or over","IFLU","Influenza",2017,54.5
"IRL","Ireland","PT_POP_Y_GE65","Percentage of population aged 65 years or over","IFLU","Influenza",2018,57.6
"IRL","Ireland","PT_POP_Y_GE65","Percentage of population aged 65 years or over","IFLU","Influenza",2019,68.5
"IRL","Ireland","PT_POP_Y_GE65","Percentage of population aged 65 years or over","IFLU","Influenza",2020,58.9
"IRL","Ireland","PT_POP_Y_GE65","Percentage of population aged 65 years or over","IFLU","Influenza",2021,70.5
"IRL","Ireland","PT_POP_Y_GE65","Percentage of population aged 65 years or over","IFLU","Influenza",2022,75.4
"IRL","Ireland","PT_POP_Y_GE65","Percentage of population aged 65 years or over","IFLU","Influenza",2023,72.8
"IRL","Ireland","PT_POP_Y_GE65","Percentage of population aged 65 years or over","IFLU","Influenza",2024,75.7
"IRL","Ireland","PT_POP_Y_GE65","Percentage of population aged 65 years or over","IFLU","Influenza",2025,74.7
"IRL","Ireland","PT_CH_ELG_IM","Percentage of children eligible for immunization","MEAS","Measles",2014,90
"IRL","Ireland","PT_CH_ELG_IM","Percentage of children eligible for immunization","MEAS","Measles",2015,91.3
"IRL","Ireland","PT_CH_ELG_IM","Percentage of children eligible for immunization","MEAS","Measles",2016,90
"IRL","Ireland","PT_CH_ELG_IM","Percentage of children eligible for immunization","MEAS","Measles",2017,85.7
"IRL","Ireland","PT_CH_ELG_IM","Percentage of children eligible for immunization","MEAS","Measles",2018,88.3
"IRL","Ireland","PT_CH_ELG_IM","Percentage of children eligible for immunization","MEAS","Measles",2019,90.2
"IRL","Ireland","PT_CH_ELG_IM","Percentage of children eligible for immunization","MEAS","Measles",2020,90.2
"IRL","Ireland","PT_CH_ELG_IM","Percentage of children eligible for immunization","MEAS","Measles",2021,85.6
"IRL","Ireland","PT_CH_ELG_IM","Percentage of children eligible for immunization","MEAS","Measles",2022,84.5
"IRL","Ireland","PT_CH_ELG_IM","Percentage of children eligible for immunization","MEAS","Measles",2023,89.4
"IRL","Ireland","PT_CH_ELG_IM","Percentage of children eligible for immunization","MEAS","Measles",2024,90.1
"IRL","Ireland","PT_CH_ELG_IM","Percentage of children eligible for immunization","MEAS","Measles",2025,87.4
"ISR","Israel","PT_CH_ELG_IM","Percentage of children eligible for immunization","DIPTETPERT","Diphtheria, Tetanus, Pertussis",2010,95
"ISR","Israel","PT_CH_ELG_IM","Percentage of children eligible for immunization","DIPTETPERT","Diphtheria, Tetanus, Pertussis",2011,94
"ISR","Israel","PT_CH_ELG_IM","Percentage of children eligible for immunization","DIPTETPERT","Diphtheria, Tetanus, Pertussis",2012,94
"ISR","Israel","PT_CH_ELG_IM","Percentage of children eligible for immunization","DIPTETPERT","Diphtheria, Tetanus, Pertussis",2013,96
"ISR","Israel","PT_CH_ELG_IM","Percentage of children eligible for immunization","DIPTETPERT","Diphtheria, Tetanus, Pertussis",2014,95
"ISR","Israel","PT_CH_ELG_IM","Percentage of children eligible for immunization","DIPTETPERT","Diphtheria, Tetanus, Pertussis",2015,95
"ISR","Israel","PT_CH_ELG_IM","Percentage of children eligible for immunization","DIPTETPERT","Diphtheria, Tetanus, Pertussis",2016,94
"ISR","Israel","PT_CH_ELG_IM","Percentage of children eligible for immunization","DIPTETPERT","Diphtheria, Tetanus, Pertussis",2017,98
"ISR","Israel","PT_CH_ELG_IM","Percentage of children eligible for immunization","DIPTETPERT","Diphtheria, Tetanus, Pertussis",2018,97.6
"ISR","Israel","PT_CH_ELG_IM","Percentage of children eligible for immunization","DIPTETPERT","Diphtheria, Tetanus, Pertussis",2019,98.1
"ISR","Israel","PT_CH_ELG_IM","Percentage of children eligible for immunization","DIPTETPERT","Diphtheria, Tetanus, Pertussis",2020,97.7
"ISR","Israel","PT_CH_ELG_IM","Percentage of children eligible for immunization","DIPTETPERT","Diphtheria, Tetanus, Pertussis",2021,97.6
"ISR","Israel","PT_CH_ELG_IM","Percentage of children eligible for immunization","DIPTETPERT","Diphtheria, Tetanus, Pertussis",2022,97.9
"ISR","Israel","PT_CH_ELG_IM","Percentage of children eligible for immunization","DIPTETPERT","Diphtheria, Tetanus, Pertussis",2023,98
"ISR","Israel","PT_CH_ELG_IM","Percentage of children eligible for immunization","DIPTETPERT","Diphtheria, Tetanus, Pertussis",2024,98
"ISR","Israel","PT_CH_ELG_IM","Percentage of children eligible for immunization","HEPB","Hepatitis B",2010,97
"ISR","Israel","PT_CH_ELG_IM","Percentage of children eligible for immunization","HEPB","Hepatitis B",2011,98
"ISR","Israel","PT_CH_ELG_IM","Percentage of children eligible for immunization","HEPB","Hepatitis B",2012,97
"ISR","Israel","PT_CH_ELG_IM","Percentage of children eligible for immunization","HEPB","Hepatitis B",2013,97
"ISR","Israel","PT_CH_ELG_IM","Percentage of children eligible for immunization","HEPB","Hepatitis B",2014,97
"ISR","Israel","PT_CH_ELG_IM","Percentage of children eligible for immunization","HEPB","Hepatitis B",2015,96
"ISR","Israel","PT_CH_ELG_IM","Percentage of children eligible for immunization","HEPB","Hepatitis B",2016,95
"ISR","Israel","PT_CH_ELG_IM","Percentage of children eligible for immunization","HEPB","Hepatitis B",2017,97
"ISR","Israel","PT_CH_ELG_IM","Percentage of children eligible for immunization","HEPB","Hepatitis B",2018,96.4
"ISR","Israel","PT_CH_ELG_IM","Percentage of children eligible for immunization","HEPB","Hepatitis B",2019,96.8
"ISR","Israel","PT_CH_ELG_IM","Percentage of children eligible for immunization","HEPB","Hepatitis B",2020,96.3
"ISR","Israel","PT_CH_ELG_IM","Percentage of children eligible for immunization","HEPB","Hepatitis B",2021,96.2
"ISR","Israel","PT_CH_ELG_IM","Percentage of children eligible for immunization","HEPB","Hepatitis B",2022,96.1
"ISR","Israel","PT_CH_ELG_IM","Percentage of children eligible for immunization","HEPB","Hepatitis B",2023,96
"ISR","Israel","PT_CH_ELG_IM","Percentage of children eligible for immunization","HEPB","Hepatitis B",2024,96
"ISR","Israel","PT_POP_Y_GE65","Percentage of population aged 65 years or over","IFLU","Influenza",2010,57.2
"ISR","Israel","PT_POP_Y_GE65","Percentage of population aged 65 years or over","IFLU","Influenza",2011,61
"ISR","Israel","PT_POP_Y_GE65","Percentage of population aged 65 years or over","IFLU","Influenza",2012,57.6
"ISR","Israel","PT_POP_Y_GE65","Percentage of population aged 65 years or over","IFLU","Influenza",2013,61.2
"ISR","Israel","PT_POP_Y_GE65","Percentage of population aged 65 years or over","IFLU","Influenza",2014,63.8
"ISR","Israel","PT_POP_Y_GE65","Percentage of population aged 65 years or over","IFLU","Influenza",2015,65.7
"ISR","Israel","PT_POP_Y_GE65","Percentage of population aged 65 years or over","IFLU","Influenza",2016,62.3
"ISR","Israel","PT_POP_Y_GE65","Percentage of population aged 65 years or over","IFLU","Influenza",2017,59.8
"ISR","Israel","PT_POP_Y_GE65","Percentage of population aged 65 years or over","IFLU","Influenza",2018,58.2
"ISR","Israel","PT_POP_Y_GE65","Percentage of population aged 65 years or over","IFLU","Influenza",2019,59.8
"ISR","Israel","PT_POP_Y_GE65","Percentage of population aged 65 years or over","IFLU","Influenza",2020,68.4
"ISR","Israel","PT_POP_Y_GE65","Percentage of population aged 65 years or over","IFLU","Influenza",2021,61.2
"ISR","Israel","PT_POP_Y_GE65","Percentage of population aged 65 years or over","IFLU","Influenza",2022,58.8
"ISR","Israel","PT_POP_Y_GE65","Percentage of population aged 65 years or over","IFLU","Influenza",2023,52.3
"ISR","Israel","PT_POP_Y_GE65","Percentage of population aged 65 years or over","IFLU","Influenza",2024,54.1
"ISR","Israel","PT_POP_Y_GE65","Percentage of population aged 65 years or over","IFLU","Influenza",2025,54.5
"ISR","Israel","PT_CH_ELG_IM","Percentage of children eligible for immunization","MEAS","Measles",2010,93
"ISR","Israel","PT_CH_ELG_IM","Percentage of children eligible for immunization","MEAS","Measles",2011,87
"ISR","Israel","PT_CH_ELG_IM","Percentage of children eligible for immunization","MEAS","Measles",2012,89
"ISR","Israel","PT_CH_ELG_IM","Percentage of children eligible for immunization","MEAS","Measles",2013,95
"ISR","Israel","PT_CH_ELG_IM","Percentage of children eligible for immunization","MEAS","Measles",2014,96
"ISR","Israel","PT_CH_ELG_IM","Percentage of children eligible for immunization","MEAS","Measles",2015,97
"ISR","Israel","PT_CH_ELG_IM","Percentage of children eligible for immunization","MEAS","Measles",2016,97
"ISR","Israel","PT_CH_ELG_IM","Percentage of children eligible for immunization","MEAS","Measles",2017,96
"ISR","Israel","PT_CH_ELG_IM","Percentage of children eligible for immunization","MEAS","Measles",2018,96
"ISR","Israel","PT_CH_ELG_IM","Percentage of children eligible for immunization","MEAS","Measles",2019,97.8
"ISR","Israel","PT_CH_ELG_IM","Percentage of children eligible for immunization","MEAS","Measles",2020,96
"ISR","Israel","PT_CH_ELG_IM","Percentage of children eligible for immunization","MEAS","Measles",2021,92.8
"ISR","Israel","PT_CH_ELG_IM","Percentage of children eligible for immunization","MEAS","Measles",2022,91.8
"ISR","Israel","PT_CH_ELG_IM","Percentage of children eligible for immunization","MEAS","Measles",2023,92
"ISR","Israel","PT_CH_ELG_IM","Percentage of children eligible for immunization","MEAS","Measles",2024,92
"ITA","Italy","PT_CH_ELG_IM","Percentage of children eligible for immunization","DIPTETPERT","Diphtheria, Tetanus, Pertussis",2010,96
"ITA","Italy","PT_CH_ELG_IM","Percentage of children eligible for immunization","DIPTETPERT","Diphtheria, Tetanus, Pertussis",2011,95.8
"ITA","Italy","PT_CH_ELG_IM","Percentage of children eligible for immunization","DIPTETPERT","Diphtheria, Tetanus, Pertussis",2012,96
"ITA","Italy","PT_CH_ELG_IM","Percentage of children eligible for immunization","DIPTETPERT","Diphtheria, Tetanus, Pertussis",2013,96
"ITA","Italy","PT_CH_ELG_IM","Percentage of children eligible for immunization","DIPTETPERT","Diphtheria, Tetanus, Pertussis",2014,95
"ITA","Italy","PT_CH_ELG_IM","Percentage of children eligible for immunization","DIPTETPERT","Diphtheria, Tetanus, Pertussis",2015,93.2
"ITA","Italy","PT_CH_ELG_IM","Percentage of children eligible for immunization","DIPTETPERT","Diphtheria, Tetanus, Pertussis",2016,94
"ITA","Italy","PT_CH_ELG_IM","Percentage of children eligible for immunization","DIPTETPERT","Diphtheria, Tetanus, Pertussis",2017,95
"ITA","Italy","PT_CH_ELG_IM","Percentage of children eligible for immunization","DIPTETPERT","Diphtheria, Tetanus, Pertussis",2018,95.1
"ITA","Italy","PT_CH_ELG_IM","Percentage of children eligible for immunization","DIPTETPERT","Diphtheria, Tetanus, Pertussis",2019,96
"ITA","Italy","PT_CH_ELG_IM","Percentage of children eligible for immunization","DIPTETPERT","Diphtheria, Tetanus, Pertussis",2020,93.7
"ITA","Italy","PT_CH_ELG_IM","Percentage of children eligible for immunization","DIPTETPERT","Diphtheria, Tetanus, Pertussis",2021,93.9
"ITA","Italy","PT_CH_ELG_IM","Percentage of children eligible for immunization","DIPTETPERT","Diphtheria, Tetanus, Pertussis",2022,95.2
"ITA","Italy","PT_CH_ELG_IM","Percentage of children eligible for immunization","DIPTETPERT","Diphtheria, Tetanus, Pertussis",2023,94.8
"ITA","Italy","PT_CH_ELG_IM","Percentage of children eligible for immunization","DIPTETPERT","Diphtheria, Tetanus, Pertussis",2024,95.4
"ITA","Italy","PT_CH_ELG_IM","Percentage of children eligible for immunization","HEPB","Hepatitis B",2010,96
"ITA","Italy","PT_CH_ELG_IM","Percentage of children eligible for immunization","HEPB","Hepatitis B",2011,96
"ITA","Italy","PT_CH_ELG_IM","Percentage of children eligible for immunization","HEPB","Hepatitis B",2012,96.5
"ITA","Italy","PT_CH_ELG_IM","Percentage of children eligible for immunization","HEPB","Hepatitis B",2013,96
"ITA","Italy","PT_CH_ELG_IM","Percentage of children eligible for immunization","HEPB","Hepatitis B",2014,95
"ITA","Italy","PT_CH_ELG_IM","Percentage of children eligible for immunization","HEPB","Hepatitis B",2015,93.3
"ITA","Italy","PT_CH_ELG_IM","Percentage of children eligible for immunization","HEPB","Hepatitis B",2016,93
"ITA","Italy","PT_CH_ELG_IM","Percentage of children eligible for immunization","HEPB","Hepatitis B",2017,94.2
"ITA","Italy","PT_CH_ELG_IM","Percentage of children eligible for immunization","HEPB","Hepatitis B",2018,94.9
"ITA","Italy","PT_CH_ELG_IM","Percentage of children eligible for immunization","HEPB","Hepatitis B",2019,94.9
"ITA","Italy","PT_CH_ELG_IM","Percentage of children eligible for immunization","HEPB","Hepatitis B",2020,93.7
"ITA","Italy","PT_CH_ELG_IM","Percentage of children eligible for immunization","HEPB","Hepatitis B",2021,93.9
"ITA","Italy","PT_CH_ELG_IM","Percentage of children eligible for immunization","HEPB","Hepatitis B",2022,95.1
"ITA","Italy","PT_CH_ELG_IM","Percentage of children eligible for immunization","HEPB","Hepatitis B",2023,94.8
"ITA","Italy","PT_CH_ELG_IM","Percentage of children eligible for immunization","HEPB","Hepatitis B",2024,95.4
"ITA","Italy","PT_POP_Y_GE65","Percentage of population aged 65 years or over","IFLU","Influenza",2010,65.6
"ITA","Italy","PT_POP_Y_GE65","Percentage of population aged 65 years or over","IFLU","Influenza",2011,62.4
"ITA","Italy","PT_POP_Y_GE65","Percentage of population aged 65 years or over","IFLU","Influenza",2012,62.7
"ITA","Italy","PT_POP_Y_GE65","Percentage of population aged 65 years or over","IFLU","Influenza",2013,54.2
"ITA","Italy","PT_POP_Y_GE65","Percentage of population aged 65 years or over","IFLU","Influenza",2014,55.4
"ITA","Italy","PT_POP_Y_GE65","Percentage of population aged 65 years or over","IFLU","Influenza",2015,48.6
"ITA","Italy","PT_POP_Y_GE65","Percentage of population aged 65 years or over","IFLU","Influenza",2016,49.9
"ITA","Italy","PT_POP_Y_GE65","Percentage of population aged 65 years or over","IFLU","Influenza",2017,52
"ITA","Italy","PT_POP_Y_GE65","Percentage of population aged 65 years or over","IFLU","Influenza",2018,52.7
"ITA","Italy","PT_POP_Y_GE65","Percentage of population aged 65 years or over","IFLU","Influenza",2019,53.1
"ITA","Italy","PT_POP_Y_GE65","Percentage of population aged 65 years or over","IFLU","Influenza",2020,54.6
"ITA","Italy","PT_POP_Y_GE65","Percentage of population aged 65 years or over","IFLU","Influenza",2021,65.3
"ITA","Italy","PT_POP_Y_GE65","Percentage of population aged 65 years or over","IFLU","Influenza",2022,58.1
"ITA","Italy","PT_POP_Y_GE65","Percentage of population aged 65 years or over","IFLU","Influenza",2023,56.7
"ITA","Italy","PT_POP_Y_GE65","Percentage of population aged 65 years or over","IFLU","Influenza",2024,53.3
"ITA","Italy","PT_POP_Y_GE65","Percentage of population aged 65 years or over","IFLU","Influenza",2025,52.5
"ITA","Italy","PT_CH_ELG_IM","Percentage of children eligible for immunization","MEAS","Measles",2013,84
"ITA","Italy","PT_CH_ELG_IM","Percentage of children eligible for immunization","MEAS","Measles",2014,83
"ITA","Italy","PT_CH_ELG_IM","Percentage of children eligible for immunization","MEAS","Measles",2015,83.2
"ITA","Italy","PT_CH_ELG_IM","Percentage of children eligible for immunization","MEAS","Measles",2016,82
"ITA","Italy","PT_CH_ELG_IM","Percentage of children eligible for immunization","MEAS","Measles",2017,86
"ITA","Italy","PT_CH_ELG_IM","Percentage of children eligible for immunization","MEAS","Measles",2018,89.2
"ITA","Italy","PT_CH_ELG_IM","Percentage of children eligible for immunization","MEAS","Measles",2019,87.6
"ITA","Italy","PT_CH_ELG_IM","Percentage of children eligible for immunization","MEAS","Measles",2020,85.8
"ITA","Italy","PT_CH_ELG_IM","Percentage of children eligible for immunization","MEAS","Measles",2021,85.6
"ITA","Italy","PT_CH_ELG_IM","Percentage of children eligible for immunization","MEAS","Measles",2022,85.1
"ITA","Italy","PT_CH_ELG_IM","Percentage of children eligible for immunization","MEAS","Measles",2023,84.8
"ITA","Italy","PT_CH_ELG_IM","Percentage of children eligible for immunization","MEAS","Measles",2024,84.5
"JPN","Japan","PT_CH_ELG_IM","Percentage of children eligible for immunization","DIPTETPERT","Diphtheria, Tetanus, Pertussis",2010,100
"JPN","Japan","PT_CH_ELG_IM","Percentage of children eligible for immunization","DIPTETPERT","Diphtheria, Tetanus, Pertussis",2011,100
"JPN","Japan","PT_CH_ELG_IM","Percentage of children eligible for immunization","DIPTETPERT","Diphtheria, Tetanus, Pertussis",2012,100
"JPN","Japan","PT_CH_ELG_IM","Percentage of children eligible for immunization","DIPTETPERT","Diphtheria, Tetanus, Pertussis",2013,100
"JPN","Japan","PT_CH_ELG_IM","Percentage of children eligible for immunization","DIPTETPERT","Diphtheria, Tetanus, Pertussis",2014,100
"JPN","Japan","PT_CH_ELG_IM","Percentage of children eligible for immunization","DIPTETPERT","Diphtheria, Tetanus, Pertussis",2015,96.2
"JPN","Japan","PT_CH_ELG_IM","Percentage of children eligible for immunization","DIPTETPERT","Diphtheria, Tetanus, Pertussis",2016,99.1
"JPN","Japan","PT_CH_ELG_IM","Percentage of children eligible for immunization","DIPTETPERT","Diphtheria, Tetanus, Pertussis",2017,100
"JPN","Japan","PT_CH_ELG_IM","Percentage of children eligible for immunization","DIPTETPERT","Diphtheria, Tetanus, Pertussis",2018,100
"JPN","Japan","PT_CH_ELG_IM","Percentage of children eligible for immunization","DIPTETPERT","Diphtheria, Tetanus, Pertussis",2019,98
"JPN","Japan","PT_CH_ELG_IM","Percentage of children eligible for immunization","DIPTETPERT","Diphtheria, Tetanus, Pertussis",2020,96.2
"JPN","Japan","PT_CH_ELG_IM","Percentage of children eligible for immunization","DIPTETPERT","Diphtheria, Tetanus, Pertussis",2021,98.8
"JPN","Japan","PT_CH_ELG_IM","Percentage of children eligible for immunization","DIPTETPERT","Diphtheria, Tetanus, Pertussis",2022,100
"JPN","Japan","PT_CH_ELG_IM","Percentage of children eligible for immunization","DIPTETPERT","Diphtheria, Tetanus, Pertussis",2023,98.2
"JPN","Japan","PT_CH_ELG_IM","Percentage of children eligible for immunization","DIPTETPERT","Diphtheria, Tetanus, Pertussis",2024,98.6
"JPN","Japan","PT_CH_ELG_IM","Percentage of children eligible for immunization","DIPTETPERT","Diphtheria, Tetanus, Pertussis",2025,91
"JPN","Japan","PT_CH_ELG_IM","Percentage of children eligible for immunization","HEPB","Hepatitis B",2019,99
"JPN","Japan","PT_CH_ELG_IM","Percentage of children eligible for immunization","HEPB","Hepatitis B",2020,92.3
"JPN","Japan","PT_CH_ELG_IM","Percentage of children eligible for immunization","HEPB","Hepatitis B",2021,95.6
"JPN","Japan","PT_CH_ELG_IM","Percentage of children eligible for immunization","HEPB","Hepatitis B",2022,100
"JPN","Japan","PT_CH_ELG_IM","Percentage of children eligible for immunization","HEPB","Hepatitis B",2023,95.3
"JPN","Japan","PT_CH_ELG_IM","Percentage of children eligible for immunization","HEPB","Hepatitis B",2024,95.2
"JPN","Japan","PT_CH_ELG_IM","Percentage of children eligible for immunization","HEPB","Hepatitis B",2025,94.7
"JPN","Japan","PT_POP_Y_GE65","Percentage of population aged 65 years or over","IFLU","Influenza",2010,53
"JPN","Japan","PT_POP_Y_GE65","Percentage of population aged 65 years or over","IFLU","Influenza",2011,52
"JPN","Japan","PT_POP_Y_GE65","Percentage of population aged 65 years or over","IFLU","Influenza",2012,50
"JPN","Japan","PT_POP_Y_GE65","Percentage of population aged 65 years or over","IFLU","Influenza",2013,50
"JPN","Japan","PT_POP_Y_GE65","Percentage of population aged 65 years or over","IFLU","Influenza",2014,50
"JPN","Japan","PT_POP_Y_GE65","Percentage of population aged 65 years or over","IFLU","Influenza",2015,51
"JPN","Japan","PT_POP_Y_GE65","Percentage of population aged 65 years or over","IFLU","Influenza",2016,50
"JPN","Japan","PT_POP_Y_GE65","Percentage of population aged 65 years or over","IFLU","Influenza",2017,48
"JPN","Japan","PT_POP_Y_GE65","Percentage of population aged 65 years or over","IFLU","Influenza",2018,48
"JPN","Japan","PT_POP_Y_GE65","Percentage of population aged 65 years or over","IFLU","Influenza",2019,50
"JPN","Japan","PT_POP_Y_GE65","Percentage of population aged 65 years or over","IFLU","Influenza",2020,66
"JPN","Japan","PT_POP_Y_GE65","Percentage of population aged 65 years or over","IFLU","Influenza",2021,56
"JPN","Japan","PT_POP_Y_GE65","Percentage of population aged 65 years or over","IFLU","Influenza",2022,58
"JPN","Japan","PT_POP_Y_GE65","Percentage of population aged 65 years or over","IFLU","Influenza",2023,54
"JPN","Japan","PT_CH_ELG_IM","Percentage of children eligible for immunization","MEAS","Measles",2010,96.5
"JPN","Japan","PT_CH_ELG_IM","Percentage of children eligible for immunization","MEAS","Measles",2011,92.3
"JPN","Japan","PT_CH_ELG_IM","Percentage of children eligible for immunization","MEAS","Measles",2012,92.2
"JPN","Japan","PT_CH_ELG_IM","Percentage of children eligible for immunization","MEAS","Measles",2013,92.8
"JPN","Japan","PT_CH_ELG_IM","Percentage of children eligible for immunization","MEAS","Measles",2014,93.7
"JPN","Japan","PT_CH_ELG_IM","Percentage of children eligible for immunization","MEAS","Measles",2015,93
"JPN","Japan","PT_CH_ELG_IM","Percentage of children eligible for immunization","MEAS","Measles",2016,93.3
"JPN","Japan","PT_CH_ELG_IM","Percentage of children eligible for immunization","MEAS","Measles",2017,94.9
"JPN","Japan","PT_CH_ELG_IM","Percentage of children eligible for immunization","MEAS","Measles",2018,93.1
"JPN","Japan","PT_CH_ELG_IM","Percentage of children eligible for immunization","MEAS","Measles",2019,93.4
"JPN","Japan","PT_CH_ELG_IM","Percentage of children eligible for immunization","MEAS","Measles",2020,94.6
"JPN","Japan","PT_CH_ELG_IM","Percentage of children eligible for immunization","MEAS","Measles",2021,94.1
"JPN","Japan","PT_CH_ELG_IM","Percentage of children eligible for immunization","MEAS","Measles",2022,94.8
"JPN","Japan","PT_CH_ELG_IM","Percentage of children eligible for immunization","MEAS","Measles",2023,93.8
"JPN","Japan","PT_CH_ELG_IM","Percentage of children eligible for immunization","MEAS","Measles",2024,95.6
"JPN","Japan","PT_CH_ELG_IM","Percentage of children eligible for immunization","MEAS","Measles",2025,95.1
"KOR","Korea","PT_CH_ELG_IM","Percentage of children eligible for immunization","DIPTETPERT","Diphtheria, Tetanus, Pertussis",2010,88.3
"KOR","Korea","PT_CH_ELG_IM","Percentage of children eligible for immunization","DIPTETPERT","Diphtheria, Tetanus, Pertussis",2011,86.3
"KOR","Korea","PT_CH_ELG_IM","Percentage of children eligible for immunization","DIPTETPERT","Diphtheria, Tetanus, Pertussis",2012,95.8
"KOR","Korea","PT_CH_ELG_IM","Percentage of children eligible for immunization","DIPTETPERT","Diphtheria, Tetanus, Pertussis",2013,97.1
"KOR","Korea","PT_CH_ELG_IM","Percentage of children eligible for immunization","DIPTETPERT","Diphtheria, Tetanus, Pertussis",2014,97.8
"KOR","Korea","PT_CH_ELG_IM","Percentage of children eligible for immunization","DIPTETPERT","Diphtheria, Tetanus, Pertussis",2015,98.1
"KOR","Korea","PT_CH_ELG_IM","Percentage of children eligible for immunization","DIPTETPERT","Diphtheria, Tetanus, Pertussis",2016,98.2
"KOR","Korea","PT_CH_ELG_IM","Percentage of children eligible for immunization","DIPTETPERT","Diphtheria, Tetanus, Pertussis",2017,97.4
"KOR","Korea","PT_CH_ELG_IM","Percentage of children eligible for immunization","DIPTETPERT","Diphtheria, Tetanus, Pertussis",2018,97.5
"KOR","Korea","PT_CH_ELG_IM","Percentage of children eligible for immunization","DIPTETPERT","Diphtheria, Tetanus, Pertussis",2019,97.3
"KOR","Korea","PT_CH_ELG_IM","Percentage of children eligible for immunization","DIPTETPERT","Diphtheria, Tetanus, Pertussis",2020,97.6
"KOR","Korea","PT_CH_ELG_IM","Percentage of children eligible for immunization","DIPTETPERT","Diphtheria, Tetanus, Pertussis",2021,97.8
"KOR","Korea","PT_CH_ELG_IM","Percentage of children eligible for immunization","DIPTETPERT","Diphtheria, Tetanus, Pertussis",2022,97.2
"KOR","Korea","PT_CH_ELG_IM","Percentage of children eligible for immunization","DIPTETPERT","Diphtheria, Tetanus, Pertussis",2023,97
"KOR","Korea","PT_CH_ELG_IM","Percentage of children eligible for immunization","DIPTETPERT","Diphtheria, Tetanus, Pertussis",2024,97
"KOR","Korea","PT_CH_ELG_IM","Percentage of children eligible for immunization","DIPTETPERT","Diphtheria, Tetanus, Pertussis",2025,96.7
"KOR","Korea","PT_CH_ELG_IM","Percentage of children eligible for immunization","HEPB","Hepatitis B",2010,88.9
"KOR","Korea","PT_CH_ELG_IM","Percentage of children eligible for immunization","HEPB","Hepatitis B",2011,91.5
"KOR","Korea","PT_CH_ELG_IM","Percentage of children eligible for immunization","HEPB","Hepatitis B",2012,95.9
"KOR","Korea","PT_CH_ELG_IM","Percentage of children eligible for immunization","HEPB","Hepatitis B",2013,97.3
"KOR","Korea","PT_CH_ELG_IM","Percentage of children eligible for immunization","HEPB","Hepatitis B",2014,98
"KOR","Korea","PT_CH_ELG_IM","Percentage of children eligible for immunization","HEPB","Hepatitis B",2015,98.3
"KOR","Korea","PT_CH_ELG_IM","Percentage of children eligible for immunization","HEPB","Hepatitis B",2016,98.4
"KOR","Korea","PT_CH_ELG_IM","Percentage of children eligible for immunization","HEPB","Hepatitis B",2017,97.7
"KOR","Korea","PT_CH_ELG_IM","Percentage of children eligible for immunization","HEPB","Hepatitis B",2018,97.7
"KOR","Korea","PT_CH_ELG_IM","Percentage of children eligible for immunization","HEPB","Hepatitis B",2019,97.4
"KOR","Korea","PT_CH_ELG_IM","Percentage of children eligible for immunization","HEPB","Hepatitis B",2020,97.7
"KOR","Korea","PT_CH_ELG_IM","Percentage of children eligible for immunization","HEPB","Hepatitis B",2021,97.9
"KOR","Korea","PT_CH_ELG_IM","Percentage of children eligible for immunization","HEPB","Hepatitis B",2022,97.4
"KOR","Korea","PT_CH_ELG_IM","Percentage of children eligible for immunization","HEPB","Hepatitis B",2023,97.1
"KOR","Korea","PT_CH_ELG_IM","Percentage of children eligible for immunization","HEPB","Hepatitis B",2024,97
"KOR","Korea","PT_CH_ELG_IM","Percentage of children eligible for immunization","HEPB","Hepatitis B",2025,96.7
"KOR","Korea","PT_POP_Y_GE65","Percentage of population aged 65 years or over","IFLU","Influenza",2010,77.1
"KOR","Korea","PT_POP_Y_GE65","Percentage of population aged 65 years or over","IFLU","Influenza",2011,79.6
"KOR","Korea","PT_POP_Y_GE65","Percentage of population aged 65 years or over","IFLU","Influenza",2012,77.4
"KOR","Korea","PT_POP_Y_GE65","Percentage of population aged 65 years or over","IFLU","Influenza",2014,79.8
"KOR","Korea","PT_POP_Y_GE65","Percentage of population aged 65 years or over","IFLU","Influenza",2015,81.7
"KOR","Korea","PT_POP_Y_GE65","Percentage of population aged 65 years or over","IFLU","Influenza",2016,84.4
"KOR","Korea","PT_POP_Y_GE65","Percentage of population aged 65 years or over","IFLU","Influenza",2017,82.7
"KOR","Korea","PT_POP_Y_GE65","Percentage of population aged 65 years or over","IFLU","Influenza",2018,85.1
"KOR","Korea","PT_POP_Y_GE65","Percentage of population aged 65 years or over","IFLU","Influenza",2019,85.8
"KOR","Korea","PT_POP_Y_GE65","Percentage of population aged 65 years or over","IFLU","Influenza",2020,80.7
"KOR","Korea","PT_POP_Y_GE65","Percentage of population aged 65 years or over","IFLU","Influenza",2021,80.1
"KOR","Korea","PT_POP_Y_GE65","Percentage of population aged 65 years or over","IFLU","Influenza",2022,82.1
"KOR","Korea","PT_POP_Y_GE65","Percentage of population aged 65 years or over","IFLU","Influenza",2023,84.8
"KOR","Korea","PT_POP_Y_GE65","Percentage of population aged 65 years or over","IFLU","Influenza",2024,83.4
"KOR","Korea","PT_CH_ELG_IM","Percentage of children eligible for immunization","MEAS","Measles",2010,95.7
"KOR","Korea","PT_CH_ELG_IM","Percentage of children eligible for immunization","MEAS","Measles",2011,98.3
"KOR","Korea","PT_CH_ELG_IM","Percentage of children eligible for immunization","MEAS","Measles",2012,92.5
"KOR","Korea","PT_CH_ELG_IM","Percentage of children eligible for immunization","MEAS","Measles",2013,95
"KOR","Korea","PT_CH_ELG_IM","Percentage of children eligible for immunization","MEAS","Measles",2014,96.3
"KOR","Korea","PT_CH_ELG_IM","Percentage of children eligible for immunization","MEAS","Measles",2015,97
"KOR","Korea","PT_CH_ELG_IM","Percentage of children eligible for immunization","MEAS","Measles",2016,97.3
"KOR","Korea","PT_CH_ELG_IM","Percentage of children eligible for immunization","MEAS","Measles",2017,96.8
"KOR","Korea","PT_CH_ELG_IM","Percentage of children eligible for immunization","MEAS","Measles",2018,96.8
"KOR","Korea","PT_CH_ELG_IM","Percentage of children eligible for immunization","MEAS","Measles",2019,96.7
"KOR","Korea","PT_CH_ELG_IM","Percentage of children eligible for immunization","MEAS","Measles",2020,95.7
"KOR","Korea","PT_CH_ELG_IM","Percentage of children eligible for immunization","MEAS","Measles",2021,96
"KOR","Korea","PT_CH_ELG_IM","Percentage of children eligible for immunization","MEAS","Measles",2022,96.3
"KOR","Korea","PT_CH_ELG_IM","Percentage of children eligible for immunization","MEAS","Measles",2023,96.3
"KOR","Korea","PT_CH_ELG_IM","Percentage of children eligible for immunization","MEAS","Measles",2024,96.1
"KOR","Korea","PT_CH_ELG_IM","Percentage of children eligible for immunization","MEAS","Measles",2025,96
"LVA","Latvia","PT_CH_ELG_IM","Percentage of children eligible for immunization","DIPTETPERT","Diphtheria, Tetanus, Pertussis",2010,92
"LVA","Latvia","PT_CH_ELG_IM","Percentage of children eligible for immunization","DIPTETPERT","Diphtheria, Tetanus, Pertussis",2011,92
"LVA","Latvia","PT_CH_ELG_IM","Percentage of children eligible for immunization","DIPTETPERT","Diphtheria, Tetanus, Pertussis",2012,91
"LVA","Latvia","PT_CH_ELG_IM","Percentage of children eligible for immunization","DIPTETPERT","Diphtheria, Tetanus, Pertussis",2013,94
"LVA","Latvia","PT_CH_ELG_IM","Percentage of children eligible for immunization","DIPTETPERT","Diphtheria, Tetanus, Pertussis",2014,92
"LVA","Latvia","PT_CH_ELG_IM","Percentage of children eligible for immunization","DIPTETPERT","Diphtheria, Tetanus, Pertussis",2015,94.9
"LVA","Latvia","PT_CH_ELG_IM","Percentage of children eligible for immunization","DIPTETPERT","Diphtheria, Tetanus, Pertussis",2016,98.1
"LVA","Latvia","PT_CH_ELG_IM","Percentage of children eligible for immunization","DIPTETPERT","Diphtheria, Tetanus, Pertussis",2017,98.1
"LVA","Latvia","PT_CH_ELG_IM","Percentage of children eligible for immunization","DIPTETPERT","Diphtheria, Tetanus, Pertussis",2018,96
"LVA","Latvia","PT_CH_ELG_IM","Percentage of children eligible for immunization","DIPTETPERT","Diphtheria, Tetanus, Pertussis",2019,100
"LVA","Latvia","PT_CH_ELG_IM","Percentage of children eligible for immunization","DIPTETPERT","Diphtheria, Tetanus, Pertussis",2020,100
"LVA","Latvia","PT_CH_ELG_IM","Percentage of children eligible for immunization","DIPTETPERT","Diphtheria, Tetanus, Pertussis",2021,94.4
"LVA","Latvia","PT_CH_ELG_IM","Percentage of children eligible for immunization","DIPTETPERT","Diphtheria, Tetanus, Pertussis",2022,95.2
"LVA","Latvia","PT_CH_ELG_IM","Percentage of children eligible for immunization","DIPTETPERT","Diphtheria, Tetanus, Pertussis",2023,98.1
"LVA","Latvia","PT_CH_ELG_IM","Percentage of children eligible for immunization","DIPTETPERT","Diphtheria, Tetanus, Pertussis",2024,97.1
"LVA","Latvia","PT_CH_ELG_IM","Percentage of children eligible for immunization","DIPTETPERT","Diphtheria, Tetanus, Pertussis",2025,100
"LVA","Latvia","PT_CH_ELG_IM","Percentage of children eligible for immunization","HEPB","Hepatitis B",2010,91
"LVA","Latvia","PT_CH_ELG_IM","Percentage of children eligible for immunization","HEPB","Hepatitis B",2011,89
"LVA","Latvia","PT_CH_ELG_IM","Percentage of children eligible for immunization","HEPB","Hepatitis B",2012,90
"LVA","Latvia","PT_CH_ELG_IM","Percentage of children eligible for immunization","HEPB","Hepatitis B",2013,94
"LVA","Latvia","PT_CH_ELG_IM","Percentage of children eligible for immunization","HEPB","Hepatitis B",2014,92
"LVA","Latvia","PT_CH_ELG_IM","Percentage of children eligible for immunization","HEPB","Hepatitis B",2015,94.4
"LVA","Latvia","PT_CH_ELG_IM","Percentage of children eligible for immunization","HEPB","Hepatitis B",2016,97.6
"LVA","Latvia","PT_CH_ELG_IM","Percentage of children eligible for immunization","HEPB","Hepatitis B",2017,98.1
"LVA","Latvia","PT_CH_ELG_IM","Percentage of children eligible for immunization","HEPB","Hepatitis B",2018,96
"LVA","Latvia","PT_CH_ELG_IM","Percentage of children eligible for immunization","HEPB","Hepatitis B",2019,100
"LVA","Latvia","PT_CH_ELG_IM","Percentage of children eligible for immunization","HEPB","Hepatitis B",2020,99.9
"LVA","Latvia","PT_CH_ELG_IM","Percentage of children eligible for immunization","HEPB","Hepatitis B",2021,94
"LVA","Latvia","PT_CH_ELG_IM","Percentage of children eligible for immunization","HEPB","Hepatitis B",2022,94.8
"LVA","Latvia","PT_CH_ELG_IM","Percentage of children eligible for immunization","HEPB","Hepatitis B",2023,97.2
"LVA","Latvia","PT_CH_ELG_IM","Percentage of children eligible for immunization","HEPB","Hepatitis B",2024,98.9
"LVA","Latvia","PT_CH_ELG_IM","Percentage of children eligible for immunization","HEPB","Hepatitis B",2025,100
"LVA","Latvia","PT_POP_Y_GE65","Percentage of population aged 65 years or over","IFLU","Influenza",2010,1.2
"LVA","Latvia","PT_POP_Y_GE65","Percentage of population aged 65 years or over","IFLU","Influenza",2011,2
"LVA","Latvia","PT_POP_Y_GE65","Percentage of population aged 65 years or over","IFLU","Influenza",2012,1.7
"LVA","Latvia","PT_POP_Y_GE65","Percentage of population aged 65 years or over","IFLU","Influenza",2013,3.1
"LVA","Latvia","PT_POP_Y_GE65","Percentage of population aged 65 years or over","IFLU","Influenza",2014,2.8
"LVA","Latvia","PT_POP_Y_GE65","Percentage of population aged 65 years or over","IFLU","Influenza",2015,2.5
"LVA","Latvia","PT_POP_Y_GE65","Percentage of population aged 65 years or over","IFLU","Influenza",2016,4.3
"LVA","Latvia","PT_POP_Y_GE65","Percentage of population aged 65 years or over","IFLU","Influenza",2017,6.9
"LVA","Latvia","PT_POP_Y_GE65","Percentage of population aged 65 years or over","IFLU","Influenza",2018,7.7
"LVA","Latvia","PT_POP_Y_GE65","Percentage of population aged 65 years or over","IFLU","Influenza",2019,11.7
"LVA","Latvia","PT_POP_Y_GE65","Percentage of population aged 65 years or over","IFLU","Influenza",2020,9.1
"LVA","Latvia","PT_POP_Y_GE65","Percentage of population aged 65 years or over","IFLU","Influenza",2021,7.7
"LVA","Latvia","PT_POP_Y_GE65","Percentage of population aged 65 years or over","IFLU","Influenza",2022,16.9
"LVA","Latvia","PT_POP_Y_GE65","Percentage of population aged 65 years or over","IFLU","Influenza",2023,15.8
"LVA","Latvia","PT_POP_Y_GE65","Percentage of population aged 65 years or over","IFLU","Influenza",2024,16.7
"LVA","Latvia","PT_CH_ELG_IM","Percentage of children eligible for immunization","MEAS","Measles",2010,94.1
"LVA","Latvia","PT_CH_ELG_IM","Percentage of children eligible for immunization","MEAS","Measles",2011,92
"LVA","Latvia","PT_CH_ELG_IM","Percentage of children eligible for immunization","MEAS","Measles",2012,92
"LVA","Latvia","PT_CH_ELG_IM","Percentage of children eligible for immunization","MEAS","Measles",2013,92
"LVA","Latvia","PT_CH_ELG_IM","Percentage of children eligible for immunization","MEAS","Measles",2014,89
"LVA","Latvia","PT_CH_ELG_IM","Percentage of children eligible for immunization","MEAS","Measles",2015,92
"LVA","Latvia","PT_CH_ELG_IM","Percentage of children eligible for immunization","MEAS","Measles",2016,88.7
"LVA","Latvia","PT_CH_ELG_IM","Percentage of children eligible for immunization","MEAS","Measles",2017,88.9
"LVA","Latvia","PT_CH_ELG_IM","Percentage of children eligible for immunization","MEAS","Measles",2018,94
"LVA","Latvia","PT_CH_ELG_IM","Percentage of children eligible for immunization","MEAS","Measles",2019,96
"LVA","Latvia","PT_CH_ELG_IM","Percentage of children eligible for immunization","MEAS","Measles",2020,93.9
"LVA","Latvia","PT_CH_ELG_IM","Percentage of children eligible for immunization","MEAS","Measles",2021,84.8
"LVA","Latvia","PT_CH_ELG_IM","Percentage of children eligible for immunization","MEAS","Measles",2022,85.8
"LVA","Latvia","PT_CH_ELG_IM","Percentage of children eligible for immunization","MEAS","Measles",2023,91.8
"LVA","Latvia","PT_CH_ELG_IM","Percentage of children eligible for immunization","MEAS","Measles",2024,88.4
"LVA","Latvia","PT_CH_ELG_IM","Percentage of children eligible for immunization","MEAS","Measles",2025,89.6
"LTU","Lithuania","PT_CH_ELG_IM","Percentage of children eligible for immunization","DIPTETPERT","Diphtheria, Tetanus, Pertussis",2010,94.8
"LTU","Lithuania","PT_CH_ELG_IM","Percentage of children eligible for immunization","DIPTETPERT","Diphtheria, Tetanus, Pertussis",2011,92.4
"LTU","Lithuania","PT_CH_ELG_IM","Percentage of children eligible for immunization","DIPTETPERT","Diphtheria, Tetanus, Pertussis",2012,92.8
"LTU","Lithuania","PT_CH_ELG_IM","Percentage of children eligible for immunization","DIPTETPERT","Diphtheria, Tetanus, Pertussis",2013,93.2
"LTU","Lithuania","PT_CH_ELG_IM","Percentage of children eligible for immunization","DIPTETPERT","Diphtheria, Tetanus, Pertussis",2014,92.9
"LTU","Lithuania","PT_CH_ELG_IM","Percentage of children eligible for immunization","DIPTETPERT","Diphtheria, Tetanus, Pertussis",2015,93.5
"LTU","Lithuania","PT_CH_ELG_IM","Percentage of children eligible for immunization","DIPTETPERT","Diphtheria, Tetanus, Pertussis",2016,94.1
"LTU","Lithuania","PT_CH_ELG_IM","Percentage of children eligible for immunization","DIPTETPERT","Diphtheria, Tetanus, Pertussis",2017,93.7
"LTU","Lithuania","PT_CH_ELG_IM","Percentage of children eligible for immunization","DIPTETPERT","Diphtheria, Tetanus, Pertussis",2018,92.3
"LTU","Lithuania","PT_CH_ELG_IM","Percentage of children eligible for immunization","DIPTETPERT","Diphtheria, Tetanus, Pertussis",2019,92.1
"LTU","Lithuania","PT_CH_ELG_IM","Percentage of children eligible for immunization","DIPTETPERT","Diphtheria, Tetanus, Pertussis",2020,91.4
"LTU","Lithuania","PT_CH_ELG_IM","Percentage of children eligible for immunization","DIPTETPERT","Diphtheria, Tetanus, Pertussis",2021,90.1
"LTU","Lithuania","PT_CH_ELG_IM","Percentage of children eligible for immunization","DIPTETPERT","Diphtheria, Tetanus, Pertussis",2022,90
"LTU","Lithuania","PT_CH_ELG_IM","Percentage of children eligible for immunization","DIPTETPERT","Diphtheria, Tetanus, Pertussis",2023,90
"LTU","Lithuania","PT_CH_ELG_IM","Percentage of children eligible for immunization","DIPTETPERT","Diphtheria, Tetanus, Pertussis",2024,88.8
"LTU","Lithuania","PT_CH_ELG_IM","Percentage of children eligible for immunization","DIPTETPERT","Diphtheria, Tetanus, Pertussis",2025,88.7
"LTU","Lithuania","PT_CH_ELG_IM","Percentage of children eligible for immunization","HEPB","Hepatitis B",2010,94.5
"LTU","Lithuania","PT_CH_ELG_IM","Percentage of children eligible for immunization","HEPB","Hepatitis B",2011,94.6
"LTU","Lithuania","PT_CH_ELG_IM","Percentage of children eligible for immunization","HEPB","Hepatitis B",2012,93.2
"LTU","Lithuania","PT_CH_ELG_IM","Percentage of children eligible for immunization","HEPB","Hepatitis B",2013,93.4
"LTU","Lithuania","PT_CH_ELG_IM","Percentage of children eligible for immunization","HEPB","Hepatitis B",2014,94
"LTU","Lithuania","PT_CH_ELG_IM","Percentage of children eligible for immunization","HEPB","Hepatitis B",2015,93.8
"LTU","Lithuania","PT_CH_ELG_IM","Percentage of children eligible for immunization","HEPB","Hepatitis B",2016,94.6
"LTU","Lithuania","PT_CH_ELG_IM","Percentage of children eligible for immunization","HEPB","Hepatitis B",2017,93.8
"LTU","Lithuania","PT_CH_ELG_IM","Percentage of children eligible for immunization","HEPB","Hepatitis B",2018,92.7
"LTU","Lithuania","PT_CH_ELG_IM","Percentage of children eligible for immunization","HEPB","Hepatitis B",2019,92
"LTU","Lithuania","PT_CH_ELG_IM","Percentage of children eligible for immunization","HEPB","Hepatitis B",2020,91.4
"LTU","Lithuania","PT_CH_ELG_IM","Percentage of children eligible for immunization","HEPB","Hepatitis B",2021,90.1
"LTU","Lithuania","PT_CH_ELG_IM","Percentage of children eligible for immunization","HEPB","Hepatitis B",2022,90
"LTU","Lithuania","PT_CH_ELG_IM","Percentage of children eligible for immunization","HEPB","Hepatitis B",2023,88.7
"LTU","Lithuania","PT_CH_ELG_IM","Percentage of children eligible for immunization","HEPB","Hepatitis B",2024,86.8
"LTU","Lithuania","PT_CH_ELG_IM","Percentage of children eligible for immunization","HEPB","Hepatitis B",2025,87.5
"LTU","Lithuania","PT_POP_Y_GE65","Percentage of population aged 65 years or over","IFLU","Influenza",2010,11.2
"LTU","Lithuania","PT_POP_Y_GE65","Percentage of population aged 65 years or over","IFLU","Influenza",2011,9.1
"LTU","Lithuania","PT_POP_Y_GE65","Percentage of population aged 65 years or over","IFLU","Influenza",2012,9
"LTU","Lithuania","PT_POP_Y_GE65","Percentage of population aged 65 years or over","IFLU","Influenza",2013,9.7
"LTU","Lithuania","PT_POP_Y_GE65","Percentage of population aged 65 years or over","IFLU","Influenza",2014,9.8
"LTU","Lithuania","PT_POP_Y_GE65","Percentage of population aged 65 years or over","IFLU","Influenza",2015,10.3
"LTU","Lithuania","PT_POP_Y_GE65","Percentage of population aged 65 years or over","IFLU","Influenza",2016,9.6
"LTU","Lithuania","PT_POP_Y_GE65","Percentage of population aged 65 years or over","IFLU","Influenza",2017,11.3
"LTU","Lithuania","PT_POP_Y_GE65","Percentage of population aged 65 years or over","IFLU","Influenza",2018,13.4
"LTU","Lithuania","PT_POP_Y_GE65","Percentage of population aged 65 years or over","IFLU","Influenza",2019,14.8
"LTU","Lithuania","PT_POP_Y_GE65","Percentage of population aged 65 years or over","IFLU","Influenza",2020,21.5
"LTU","Lithuania","PT_POP_Y_GE65","Percentage of population aged 65 years or over","IFLU","Influenza",2021,26.3
"LTU","Lithuania","PT_POP_Y_GE65","Percentage of population aged 65 years or over","IFLU","Influenza",2022,21.5
"LTU","Lithuania","PT_POP_Y_GE65","Percentage of population aged 65 years or over","IFLU","Influenza",2023,24.1
"LTU","Lithuania","PT_POP_Y_GE65","Percentage of population aged 65 years or over","IFLU","Influenza",2024,22.4
"LTU","Lithuania","PT_POP_Y_GE65","Percentage of population aged 65 years or over","IFLU","Influenza",2025,23.7
"LTU","Lithuania","PT_CH_ELG_IM","Percentage of children eligible for immunization","MEAS","Measles",2010,94.7
"LTU","Lithuania","PT_CH_ELG_IM","Percentage of children eligible for immunization","MEAS","Measles",2011,93.7
"LTU","Lithuania","PT_CH_ELG_IM","Percentage of children eligible for immunization","MEAS","Measles",2012,92.8
"LTU","Lithuania","PT_CH_ELG_IM","Percentage of children eligible for immunization","MEAS","Measles",2013,92.5
"LTU","Lithuania","PT_CH_ELG_IM","Percentage of children eligible for immunization","MEAS","Measles",2014,91.8
"LTU","Lithuania","PT_CH_ELG_IM","Percentage of children eligible for immunization","MEAS","Measles",2015,91.5
"LTU","Lithuania","PT_CH_ELG_IM","Percentage of children eligible for immunization","MEAS","Measles",2016,92.2
"LTU","Lithuania","PT_CH_ELG_IM","Percentage of children eligible for immunization","MEAS","Measles",2017,92.3
"LTU","Lithuania","PT_CH_ELG_IM","Percentage of children eligible for immunization","MEAS","Measles",2018,91.6
"LTU","Lithuania","PT_CH_ELG_IM","Percentage of children eligible for immunization","MEAS","Measles",2019,93.2
"LTU","Lithuania","PT_CH_ELG_IM","Percentage of children eligible for immunization","MEAS","Measles",2020,90.5
"LTU","Lithuania","PT_CH_ELG_IM","Percentage of children eligible for immunization","MEAS","Measles",2021,88.4
"LTU","Lithuania","PT_CH_ELG_IM","Percentage of children eligible for immunization","MEAS","Measles",2022,86.5
"LTU","Lithuania","PT_CH_ELG_IM","Percentage of children eligible for immunization","MEAS","Measles",2023,85.7
"LTU","Lithuania","PT_CH_ELG_IM","Percentage of children eligible for immunization","MEAS","Measles",2024,84.6
"LTU","Lithuania","PT_CH_ELG_IM","Percentage of children eligible for immunization","MEAS","Measles",2025,84.5
"LUX","Luxembourg","PT_CH_ELG_IM","Percentage of children eligible for immunization","DIPTETPERT","Diphtheria, Tetanus, Pertussis",2010,99
"LUX","Luxembourg","PT_CH_ELG_IM","Percentage of children eligible for immunization","DIPTETPERT","Diphtheria, Tetanus, Pertussis",2011,99
"LUX","Luxembourg","PT_CH_ELG_IM","Percentage of children eligible for immunization","DIPTETPERT","Diphtheria, Tetanus, Pertussis",2012,99
"LUX","Luxembourg","PT_CH_ELG_IM","Percentage of children eligible for immunization","DIPTETPERT","Diphtheria, Tetanus, Pertussis",2013,99
"LUX","Luxembourg","PT_CH_ELG_IM","Percentage of children eligible for immunization","DIPTETPERT","Diphtheria, Tetanus, Pertussis",2014,99
"LUX","Luxembourg","PT_CH_ELG_IM","Percentage of children eligible for immunization","DIPTETPERT","Diphtheria, Tetanus, Pertussis",2015,99
"LUX","Luxembourg","PT_CH_ELG_IM","Percentage of children eligible for immunization","DIPTETPERT","Diphtheria, Tetanus, Pertussis",2016,99
"LUX","Luxembourg","PT_CH_ELG_IM","Percentage of children eligible for immunization","DIPTETPERT","Diphtheria, Tetanus, Pertussis",2017,99
"LUX","Luxembourg","PT_CH_ELG_IM","Percentage of children eligible for immunization","DIPTETPERT","Diphtheria, Tetanus, Pertussis",2018,99
"LUX","Luxembourg","PT_CH_ELG_IM","Percentage of children eligible for immunization","DIPTETPERT","Diphtheria, Tetanus, Pertussis",2019,99
"LUX","Luxembourg","PT_CH_ELG_IM","Percentage of children eligible for immunization","DIPTETPERT","Diphtheria, Tetanus, Pertussis",2020,99
"LUX","Luxembourg","PT_CH_ELG_IM","Percentage of children eligible for immunization","DIPTETPERT","Diphtheria, Tetanus, Pertussis",2021,99
"LUX","Luxembourg","PT_CH_ELG_IM","Percentage of children eligible for immunization","DIPTETPERT","Diphtheria, Tetanus, Pertussis",2022,99
"LUX","Luxembourg","PT_CH_ELG_IM","Percentage of children eligible for immunization","DIPTETPERT","Diphtheria, Tetanus, Pertussis",2023,99
"LUX","Luxembourg","PT_CH_ELG_IM","Percentage of children eligible for immunization","DIPTETPERT","Diphtheria, Tetanus, Pertussis",2024,99
"LUX","Luxembourg","PT_CH_ELG_IM","Percentage of children eligible for immunization","HEPB","Hepatitis B",2010,94
"LUX","Luxembourg","PT_CH_ELG_IM","Percentage of children eligible for immunization","HEPB","Hepatitis B",2011,95
"LUX","Luxembourg","PT_CH_ELG_IM","Percentage of children eligible for immunization","HEPB","Hepatitis B",2012,94
"LUX","Luxembourg","PT_CH_ELG_IM","Percentage of children eligible for immunization","HEPB","Hepatitis B",2013,94
"LUX","Luxembourg","PT_CH_ELG_IM","Percentage of children eligible for immunization","HEPB","Hepatitis B",2014,94
"LUX","Luxembourg","PT_CH_ELG_IM","Percentage of children eligible for immunization","HEPB","Hepatitis B",2015,94
"LUX","Luxembourg","PT_CH_ELG_IM","Percentage of children eligible for immunization","HEPB","Hepatitis B",2016,94
"LUX","Luxembourg","PT_CH_ELG_IM","Percentage of children eligible for immunization","HEPB","Hepatitis B",2017,94
"LUX","Luxembourg","PT_CH_ELG_IM","Percentage of children eligible for immunization","HEPB","Hepatitis B",2018,96
"LUX","Luxembourg","PT_CH_ELG_IM","Percentage of children eligible for immunization","HEPB","Hepatitis B",2019,96
"LUX","Luxembourg","PT_CH_ELG_IM","Percentage of children eligible for immunization","HEPB","Hepatitis B",2020,96
"LUX","Luxembourg","PT_CH_ELG_IM","Percentage of children eligible for immunization","HEPB","Hepatitis B",2021,96
"LUX","Luxembourg","PT_CH_ELG_IM","Percentage of children eligible for immunization","HEPB","Hepatitis B",2022,97
"LUX","Luxembourg","PT_CH_ELG_IM","Percentage of children eligible for immunization","HEPB","Hepatitis B",2023,98
"LUX","Luxembourg","PT_CH_ELG_IM","Percentage of children eligible for immunization","HEPB","Hepatitis B",2024,98
"LUX","Luxembourg","PT_POP_Y_GE65","Percentage of population aged 65 years or over","IFLU","Influenza",2010,45.2
"LUX","Luxembourg","PT_POP_Y_GE65","Percentage of population aged 65 years or over","IFLU","Influenza",2011,45.4
"LUX","Luxembourg","PT_POP_Y_GE65","Percentage of population aged 65 years or over","IFLU","Influenza",2012,43.3
"LUX","Luxembourg","PT_POP_Y_GE65","Percentage of population aged 65 years or over","IFLU","Influenza",2013,42.1
"LUX","Luxembourg","PT_POP_Y_GE65","Percentage of population aged 65 years or over","IFLU","Influenza",2014,40.1
"LUX","Luxembourg","PT_POP_Y_GE65","Percentage of population aged 65 years or over","IFLU","Influenza",2015,39.5
"LUX","Luxembourg","PT_POP_Y_GE65","Percentage of population aged 65 years or over","IFLU","Influenza",2016,38
"LUX","Luxembourg","PT_POP_Y_GE65","Percentage of population aged 65 years or over","IFLU","Influenza",2017,37.6
"LUX","Luxembourg","PT_POP_Y_GE65","Percentage of population aged 65 years or over","IFLU","Influenza",2018,39.8
"LUX","Luxembourg","PT_POP_Y_GE65","Percentage of population aged 65 years or over","IFLU","Influenza",2019,40.4
"LUX","Luxembourg","PT_POP_Y_GE65","Percentage of population aged 65 years or over","IFLU","Influenza",2020,46.3
"LUX","Luxembourg","PT_POP_Y_GE65","Percentage of population aged 65 years or over","IFLU","Influenza",2021,44.2
"LUX","Luxembourg","PT_POP_Y_GE65","Percentage of population aged 65 years or over","IFLU","Influenza",2022,43.4
"LUX","Luxembourg","PT_POP_Y_GE65","Percentage of population aged 65 years or over","IFLU","Influenza",2023,42.9
"LUX","Luxembourg","PT_POP_Y_GE65","Percentage of population aged 65 years or over","IFLU","Influenza",2024,40.5
"LUX","Luxembourg","PT_CH_ELG_IM","Percentage of children eligible for immunization","MEAS","Measles",2012,86
"LUX","Luxembourg","PT_CH_ELG_IM","Percentage of children eligible for immunization","MEAS","Measles",2013,86
"LUX","Luxembourg","PT_CH_ELG_IM","Percentage of children eligible for immunization","MEAS","Measles",2014,86
"LUX","Luxembourg","PT_CH_ELG_IM","Percentage of children eligible for immunization","MEAS","Measles",2015,86
"LUX","Luxembourg","PT_CH_ELG_IM","Percentage of children eligible for immunization","MEAS","Measles",2016,86
"LUX","Luxembourg","PT_CH_ELG_IM","Percentage of children eligible for immunization","MEAS","Measles",2017,86
"LUX","Luxembourg","PT_CH_ELG_IM","Percentage of children eligible for immunization","MEAS","Measles",2018,90
"LUX","Luxembourg","PT_CH_ELG_IM","Percentage of children eligible for immunization","MEAS","Measles",2019,90
"LUX","Luxembourg","PT_CH_ELG_IM","Percentage of children eligible for immunization","MEAS","Measles",2020,90
"LUX","Luxembourg","PT_CH_ELG_IM","Percentage of children eligible for immunization","MEAS","Measles",2021,90
"LUX","Luxembourg","PT_CH_ELG_IM","Percentage of children eligible for immunization","MEAS","Measles",2022,92
"LUX","Luxembourg","PT_CH_ELG_IM","Percentage of children eligible for immunization","MEAS","Measles",2023,94
"LUX","Luxembourg","PT_CH_ELG_IM","Percentage of children eligible for immunization","MEAS","Measles",2024,94
"MLT","Malta","PT_CH_ELG_IM","Percentage of children eligible for immunization","DIPTETPERT","Diphtheria, Tetanus, Pertussis",2010,76
"MLT","Malta","PT_CH_ELG_IM","Percentage of children eligible for immunization","DIPTETPERT","Diphtheria, Tetanus, Pertussis",2011,95.7
"MLT","Malta","PT_CH_ELG_IM","Percentage of children eligible for immunization","DIPTETPERT","Diphtheria, Tetanus, Pertussis",2012,98.7
"MLT","Malta","PT_CH_ELG_IM","Percentage of children eligible for immunization","DIPTETPERT","Diphtheria, Tetanus, Pertussis",2013,99.2
"MLT","Malta","PT_CH_ELG_IM","Percentage of children eligible for immunization","DIPTETPERT","Diphtheria, Tetanus, Pertussis",2014,98.9
"MLT","Malta","PT_CH_ELG_IM","Percentage of children eligible for immunization","DIPTETPERT","Diphtheria, Tetanus, Pertussis",2015,96.6
"MLT","Malta","PT_CH_ELG_IM","Percentage of children eligible for immunization","DIPTETPERT","Diphtheria, Tetanus, Pertussis",2016,96.9
"MLT","Malta","PT_CH_ELG_IM","Percentage of children eligible for immunization","DIPTETPERT","Diphtheria, Tetanus, Pertussis",2017,97.9
"MLT","Malta","PT_CH_ELG_IM","Percentage of children eligible for immunization","DIPTETPERT","Diphtheria, Tetanus, Pertussis",2018,97
"MLT","Malta","PT_CH_ELG_IM","Percentage of children eligible for immunization","DIPTETPERT","Diphtheria, Tetanus, Pertussis",2019,98.2
"MLT","Malta","PT_CH_ELG_IM","Percentage of children eligible for immunization","DIPTETPERT","Diphtheria, Tetanus, Pertussis",2020,98.4
"MLT","Malta","PT_CH_ELG_IM","Percentage of children eligible for immunization","DIPTETPERT","Diphtheria, Tetanus, Pertussis",2021,99
"MLT","Malta","PT_CH_ELG_IM","Percentage of children eligible for immunization","DIPTETPERT","Diphtheria, Tetanus, Pertussis",2022,98.4
"MLT","Malta","PT_CH_ELG_IM","Percentage of children eligible for immunization","DIPTETPERT","Diphtheria, Tetanus, Pertussis",2023,98.3
"MLT","Malta","PT_CH_ELG_IM","Percentage of children eligible for immunization","DIPTETPERT","Diphtheria, Tetanus, Pertussis",2024,97.4
"MLT","Malta","PT_CH_ELG_IM","Percentage of children eligible for immunization","DIPTETPERT","Diphtheria, Tetanus, Pertussis",2025,98.5
"MLT","Malta","PT_CH_ELG_IM","Percentage of children eligible for immunization","HEPB","Hepatitis B",2010,74.8
"MLT","Malta","PT_CH_ELG_IM","Percentage of children eligible for immunization","HEPB","Hepatitis B",2011,81.5
"MLT","Malta","PT_CH_ELG_IM","Percentage of children eligible for immunization","HEPB","Hepatitis B",2012,92.7
"MLT","Malta","PT_CH_ELG_IM","Percentage of children eligible for immunization","HEPB","Hepatitis B",2013,93.8
"MLT","Malta","PT_CH_ELG_IM","Percentage of children eligible for immunization","HEPB","Hepatitis B",2014,89.7
"MLT","Malta","PT_CH_ELG_IM","Percentage of children eligible for immunization","HEPB","Hepatitis B",2015,94.7
"MLT","Malta","PT_CH_ELG_IM","Percentage of children eligible for immunization","HEPB","Hepatitis B",2016,97.3
"MLT","Malta","PT_CH_ELG_IM","Percentage of children eligible for immunization","HEPB","Hepatitis B",2017,87.9
"MLT","Malta","PT_CH_ELG_IM","Percentage of children eligible for immunization","HEPB","Hepatitis B",2018,98
"MLT","Malta","PT_CH_ELG_IM","Percentage of children eligible for immunization","HEPB","Hepatitis B",2019,79.2
"MLT","Malta","PT_CH_ELG_IM","Percentage of children eligible for immunization","HEPB","Hepatitis B",2020,97.9
"MLT","Malta","PT_CH_ELG_IM","Percentage of children eligible for immunization","HEPB","Hepatitis B",2021,99
"MLT","Malta","PT_CH_ELG_IM","Percentage of children eligible for immunization","HEPB","Hepatitis B",2022,98.4
"MLT","Malta","PT_CH_ELG_IM","Percentage of children eligible for immunization","HEPB","Hepatitis B",2023,98.3
"MLT","Malta","PT_CH_ELG_IM","Percentage of children eligible for immunization","HEPB","Hepatitis B",2024,97.4
"MLT","Malta","PT_CH_ELG_IM","Percentage of children eligible for immunization","HEPB","Hepatitis B",2025,98.5
"MLT","Malta","PT_POP_Y_GE65","Percentage of population aged 65 years or over","IFLU","Influenza",2014,53.7
"MLT","Malta","PT_POP_Y_GE65","Percentage of population aged 65 years or over","IFLU","Influenza",2017,55.5
"MLT","Malta","PT_POP_Y_GE65","Percentage of population aged 65 years or over","IFLU","Influenza",2018,51.4
"MLT","Malta","PT_POP_Y_GE65","Percentage of population aged 65 years or over","IFLU","Influenza",2019,52.9
"MLT","Malta","PT_POP_Y_GE65","Percentage of population aged 65 years or over","IFLU","Influenza",2020,67
"MLT","Malta","PT_POP_Y_GE65","Percentage of population aged 65 years or over","IFLU","Influenza",2021,58.6
"MLT","Malta","PT_POP_Y_GE65","Percentage of population aged 65 years or over","IFLU","Influenza",2022,42.4
"MLT","Malta","PT_POP_Y_GE65","Percentage of population aged 65 years or over","IFLU","Influenza",2023,43.1
"MLT","Malta","PT_POP_Y_GE65","Percentage of population aged 65 years or over","IFLU","Influenza",2024,40.1
"MLT","Malta","PT_CH_ELG_IM","Percentage of children eligible for immunization","MEAS","Measles",2010,97.2
"MLT","Malta","PT_CH_ELG_IM","Percentage of children eligible for immunization","MEAS","Measles",2011,85.1
"MLT","Malta","PT_CH_ELG_IM","Percentage of children eligible for immunization","MEAS","Measles",2012,90.9
"MLT","Malta","PT_CH_ELG_IM","Percentage of children eligible for immunization","MEAS","Measles",2013,88.3
"MLT","Malta","PT_CH_ELG_IM","Percentage of children eligible for immunization","MEAS","Measles",2014,94.3
"MLT","Malta","PT_CH_ELG_IM","Percentage of children eligible for immunization","MEAS","Measles",2015,90.8
"MLT","Malta","PT_CH_ELG_IM","Percentage of children eligible for immunization","MEAS","Measles",2016,85.7
"MLT","Malta","PT_CH_ELG_IM","Percentage of children eligible for immunization","MEAS","Measles",2017,82.7
"MLT","Malta","PT_CH_ELG_IM","Percentage of children eligible for immunization","MEAS","Measles",2018,95
"MLT","Malta","PT_CH_ELG_IM","Percentage of children eligible for immunization","MEAS","Measles",2019,95.5
"MLT","Malta","PT_CH_ELG_IM","Percentage of children eligible for immunization","MEAS","Measles",2020,99.2
"MLT","Malta","PT_CH_ELG_IM","Percentage of children eligible for immunization","MEAS","Measles",2021,92.9
"MLT","Malta","PT_CH_ELG_IM","Percentage of children eligible for immunization","MEAS","Measles",2022,95.3
"MLT","Malta","PT_CH_ELG_IM","Percentage of children eligible for immunization","MEAS","Measles",2023,84.4
"MLT","Malta","PT_CH_ELG_IM","Percentage of children eligible for immunization","MEAS","Measles",2024,85.7
"MLT","Malta","PT_CH_ELG_IM","Percentage of children eligible for immunization","MEAS","Measles",2025,89
"MEX","Mexico","PT_CH_ELG_IM","Percentage of children eligible for immunization","DIPTETPERT","Diphtheria, Tetanus, Pertussis",2010,95.2
"MEX","Mexico","PT_CH_ELG_IM","Percentage of children eligible for immunization","DIPTETPERT","Diphtheria, Tetanus, Pertussis",2011,97.3
"MEX","Mexico","PT_CH_ELG_IM","Percentage of children eligible for immunization","DIPTETPERT","Diphtheria, Tetanus, Pertussis",2012,98.8
"MEX","Mexico","PT_CH_ELG_IM","Percentage of children eligible for immunization","DIPTETPERT","Diphtheria, Tetanus, Pertussis",2013,82.7
"MEX","Mexico","PT_CH_ELG_IM","Percentage of children eligible for immunization","DIPTETPERT","Diphtheria, Tetanus, Pertussis",2014,86.9
"MEX","Mexico","PT_CH_ELG_IM","Percentage of children eligible for immunization","DIPTETPERT","Diphtheria, Tetanus, Pertussis",2015,87.1
"MEX","Mexico","PT_CH_ELG_IM","Percentage of children eligible for immunization","DIPTETPERT","Diphtheria, Tetanus, Pertussis",2016,93.3
"MEX","Mexico","PT_CH_ELG_IM","Percentage of children eligible for immunization","DIPTETPERT","Diphtheria, Tetanus, Pertussis",2017,85
"MEX","Mexico","PT_CH_ELG_IM","Percentage of children eligible for immunization","DIPTETPERT","Diphtheria, Tetanus, Pertussis",2018,88
"MEX","Mexico","PT_CH_ELG_IM","Percentage of children eligible for immunization","DIPTETPERT","Diphtheria, Tetanus, Pertussis",2019,82
"MEX","Mexico","PT_CH_ELG_IM","Percentage of children eligible for immunization","DIPTETPERT","Diphtheria, Tetanus, Pertussis",2020,85.8
"MEX","Mexico","PT_CH_ELG_IM","Percentage of children eligible for immunization","DIPTETPERT","Diphtheria, Tetanus, Pertussis",2021,77.9
"MEX","Mexico","PT_CH_ELG_IM","Percentage of children eligible for immunization","DIPTETPERT","Diphtheria, Tetanus, Pertussis",2022,83.4
"MEX","Mexico","PT_CH_ELG_IM","Percentage of children eligible for immunization","DIPTETPERT","Diphtheria, Tetanus, Pertussis",2023,84.7
"MEX","Mexico","PT_CH_ELG_IM","Percentage of children eligible for immunization","DIPTETPERT","Diphtheria, Tetanus, Pertussis",2024,78.4
"MEX","Mexico","PT_CH_ELG_IM","Percentage of children eligible for immunization","HEPB","Hepatitis B",2010,92.8
"MEX","Mexico","PT_CH_ELG_IM","Percentage of children eligible for immunization","HEPB","Hepatitis B",2011,97.7
"MEX","Mexico","PT_CH_ELG_IM","Percentage of children eligible for immunization","HEPB","Hepatitis B",2012,99
"MEX","Mexico","PT_CH_ELG_IM","Percentage of children eligible for immunization","HEPB","Hepatitis B",2013,79.1
"MEX","Mexico","PT_CH_ELG_IM","Percentage of children eligible for immunization","HEPB","Hepatitis B",2014,84.3
"MEX","Mexico","PT_CH_ELG_IM","Percentage of children eligible for immunization","HEPB","Hepatitis B",2015,82.5
"MEX","Mexico","PT_CH_ELG_IM","Percentage of children eligible for immunization","HEPB","Hepatitis B",2016,93.1
"MEX","Mexico","PT_CH_ELG_IM","Percentage of children eligible for immunization","HEPB","Hepatitis B",2017,58.2
"MEX","Mexico","PT_CH_ELG_IM","Percentage of children eligible for immunization","HEPB","Hepatitis B",2018,55
"MEX","Mexico","PT_CH_ELG_IM","Percentage of children eligible for immunization","HEPB","Hepatitis B",2019,56
"MEX","Mexico","PT_CH_ELG_IM","Percentage of children eligible for immunization","HEPB","Hepatitis B",2020,91.8
"MEX","Mexico","PT_CH_ELG_IM","Percentage of children eligible for immunization","HEPB","Hepatitis B",2021,79.8
"MEX","Mexico","PT_CH_ELG_IM","Percentage of children eligible for immunization","HEPB","Hepatitis B",2022,83.4
"MEX","Mexico","PT_CH_ELG_IM","Percentage of children eligible for immunization","HEPB","Hepatitis B",2023,84.7
"MEX","Mexico","PT_CH_ELG_IM","Percentage of children eligible for immunization","HEPB","Hepatitis B",2024,78.3
"MEX","Mexico","PT_CH_ELG_IM","Percentage of children eligible for immunization","HEPB","Hepatitis B",2025,88.5
"MEX","Mexico","PT_POP_Y_GE65","Percentage of population aged 65 years or over","IFLU","Influenza",2010,71.1
"MEX","Mexico","PT_POP_Y_GE65","Percentage of population aged 65 years or over","IFLU","Influenza",2011,74.9
"MEX","Mexico","PT_POP_Y_GE65","Percentage of population aged 65 years or over","IFLU","Influenza",2012,68.7
"MEX","Mexico","PT_POP_Y_GE65","Percentage of population aged 65 years or over","IFLU","Influenza",2013,79
"MEX","Mexico","PT_POP_Y_GE65","Percentage of population aged 65 years or over","IFLU","Influenza",2014,82.6
"MEX","Mexico","PT_POP_Y_GE65","Percentage of population aged 65 years or over","IFLU","Influenza",2016,94.4
"MEX","Mexico","PT_POP_Y_GE65","Percentage of population aged 65 years or over","IFLU","Influenza",2017,88.4
"MEX","Mexico","PT_POP_Y_GE65","Percentage of population aged 65 years or over","IFLU","Influenza",2018,78.7
"MEX","Mexico","PT_POP_Y_GE65","Percentage of population aged 65 years or over","IFLU","Influenza",2019,77.1
"MEX","Mexico","PT_POP_Y_GE65","Percentage of population aged 65 years or over","IFLU","Influenza",2020,71.5
"MEX","Mexico","PT_POP_Y_GE65","Percentage of population aged 65 years or over","IFLU","Influenza",2021,73.3
"MEX","Mexico","PT_POP_Y_GE65","Percentage of population aged 65 years or over","IFLU","Influenza",2022,91.8
"MEX","Mexico","PT_POP_Y_GE65","Percentage of population aged 65 years or over","IFLU","Influenza",2023,83
"MEX","Mexico","PT_POP_Y_GE65","Percentage of population aged 65 years or over","IFLU","Influenza",2024,85.9
"MEX","Mexico","PT_CH_ELG_IM","Percentage of children eligible for immunization","MEAS","Measles",2010,91
"MEX","Mexico","PT_CH_ELG_IM","Percentage of children eligible for immunization","MEAS","Measles",2011,96.6
"MEX","Mexico","PT_CH_ELG_IM","Percentage of children eligible for immunization","MEAS","Measles",2012,91.8
"MEX","Mexico","PT_CH_ELG_IM","Percentage of children eligible for immunization","MEAS","Measles",2013,79
"MEX","Mexico","PT_CH_ELG_IM","Percentage of children eligible for immunization","MEAS","Measles",2014,96.4
"MEX","Mexico","PT_CH_ELG_IM","Percentage of children eligible for immunization","MEAS","Measles",2015,96.1
"MEX","Mexico","PT_CH_ELG_IM","Percentage of children eligible for immunization","MEAS","Measles",2016,95.3
"MEX","Mexico","PT_CH_ELG_IM","Percentage of children eligible for immunization","MEAS","Measles",2017,62
"MEX","Mexico","PT_CH_ELG_IM","Percentage of children eligible for immunization","MEAS","Measles",2018,99
"MEX","Mexico","PT_CH_ELG_IM","Percentage of children eligible for immunization","MEAS","Measles",2019,55
"MEX","Mexico","PT_CH_ELG_IM","Percentage of children eligible for immunization","MEAS","Measles",2020,83.3
"MEX","Mexico","PT_CH_ELG_IM","Percentage of children eligible for immunization","MEAS","Measles",2021,97
"MEX","Mexico","PT_CH_ELG_IM","Percentage of children eligible for immunization","MEAS","Measles",2022,83.5
"MEX","Mexico","PT_CH_ELG_IM","Percentage of children eligible for immunization","MEAS","Measles",2023,73.7
"MEX","Mexico","PT_CH_ELG_IM","Percentage of children eligible for immunization","MEAS","Measles",2024,69
"MEX","Mexico","PT_CH_ELG_IM","Percentage of children eligible for immunization","MEAS","Measles",2025,100
"MDA","Moldova","PT_CH_ELG_IM","Percentage of children eligible for immunization","DIPTETPERT","Diphtheria, Tetanus, Pertussis",2010,89.5
"MDA","Moldova","PT_CH_ELG_IM","Percentage of children eligible for immunization","DIPTETPERT","Diphtheria, Tetanus, Pertussis",2011,91.7
"MDA","Moldova","PT_CH_ELG_IM","Percentage of children eligible for immunization","DIPTETPERT","Diphtheria, Tetanus, Pertussis",2012,90.3
"MDA","Moldova","PT_CH_ELG_IM","Percentage of children eligible for immunization","DIPTETPERT","Diphtheria, Tetanus, Pertussis",2013,89.6
"MDA","Moldova","PT_CH_ELG_IM","Percentage of children eligible for immunization","DIPTETPERT","Diphtheria, Tetanus, Pertussis",2014,82.4
"MDA","Moldova","PT_CH_ELG_IM","Percentage of children eligible for immunization","DIPTETPERT","Diphtheria, Tetanus, Pertussis",2015,86.6
"MDA","Moldova","PT_CH_ELG_IM","Percentage of children eligible for immunization","DIPTETPERT","Diphtheria, Tetanus, Pertussis",2016,88.7
"MDA","Moldova","PT_CH_ELG_IM","Percentage of children eligible for immunization","DIPTETPERT","Diphtheria, Tetanus, Pertussis",2017,87.7
"MDA","Moldova","PT_CH_ELG_IM","Percentage of children eligible for immunization","DIPTETPERT","Diphtheria, Tetanus, Pertussis",2018,92.8
"MDA","Moldova","PT_CH_ELG_IM","Percentage of children eligible for immunization","DIPTETPERT","Diphtheria, Tetanus, Pertussis",2019,90.6
"MDA","Moldova","PT_CH_ELG_IM","Percentage of children eligible for immunization","DIPTETPERT","Diphtheria, Tetanus, Pertussis",2020,86.1
"MDA","Moldova","PT_CH_ELG_IM","Percentage of children eligible for immunization","DIPTETPERT","Diphtheria, Tetanus, Pertussis",2021,86.7
"MDA","Moldova","PT_CH_ELG_IM","Percentage of children eligible for immunization","DIPTETPERT","Diphtheria, Tetanus, Pertussis",2022,87.6
"MDA","Moldova","PT_CH_ELG_IM","Percentage of children eligible for immunization","DIPTETPERT","Diphtheria, Tetanus, Pertussis",2023,87.4
"MDA","Moldova","PT_CH_ELG_IM","Percentage of children eligible for immunization","DIPTETPERT","Diphtheria, Tetanus, Pertussis",2024,86.7
"MDA","Moldova","PT_CH_ELG_IM","Percentage of children eligible for immunization","DIPTETPERT","Diphtheria, Tetanus, Pertussis",2025,82
"MDA","Moldova","PT_CH_ELG_IM","Percentage of children eligible for immunization","HEPB","Hepatitis B",2010,96.6
"MDA","Moldova","PT_CH_ELG_IM","Percentage of children eligible for immunization","HEPB","Hepatitis B",2011,96.7
"MDA","Moldova","PT_CH_ELG_IM","Percentage of children eligible for immunization","HEPB","Hepatitis B",2012,92.3
"MDA","Moldova","PT_CH_ELG_IM","Percentage of children eligible for immunization","HEPB","Hepatitis B",2013,91.2
"MDA","Moldova","PT_CH_ELG_IM","Percentage of children eligible for immunization","HEPB","Hepatitis B",2014,83.5
"MDA","Moldova","PT_CH_ELG_IM","Percentage of children eligible for immunization","HEPB","Hepatitis B",2015,87.9
"MDA","Moldova","PT_CH_ELG_IM","Percentage of children eligible for immunization","HEPB","Hepatitis B",2016,89.8
"MDA","Moldova","PT_CH_ELG_IM","Percentage of children eligible for immunization","HEPB","Hepatitis B",2017,88.6
"MDA","Moldova","PT_CH_ELG_IM","Percentage of children eligible for immunization","HEPB","Hepatitis B",2018,93.8
"MDA","Moldova","PT_CH_ELG_IM","Percentage of children eligible for immunization","HEPB","Hepatitis B",2019,94.1
"MDA","Moldova","PT_CH_ELG_IM","Percentage of children eligible for immunization","HEPB","Hepatitis B",2020,87.5
"MDA","Moldova","PT_CH_ELG_IM","Percentage of children eligible for immunization","HEPB","Hepatitis B",2021,86.9
"MDA","Moldova","PT_CH_ELG_IM","Percentage of children eligible for immunization","HEPB","Hepatitis B",2022,90.2
"MDA","Moldova","PT_CH_ELG_IM","Percentage of children eligible for immunization","HEPB","Hepatitis B",2023,88.1
"MDA","Moldova","PT_CH_ELG_IM","Percentage of children eligible for immunization","HEPB","Hepatitis B",2024,87.6
"MDA","Moldova","PT_CH_ELG_IM","Percentage of children eligible for immunization","HEPB","Hepatitis B",2025,85
"MDA","Moldova","PT_POP_Y_GE65","Percentage of population aged 65 years or over","IFLU","Influenza",2022,22.6
"MDA","Moldova","PT_POP_Y_GE65","Percentage of population aged 65 years or over","IFLU","Influenza",2023,20.9
"MDA","Moldova","PT_POP_Y_GE65","Percentage of population aged 65 years or over","IFLU","Influenza",2024,22.2
"MDA","Moldova","PT_CH_ELG_IM","Percentage of children eligible for immunization","MEAS","Measles",2010,90.5
"MDA","Moldova","PT_CH_ELG_IM","Percentage of children eligible for immunization","MEAS","Measles",2011,89
"MDA","Moldova","PT_CH_ELG_IM","Percentage of children eligible for immunization","MEAS","Measles",2012,91.9
"MDA","Moldova","PT_CH_ELG_IM","Percentage of children eligible for immunization","MEAS","Measles",2013,94.3
"MDA","Moldova","PT_CH_ELG_IM","Percentage of children eligible for immunization","MEAS","Measles",2014,93.4
"MDA","Moldova","PT_CH_ELG_IM","Percentage of children eligible for immunization","MEAS","Measles",2015,89.7
"MDA","Moldova","PT_CH_ELG_IM","Percentage of children eligible for immunization","MEAS","Measles",2016,96
"MDA","Moldova","PT_CH_ELG_IM","Percentage of children eligible for immunization","MEAS","Measles",2017,92.4
"MDA","Moldova","PT_CH_ELG_IM","Percentage of children eligible for immunization","MEAS","Measles",2018,96
"MDA","Moldova","PT_CH_ELG_IM","Percentage of children eligible for immunization","MEAS","Measles",2019,94.8
"MDA","Moldova","PT_CH_ELG_IM","Percentage of children eligible for immunization","MEAS","Measles",2020,93.3
"MDA","Moldova","PT_CH_ELG_IM","Percentage of children eligible for immunization","MEAS","Measles",2021,91.6
"MDA","Moldova","PT_CH_ELG_IM","Percentage of children eligible for immunization","MEAS","Measles",2022,92.6
"MDA","Moldova","PT_CH_ELG_IM","Percentage of children eligible for immunization","MEAS","Measles",2023,92.8
"MDA","Moldova","PT_CH_ELG_IM","Percentage of children eligible for immunization","MEAS","Measles",2024,93.1
"MDA","Moldova","PT_CH_ELG_IM","Percentage of children eligible for immunization","MEAS","Measles",2025,90
"MNE","Montenegro","PT_CH_ELG_IM","Percentage of children eligible for immunization","DIPTETPERT","Diphtheria, Tetanus, Pertussis",2010,93.7
"MNE","Montenegro","PT_CH_ELG_IM","Percentage of children eligible for immunization","DIPTETPERT","Diphtheria, Tetanus, Pertussis",2011,94.7
"MNE","Montenegro","PT_CH_ELG_IM","Percentage of children eligible for immunization","DIPTETPERT","Diphtheria, Tetanus, Pertussis",2012,94.3
"MNE","Montenegro","PT_CH_ELG_IM","Percentage of children eligible for immunization","DIPTETPERT","Diphtheria, Tetanus, Pertussis",2013,94.2
"MNE","Montenegro","PT_CH_ELG_IM","Percentage of children eligible for immunization","DIPTETPERT","Diphtheria, Tetanus, Pertussis",2014,91.2
"MNE","Montenegro","PT_CH_ELG_IM","Percentage of children eligible for immunization","DIPTETPERT","Diphtheria, Tetanus, Pertussis",2015,89.3
"MNE","Montenegro","PT_CH_ELG_IM","Percentage of children eligible for immunization","DIPTETPERT","Diphtheria, Tetanus, Pertussis",2016,89.1
"MNE","Montenegro","PT_CH_ELG_IM","Percentage of children eligible for immunization","DIPTETPERT","Diphtheria, Tetanus, Pertussis",2017,86.6
"MNE","Montenegro","PT_CH_ELG_IM","Percentage of children eligible for immunization","DIPTETPERT","Diphtheria, Tetanus, Pertussis",2018,85.8
"MNE","Montenegro","PT_CH_ELG_IM","Percentage of children eligible for immunization","DIPTETPERT","Diphtheria, Tetanus, Pertussis",2019,86.7
"MNE","Montenegro","PT_CH_ELG_IM","Percentage of children eligible for immunization","DIPTETPERT","Diphtheria, Tetanus, Pertussis",2020,84.2
"MNE","Montenegro","PT_CH_ELG_IM","Percentage of children eligible for immunization","DIPTETPERT","Diphtheria, Tetanus, Pertussis",2021,83.1
"MNE","Montenegro","PT_CH_ELG_IM","Percentage of children eligible for immunization","DIPTETPERT","Diphtheria, Tetanus, Pertussis",2022,80.3
"MNE","Montenegro","PT_CH_ELG_IM","Percentage of children eligible for immunization","DIPTETPERT","Diphtheria, Tetanus, Pertussis",2023,81.2
"MNE","Montenegro","PT_CH_ELG_IM","Percentage of children eligible for immunization","DIPTETPERT","Diphtheria, Tetanus, Pertussis",2024,81
"MNE","Montenegro","PT_CH_ELG_IM","Percentage of children eligible for immunization","DIPTETPERT","Diphtheria, Tetanus, Pertussis",2025,75.5
"MNE","Montenegro","PT_CH_ELG_IM","Percentage of children eligible for immunization","HEPB","Hepatitis B",2010,90.3
"MNE","Montenegro","PT_CH_ELG_IM","Percentage of children eligible for immunization","HEPB","Hepatitis B",2011,91.1
"MNE","Montenegro","PT_CH_ELG_IM","Percentage of children eligible for immunization","HEPB","Hepatitis B",2012,89.8
"MNE","Montenegro","PT_CH_ELG_IM","Percentage of children eligible for immunization","HEPB","Hepatitis B",2013,89.8
"MNE","Montenegro","PT_CH_ELG_IM","Percentage of children eligible for immunization","HEPB","Hepatitis B",2014,86.6
"MNE","Montenegro","PT_CH_ELG_IM","Percentage of children eligible for immunization","HEPB","Hepatitis B",2015,81.6
"MNE","Montenegro","PT_CH_ELG_IM","Percentage of children eligible for immunization","HEPB","Hepatitis B",2016,75.3
"MNE","Montenegro","PT_CH_ELG_IM","Percentage of children eligible for immunization","HEPB","Hepatitis B",2017,73.5
"MNE","Montenegro","PT_CH_ELG_IM","Percentage of children eligible for immunization","HEPB","Hepatitis B",2018,71.9
"MNE","Montenegro","PT_CH_ELG_IM","Percentage of children eligible for immunization","HEPB","Hepatitis B",2019,68.1
"MNE","Montenegro","PT_CH_ELG_IM","Percentage of children eligible for immunization","HEPB","Hepatitis B",2020,52.2
"MNE","Montenegro","PT_CH_ELG_IM","Percentage of children eligible for immunization","HEPB","Hepatitis B",2021,50.7
"MNE","Montenegro","PT_CH_ELG_IM","Percentage of children eligible for immunization","HEPB","Hepatitis B",2022,44.7
"MNE","Montenegro","PT_CH_ELG_IM","Percentage of children eligible for immunization","HEPB","Hepatitis B",2023,41.7
"MNE","Montenegro","PT_CH_ELG_IM","Percentage of children eligible for immunization","HEPB","Hepatitis B",2024,61.3
"MNE","Montenegro","PT_CH_ELG_IM","Percentage of children eligible for immunization","HEPB","Hepatitis B",2025,41.5
"MNE","Montenegro","PT_POP_Y_GE65","Percentage of population aged 65 years or over","IFLU","Influenza",2010,15.2
"MNE","Montenegro","PT_POP_Y_GE65","Percentage of population aged 65 years or over","IFLU","Influenza",2011,15.6
"MNE","Montenegro","PT_POP_Y_GE65","Percentage of population aged 65 years or over","IFLU","Influenza",2012,15.2
"MNE","Montenegro","PT_POP_Y_GE65","Percentage of population aged 65 years or over","IFLU","Influenza",2013,14.3
"MNE","Montenegro","PT_POP_Y_GE65","Percentage of population aged 65 years or over","IFLU","Influenza",2014,13.6
"MNE","Montenegro","PT_POP_Y_GE65","Percentage of population aged 65 years or over","IFLU","Influenza",2015,13.2
"MNE","Montenegro","PT_POP_Y_GE65","Percentage of population aged 65 years or over","IFLU","Influenza",2016,13.2
"MNE","Montenegro","PT_POP_Y_GE65","Percentage of population aged 65 years or over","IFLU","Influenza",2017,12.5
"MNE","Montenegro","PT_POP_Y_GE65","Percentage of population aged 65 years or over","IFLU","Influenza",2018,13.6
"MNE","Montenegro","PT_POP_Y_GE65","Percentage of population aged 65 years or over","IFLU","Influenza",2019,16.7
"MNE","Montenegro","PT_POP_Y_GE65","Percentage of population aged 65 years or over","IFLU","Influenza",2020,18.8
"MNE","Montenegro","PT_POP_Y_GE65","Percentage of population aged 65 years or over","IFLU","Influenza",2021,13.5
"MNE","Montenegro","PT_POP_Y_GE65","Percentage of population aged 65 years or over","IFLU","Influenza",2022,13.1
"MNE","Montenegro","PT_POP_Y_GE65","Percentage of population aged 65 years or over","IFLU","Influenza",2023,9.1
"MNE","Montenegro","PT_POP_Y_GE65","Percentage of population aged 65 years or over","IFLU","Influenza",2024,12.4
"MNE","Montenegro","PT_CH_ELG_IM","Percentage of children eligible for immunization","MEAS","Measles",2010,97
"MNE","Montenegro","PT_CH_ELG_IM","Percentage of children eligible for immunization","MEAS","Measles",2011,97.2
"MNE","Montenegro","PT_CH_ELG_IM","Percentage of children eligible for immunization","MEAS","Measles",2012,97.2
"MNE","Montenegro","PT_CH_ELG_IM","Percentage of children eligible for immunization","MEAS","Measles",2013,97.2
"MNE","Montenegro","PT_CH_ELG_IM","Percentage of children eligible for immunization","MEAS","Measles",2014,95.2
"MNE","Montenegro","PT_CH_ELG_IM","Percentage of children eligible for immunization","MEAS","Measles",2015,93.5
"MNE","Montenegro","PT_CH_ELG_IM","Percentage of children eligible for immunization","MEAS","Measles",2016,86.4
"MNE","Montenegro","PT_CH_ELG_IM","Percentage of children eligible for immunization","MEAS","Measles",2017,86.1
"MNE","Montenegro","PT_CH_ELG_IM","Percentage of children eligible for immunization","MEAS","Measles",2018,85.9
"MNE","Montenegro","PT_CH_ELG_IM","Percentage of children eligible for immunization","MEAS","Measles",2019,79.5
"MNE","Montenegro","PT_CH_ELG_IM","Percentage of children eligible for immunization","MEAS","Measles",2020,76.2
"MNE","Montenegro","PT_CH_ELG_IM","Percentage of children eligible for immunization","MEAS","Measles",2021,79.1
"MNE","Montenegro","PT_CH_ELG_IM","Percentage of children eligible for immunization","MEAS","Measles",2022,69.5
"MNE","Montenegro","PT_CH_ELG_IM","Percentage of children eligible for immunization","MEAS","Measles",2023,68.6
"MNE","Montenegro","PT_CH_ELG_IM","Percentage of children eligible for immunization","MEAS","Measles",2024,68.4
"MNE","Montenegro","PT_CH_ELG_IM","Percentage of children eligible for immunization","MEAS","Measles",2025,65.9
"NLD","Netherlands","PT_CH_ELG_IM","Percentage of children eligible for immunization","DIPTETPERT","Diphtheria, Tetanus, Pertussis",2010,96.9
"NLD","Netherlands","PT_CH_ELG_IM","Percentage of children eligible for immunization","DIPTETPERT","Diphtheria, Tetanus, Pertussis",2011,96.7
"NLD","Netherlands","PT_CH_ELG_IM","Percentage of children eligible for immunization","DIPTETPERT","Diphtheria, Tetanus, Pertussis",2012,96.7
"NLD","Netherlands","PT_CH_ELG_IM","Percentage of children eligible for immunization","DIPTETPERT","Diphtheria, Tetanus, Pertussis",2013,96.6
"NLD","Netherlands","PT_CH_ELG_IM","Percentage of children eligible for immunization","DIPTETPERT","Diphtheria, Tetanus, Pertussis",2014,96
"NLD","Netherlands","PT_CH_ELG_IM","Percentage of children eligible for immunization","DIPTETPERT","Diphtheria, Tetanus, Pertussis",2015,95.5
"NLD","Netherlands","PT_CH_ELG_IM","Percentage of children eligible for immunization","DIPTETPERT","Diphtheria, Tetanus, Pertussis",2016,94.8
"NLD","Netherlands","PT_CH_ELG_IM","Percentage of children eligible for immunization","DIPTETPERT","Diphtheria, Tetanus, Pertussis",2017,93.9
"NLD","Netherlands","PT_CH_ELG_IM","Percentage of children eligible for immunization","DIPTETPERT","Diphtheria, Tetanus, Pertussis",2018,93.5
"NLD","Netherlands","PT_CH_ELG_IM","Percentage of children eligible for immunization","DIPTETPERT","Diphtheria, Tetanus, Pertussis",2019,93.7
"NLD","Netherlands","PT_CH_ELG_IM","Percentage of children eligible for immunization","DIPTETPERT","Diphtheria, Tetanus, Pertussis",2020,94.2
"NLD","Netherlands","PT_CH_ELG_IM","Percentage of children eligible for immunization","DIPTETPERT","Diphtheria, Tetanus, Pertussis",2021,94.7
"NLD","Netherlands","PT_CH_ELG_IM","Percentage of children eligible for immunization","DIPTETPERT","Diphtheria, Tetanus, Pertussis",2022,92.9
"NLD","Netherlands","PT_CH_ELG_IM","Percentage of children eligible for immunization","DIPTETPERT","Diphtheria, Tetanus, Pertussis",2023,91.8
"NLD","Netherlands","PT_CH_ELG_IM","Percentage of children eligible for immunization","DIPTETPERT","Diphtheria, Tetanus, Pertussis",2024,90.6
"NLD","Netherlands","PT_CH_ELG_IM","Percentage of children eligible for immunization","DIPTETPERT","Diphtheria, Tetanus, Pertussis",2025,89.6
"NLD","Netherlands","PT_CH_ELG_IM","Percentage of children eligible for immunization","HEPB","Hepatitis B",2010,19.4
"NLD","Netherlands","PT_CH_ELG_IM","Percentage of children eligible for immunization","HEPB","Hepatitis B",2011,19.5
"NLD","Netherlands","PT_CH_ELG_IM","Percentage of children eligible for immunization","HEPB","Hepatitis B",2012,20
"NLD","Netherlands","PT_CH_ELG_IM","Percentage of children eligible for immunization","HEPB","Hepatitis B",2013,51.4
"NLD","Netherlands","PT_CH_ELG_IM","Percentage of children eligible for immunization","HEPB","Hepatitis B",2014,94.5
"NLD","Netherlands","PT_CH_ELG_IM","Percentage of children eligible for immunization","HEPB","Hepatitis B",2015,93.8
"NLD","Netherlands","PT_CH_ELG_IM","Percentage of children eligible for immunization","HEPB","Hepatitis B",2016,93.1
"NLD","Netherlands","PT_CH_ELG_IM","Percentage of children eligible for immunization","HEPB","Hepatitis B",2017,92.2
"NLD","Netherlands","PT_CH_ELG_IM","Percentage of children eligible for immunization","HEPB","Hepatitis B",2018,92
"NLD","Netherlands","PT_CH_ELG_IM","Percentage of children eligible for immunization","HEPB","Hepatitis B",2019,92.3
"NLD","Netherlands","PT_CH_ELG_IM","Percentage of children eligible for immunization","HEPB","Hepatitis B",2020,93
"NLD","Netherlands","PT_CH_ELG_IM","Percentage of children eligible for immunization","HEPB","Hepatitis B",2021,92.7
"NLD","Netherlands","PT_CH_ELG_IM","Percentage of children eligible for immunization","HEPB","Hepatitis B",2022,88.2
"NLD","Netherlands","PT_CH_ELG_IM","Percentage of children eligible for immunization","HEPB","Hepatitis B",2023,86.3
"NLD","Netherlands","PT_CH_ELG_IM","Percentage of children eligible for immunization","HEPB","Hepatitis B",2024,88.5
"NLD","Netherlands","PT_CH_ELG_IM","Percentage of children eligible for immunization","HEPB","Hepatitis B",2025,87.5
"NLD","Netherlands","PT_POP_Y_GE65","Percentage of population aged 65 years or over","IFLU","Influenza",2010,80.6
"NLD","Netherlands","PT_POP_Y_GE65","Percentage of population aged 65 years or over","IFLU","Influenza",2011,77.2
"NLD","Netherlands","PT_POP_Y_GE65","Percentage of population aged 65 years or over","IFLU","Influenza",2012,74.3
"NLD","Netherlands","PT_POP_Y_GE65","Percentage of population aged 65 years or over","IFLU","Influenza",2013,72.2
"NLD","Netherlands","PT_POP_Y_GE65","Percentage of population aged 65 years or over","IFLU","Influenza",2014,67.8
"NLD","Netherlands","PT_POP_Y_GE65","Percentage of population aged 65 years or over","IFLU","Influenza",2015,66.5
"NLD","Netherlands","PT_POP_Y_GE65","Percentage of population aged 65 years or over","IFLU","Influenza",2016,62.9
"NLD","Netherlands","PT_POP_Y_GE65","Percentage of population aged 65 years or over","IFLU","Influenza",2017,60.4
"NLD","Netherlands","PT_POP_Y_GE65","Percentage of population aged 65 years or over","IFLU","Influenza",2018,60.3
"NLD","Netherlands","PT_POP_Y_GE65","Percentage of population aged 65 years or over","IFLU","Influenza",2019,61.3
"NLD","Netherlands","PT_POP_Y_GE65","Percentage of population aged 65 years or over","IFLU","Influenza",2020,67.9
"NLD","Netherlands","PT_POP_Y_GE65","Percentage of population aged 65 years or over","IFLU","Influenza",2021,72.6
"NLD","Netherlands","PT_POP_Y_GE65","Percentage of population aged 65 years or over","IFLU","Influenza",2022,68.4
"NLD","Netherlands","PT_POP_Y_GE65","Percentage of population aged 65 years or over","IFLU","Influenza",2023,66.5
"NLD","Netherlands","PT_POP_Y_GE65","Percentage of population aged 65 years or over","IFLU","Influenza",2024,64.1
"NLD","Netherlands","PT_CH_ELG_IM","Percentage of children eligible for immunization","MEAS","Measles",2010,92.1
"NLD","Netherlands","PT_CH_ELG_IM","Percentage of children eligible for immunization","MEAS","Measles",2011,92.6
"NLD","Netherlands","PT_CH_ELG_IM","Percentage of children eligible for immunization","MEAS","Measles",2012,92.9
"NLD","Netherlands","PT_CH_ELG_IM","Percentage of children eligible for immunization","MEAS","Measles",2013,92.4
"NLD","Netherlands","PT_CH_ELG_IM","Percentage of children eligible for immunization","MEAS","Measles",2014,92.7
"NLD","Netherlands","PT_CH_ELG_IM","Percentage of children eligible for immunization","MEAS","Measles",2015,92
"NLD","Netherlands","PT_CH_ELG_IM","Percentage of children eligible for immunization","MEAS","Measles",2016,90.9
"NLD","Netherlands","PT_CH_ELG_IM","Percentage of children eligible for immunization","MEAS","Measles",2017,90.1
"NLD","Netherlands","PT_CH_ELG_IM","Percentage of children eligible for immunization","MEAS","Measles",2018,89.5
"NLD","Netherlands","PT_CH_ELG_IM","Percentage of children eligible for immunization","MEAS","Measles",2019,89.7
"NLD","Netherlands","PT_CH_ELG_IM","Percentage of children eligible for immunization","MEAS","Measles",2020,89
"NLD","Netherlands","PT_CH_ELG_IM","Percentage of children eligible for immunization","MEAS","Measles",2021,89.7
"NLD","Netherlands","PT_CH_ELG_IM","Percentage of children eligible for immunization","MEAS","Measles",2022,85.1
"NLD","Netherlands","PT_CH_ELG_IM","Percentage of children eligible for immunization","MEAS","Measles",2023,81.2
"NLD","Netherlands","PT_CH_ELG_IM","Percentage of children eligible for immunization","MEAS","Measles",2024,81.2
"NLD","Netherlands","PT_CH_ELG_IM","Percentage of children eligible for immunization","MEAS","Measles",2025,81.3
"NZL","New Zealand","PT_CH_ELG_IM","Percentage of children eligible for immunization","DIPTETPERT","Diphtheria, Tetanus, Pertussis",2010,93.4
"NZL","New Zealand","PT_CH_ELG_IM","Percentage of children eligible for immunization","DIPTETPERT","Diphtheria, Tetanus, Pertussis",2011,94.5
"NZL","New Zealand","PT_CH_ELG_IM","Percentage of children eligible for immunization","DIPTETPERT","Diphtheria, Tetanus, Pertussis",2012,93.2
"NZL","New Zealand","PT_CH_ELG_IM","Percentage of children eligible for immunization","DIPTETPERT","Diphtheria, Tetanus, Pertussis",2013,92.5
"NZL","New Zealand","PT_CH_ELG_IM","Percentage of children eligible for immunization","DIPTETPERT","Diphtheria, Tetanus, Pertussis",2014,92.7
"NZL","New Zealand","PT_CH_ELG_IM","Percentage of children eligible for immunization","DIPTETPERT","Diphtheria, Tetanus, Pertussis",2015,92.3
"NZL","New Zealand","PT_CH_ELG_IM","Percentage of children eligible for immunization","DIPTETPERT","Diphtheria, Tetanus, Pertussis",2016,92
"NZL","New Zealand","PT_CH_ELG_IM","Percentage of children eligible for immunization","DIPTETPERT","Diphtheria, Tetanus, Pertussis",2017,93.7
"NZL","New Zealand","PT_CH_ELG_IM","Percentage of children eligible for immunization","DIPTETPERT","Diphtheria, Tetanus, Pertussis",2018,92.6
"NZL","New Zealand","PT_CH_ELG_IM","Percentage of children eligible for immunization","DIPTETPERT","Diphtheria, Tetanus, Pertussis",2019,91.6
"NZL","New Zealand","PT_CH_ELG_IM","Percentage of children eligible for immunization","DIPTETPERT","Diphtheria, Tetanus, Pertussis",2020,92
"NZL","New Zealand","PT_CH_ELG_IM","Percentage of children eligible for immunization","DIPTETPERT","Diphtheria, Tetanus, Pertussis",2021,89.8
"NZL","New Zealand","PT_CH_ELG_IM","Percentage of children eligible for immunization","DIPTETPERT","Diphtheria, Tetanus, Pertussis",2022,89.3
"NZL","New Zealand","PT_CH_ELG_IM","Percentage of children eligible for immunization","DIPTETPERT","Diphtheria, Tetanus, Pertussis",2023,88.2
"NZL","New Zealand","PT_CH_ELG_IM","Percentage of children eligible for immunization","DIPTETPERT","Diphtheria, Tetanus, Pertussis",2024,89
"NZL","New Zealand","PT_CH_ELG_IM","Percentage of children eligible for immunization","DIPTETPERT","Diphtheria, Tetanus, Pertussis",2025,87.9
"NZL","New Zealand","PT_CH_ELG_IM","Percentage of children eligible for immunization","HEPB","Hepatitis B",2010,93.5
"NZL","New Zealand","PT_CH_ELG_IM","Percentage of children eligible for immunization","HEPB","Hepatitis B",2011,94.6
"NZL","New Zealand","PT_CH_ELG_IM","Percentage of children eligible for immunization","HEPB","Hepatitis B",2012,93.5
"NZL","New Zealand","PT_CH_ELG_IM","Percentage of children eligible for immunization","HEPB","Hepatitis B",2013,93
"NZL","New Zealand","PT_CH_ELG_IM","Percentage of children eligible for immunization","HEPB","Hepatitis B",2014,92.7
"NZL","New Zealand","PT_CH_ELG_IM","Percentage of children eligible for immunization","HEPB","Hepatitis B",2015,92.3
"NZL","New Zealand","PT_CH_ELG_IM","Percentage of children eligible for immunization","HEPB","Hepatitis B",2016,92.5
"NZL","New Zealand","PT_CH_ELG_IM","Percentage of children eligible for immunization","HEPB","Hepatitis B",2017,93.6
"NZL","New Zealand","PT_CH_ELG_IM","Percentage of children eligible for immunization","HEPB","Hepatitis B",2018,92.6
"NZL","New Zealand","PT_CH_ELG_IM","Percentage of children eligible for immunization","HEPB","Hepatitis B",2019,91.7
"NZL","New Zealand","PT_CH_ELG_IM","Percentage of children eligible for immunization","HEPB","Hepatitis B",2020,92
"NZL","New Zealand","PT_CH_ELG_IM","Percentage of children eligible for immunization","HEPB","Hepatitis B",2021,89.8
"NZL","New Zealand","PT_CH_ELG_IM","Percentage of children eligible for immunization","HEPB","Hepatitis B",2022,89.3
"NZL","New Zealand","PT_CH_ELG_IM","Percentage of children eligible for immunization","HEPB","Hepatitis B",2023,88.2
"NZL","New Zealand","PT_CH_ELG_IM","Percentage of children eligible for immunization","HEPB","Hepatitis B",2024,89.1
"NZL","New Zealand","PT_CH_ELG_IM","Percentage of children eligible for immunization","HEPB","Hepatitis B",2025,88
"NZL","New Zealand","PT_POP_Y_GE65","Percentage of population aged 65 years or over","IFLU","Influenza",2010,66.9
"NZL","New Zealand","PT_POP_Y_GE65","Percentage of population aged 65 years or over","IFLU","Influenza",2011,65.5
"NZL","New Zealand","PT_POP_Y_GE65","Percentage of population aged 65 years or over","IFLU","Influenza",2012,64.3
"NZL","New Zealand","PT_POP_Y_GE65","Percentage of population aged 65 years or over","IFLU","Influenza",2013,69
"NZL","New Zealand","PT_POP_Y_GE65","Percentage of population aged 65 years or over","IFLU","Influenza",2014,69
"NZL","New Zealand","PT_POP_Y_GE65","Percentage of population aged 65 years or over","IFLU","Influenza",2015,67.3
"NZL","New Zealand","PT_POP_Y_GE65","Percentage of population aged 65 years or over","IFLU","Influenza",2016,67
"NZL","New Zealand","PT_POP_Y_GE65","Percentage of population aged 65 years or over","IFLU","Influenza",2017,65
"NZL","New Zealand","PT_POP_Y_GE65","Percentage of population aged 65 years or over","IFLU","Influenza",2018,65
"NZL","New Zealand","PT_POP_Y_GE65","Percentage of population aged 65 years or over","IFLU","Influenza",2019,62
"NZL","New Zealand","PT_POP_Y_GE65","Percentage of population aged 65 years or over","IFLU","Influenza",2020,73
"NZL","New Zealand","PT_POP_Y_GE65","Percentage of population aged 65 years or over","IFLU","Influenza",2021,69
"NZL","New Zealand","PT_POP_Y_GE65","Percentage of population aged 65 years or over","IFLU","Influenza",2022,71
"NZL","New Zealand","PT_POP_Y_GE65","Percentage of population aged 65 years or over","IFLU","Influenza",2023,64.6
"NZL","New Zealand","PT_POP_Y_GE65","Percentage of population aged 65 years or over","IFLU","Influenza",2024,62.2
"NZL","New Zealand","PT_POP_Y_GE65","Percentage of population aged 65 years or over","IFLU","Influenza",2025,60.4
"NZL","New Zealand","PT_CH_ELG_IM","Percentage of children eligible for immunization","MEAS","Measles",2011,86.2
"NZL","New Zealand","PT_CH_ELG_IM","Percentage of children eligible for immunization","MEAS","Measles",2012,85.5
"NZL","New Zealand","PT_CH_ELG_IM","Percentage of children eligible for immunization","MEAS","Measles",2013,85.8
"NZL","New Zealand","PT_CH_ELG_IM","Percentage of children eligible for immunization","MEAS","Measles",2014,86.3
"NZL","New Zealand","PT_CH_ELG_IM","Percentage of children eligible for immunization","MEAS","Measles",2015,86.6
"NZL","New Zealand","PT_CH_ELG_IM","Percentage of children eligible for immunization","MEAS","Measles",2016,88.6
"NZL","New Zealand","PT_CH_ELG_IM","Percentage of children eligible for immunization","MEAS","Measles",2017,90.2
"NZL","New Zealand","PT_CH_ELG_IM","Percentage of children eligible for immunization","MEAS","Measles",2018,89.7
"NZL","New Zealand","PT_CH_ELG_IM","Percentage of children eligible for immunization","MEAS","Measles",2019,89.9
"NZL","New Zealand","PT_CH_ELG_IM","Percentage of children eligible for immunization","MEAS","Measles",2020,90.7
"NZL","New Zealand","PT_CH_ELG_IM","Percentage of children eligible for immunization","MEAS","Measles",2021,82.3
"NZL","New Zealand","PT_CH_ELG_IM","Percentage of children eligible for immunization","MEAS","Measles",2022,82.8
"NZL","New Zealand","PT_CH_ELG_IM","Percentage of children eligible for immunization","MEAS","Measles",2023,84
"NZL","New Zealand","PT_CH_ELG_IM","Percentage of children eligible for immunization","MEAS","Measles",2024,87.3
"NZL","New Zealand","PT_CH_ELG_IM","Percentage of children eligible for immunization","MEAS","Measles",2025,87.6
"MKD","North Macedonia","PT_CH_ELG_IM","Percentage of children eligible for immunization","DIPTETPERT","Diphtheria, Tetanus, Pertussis",2010,95.4
"MKD","North Macedonia","PT_CH_ELG_IM","Percentage of children eligible for immunization","DIPTETPERT","Diphtheria, Tetanus, Pertussis",2011,95.9
"MKD","North Macedonia","PT_CH_ELG_IM","Percentage of children eligible for immunization","DIPTETPERT","Diphtheria, Tetanus, Pertussis",2012,95
"MKD","North Macedonia","PT_CH_ELG_IM","Percentage of children eligible for immunization","DIPTETPERT","Diphtheria, Tetanus, Pertussis",2013,98.2
"MKD","North Macedonia","PT_CH_ELG_IM","Percentage of children eligible for immunization","DIPTETPERT","Diphtheria, Tetanus, Pertussis",2014,95.5
"MKD","North Macedonia","PT_CH_ELG_IM","Percentage of children eligible for immunization","DIPTETPERT","Diphtheria, Tetanus, Pertussis",2015,91.3
"MKD","North Macedonia","PT_CH_ELG_IM","Percentage of children eligible for immunization","DIPTETPERT","Diphtheria, Tetanus, Pertussis",2016,95.3
"MKD","North Macedonia","PT_CH_ELG_IM","Percentage of children eligible for immunization","DIPTETPERT","Diphtheria, Tetanus, Pertussis",2017,91.1
"MKD","North Macedonia","PT_CH_ELG_IM","Percentage of children eligible for immunization","DIPTETPERT","Diphtheria, Tetanus, Pertussis",2018,92.5
"MKD","North Macedonia","PT_CH_ELG_IM","Percentage of children eligible for immunization","DIPTETPERT","Diphtheria, Tetanus, Pertussis",2019,90.7
"MKD","North Macedonia","PT_CH_ELG_IM","Percentage of children eligible for immunization","DIPTETPERT","Diphtheria, Tetanus, Pertussis",2020,83.9
"MKD","North Macedonia","PT_CH_ELG_IM","Percentage of children eligible for immunization","DIPTETPERT","Diphtheria, Tetanus, Pertussis",2021,80.9
"MKD","North Macedonia","PT_CH_ELG_IM","Percentage of children eligible for immunization","DIPTETPERT","Diphtheria, Tetanus, Pertussis",2022,83.9
"MKD","North Macedonia","PT_CH_ELG_IM","Percentage of children eligible for immunization","DIPTETPERT","Diphtheria, Tetanus, Pertussis",2023,86.3
"MKD","North Macedonia","PT_CH_ELG_IM","Percentage of children eligible for immunization","DIPTETPERT","Diphtheria, Tetanus, Pertussis",2024,88.5
"MKD","North Macedonia","PT_CH_ELG_IM","Percentage of children eligible for immunization","HEPB","Hepatitis B",2010,90.4
"MKD","North Macedonia","PT_CH_ELG_IM","Percentage of children eligible for immunization","HEPB","Hepatitis B",2011,95.6
"MKD","North Macedonia","PT_CH_ELG_IM","Percentage of children eligible for immunization","HEPB","Hepatitis B",2012,98
"MKD","North Macedonia","PT_CH_ELG_IM","Percentage of children eligible for immunization","HEPB","Hepatitis B",2013,96.5
"MKD","North Macedonia","PT_CH_ELG_IM","Percentage of children eligible for immunization","HEPB","Hepatitis B",2014,96.7
"MKD","North Macedonia","PT_CH_ELG_IM","Percentage of children eligible for immunization","HEPB","Hepatitis B",2015,91.8
"MKD","North Macedonia","PT_CH_ELG_IM","Percentage of children eligible for immunization","HEPB","Hepatitis B",2016,93.8
"MKD","North Macedonia","PT_CH_ELG_IM","Percentage of children eligible for immunization","HEPB","Hepatitis B",2017,91.3
"MKD","North Macedonia","PT_CH_ELG_IM","Percentage of children eligible for immunization","HEPB","Hepatitis B",2018,92
"MKD","North Macedonia","PT_CH_ELG_IM","Percentage of children eligible for immunization","HEPB","Hepatitis B",2019,90.7
"MKD","North Macedonia","PT_CH_ELG_IM","Percentage of children eligible for immunization","HEPB","Hepatitis B",2020,83.6
"MKD","North Macedonia","PT_CH_ELG_IM","Percentage of children eligible for immunization","HEPB","Hepatitis B",2021,78.7
"MKD","North Macedonia","PT_CH_ELG_IM","Percentage of children eligible for immunization","HEPB","Hepatitis B",2022,84.1
"MKD","North Macedonia","PT_CH_ELG_IM","Percentage of children eligible for immunization","HEPB","Hepatitis B",2023,85.8
"MKD","North Macedonia","PT_CH_ELG_IM","Percentage of children eligible for immunization","HEPB","Hepatitis B",2024,91.3
"MKD","North Macedonia","PT_POP_Y_GE65","Percentage of population aged 65 years or over","IFLU","Influenza",2014,5.2
"MKD","North Macedonia","PT_POP_Y_GE65","Percentage of population aged 65 years or over","IFLU","Influenza",2015,6.2
"MKD","North Macedonia","PT_POP_Y_GE65","Percentage of population aged 65 years or over","IFLU","Influenza",2016,5.8
"MKD","North Macedonia","PT_POP_Y_GE65","Percentage of population aged 65 years or over","IFLU","Influenza",2017,6.5
"MKD","North Macedonia","PT_POP_Y_GE65","Percentage of population aged 65 years or over","IFLU","Influenza",2018,6.9
"MKD","North Macedonia","PT_POP_Y_GE65","Percentage of population aged 65 years or over","IFLU","Influenza",2019,9.5
"MKD","North Macedonia","PT_POP_Y_GE65","Percentage of population aged 65 years or over","IFLU","Influenza",2020,11.3
"MKD","North Macedonia","PT_CH_ELG_IM","Percentage of children eligible for immunization","MEAS","Measles",2010,98.9
"MKD","North Macedonia","PT_CH_ELG_IM","Percentage of children eligible for immunization","MEAS","Measles",2011,98.4
"MKD","North Macedonia","PT_CH_ELG_IM","Percentage of children eligible for immunization","MEAS","Measles",2012,95.5
"MKD","North Macedonia","PT_CH_ELG_IM","Percentage of children eligible for immunization","MEAS","Measles",2013,96.2
"MKD","North Macedonia","PT_CH_ELG_IM","Percentage of children eligible for immunization","MEAS","Measles",2014,95.7
"MKD","North Macedonia","PT_CH_ELG_IM","Percentage of children eligible for immunization","MEAS","Measles",2015,93.4
"MKD","North Macedonia","PT_CH_ELG_IM","Percentage of children eligible for immunization","MEAS","Measles",2016,93.3
"MKD","North Macedonia","PT_CH_ELG_IM","Percentage of children eligible for immunization","MEAS","Measles",2017,97
"MKD","North Macedonia","PT_CH_ELG_IM","Percentage of children eligible for immunization","MEAS","Measles",2018,93.8
"MKD","North Macedonia","PT_CH_ELG_IM","Percentage of children eligible for immunization","MEAS","Measles",2019,93
"MKD","North Macedonia","PT_CH_ELG_IM","Percentage of children eligible for immunization","MEAS","Measles",2020,68.5
"MKD","North Macedonia","PT_CH_ELG_IM","Percentage of children eligible for immunization","MEAS","Measles",2021,80.4
"MKD","North Macedonia","PT_CH_ELG_IM","Percentage of children eligible for immunization","MEAS","Measles",2022,89.2
"MKD","North Macedonia","PT_CH_ELG_IM","Percentage of children eligible for immunization","MEAS","Measles",2023,87.7
"MKD","North Macedonia","PT_CH_ELG_IM","Percentage of children eligible for immunization","MEAS","Measles",2024,79.1
"NOR","Norway","PT_CH_ELG_IM","Percentage of children eligible for immunization","DIPTETPERT","Diphtheria, Tetanus, Pertussis",2010,93
"NOR","Norway","PT_CH_ELG_IM","Percentage of children eligible for immunization","DIPTETPERT","Diphtheria, Tetanus, Pertussis",2011,94
"NOR","Norway","PT_CH_ELG_IM","Percentage of children eligible for immunization","DIPTETPERT","Diphtheria, Tetanus, Pertussis",2012,95
"NOR","Norway","PT_CH_ELG_IM","Percentage of children eligible for immunization","DIPTETPERT","Diphtheria, Tetanus, Pertussis",2013,94
"NOR","Norway","PT_CH_ELG_IM","Percentage of children eligible for immunization","DIPTETPERT","Diphtheria, Tetanus, Pertussis",2014,93
"NOR","Norway","PT_CH_ELG_IM","Percentage of children eligible for immunization","DIPTETPERT","Diphtheria, Tetanus, Pertussis",2015,95
"NOR","Norway","PT_CH_ELG_IM","Percentage of children eligible for immunization","DIPTETPERT","Diphtheria, Tetanus, Pertussis",2016,96
"NOR","Norway","PT_CH_ELG_IM","Percentage of children eligible for immunization","DIPTETPERT","Diphtheria, Tetanus, Pertussis",2017,96
"NOR","Norway","PT_CH_ELG_IM","Percentage of children eligible for immunization","DIPTETPERT","Diphtheria, Tetanus, Pertussis",2018,96
"NOR","Norway","PT_CH_ELG_IM","Percentage of children eligible for immunization","DIPTETPERT","Diphtheria, Tetanus, Pertussis",2019,97
"NOR","Norway","PT_CH_ELG_IM","Percentage of children eligible for immunization","DIPTETPERT","Diphtheria, Tetanus, Pertussis",2020,97.1
"NOR","Norway","PT_CH_ELG_IM","Percentage of children eligible for immunization","DIPTETPERT","Diphtheria, Tetanus, Pertussis",2021,96.8
"NOR","Norway","PT_CH_ELG_IM","Percentage of children eligible for immunization","DIPTETPERT","Diphtheria, Tetanus, Pertussis",2022,96.6
"NOR","Norway","PT_CH_ELG_IM","Percentage of children eligible for immunization","DIPTETPERT","Diphtheria, Tetanus, Pertussis",2023,96.4
"NOR","Norway","PT_CH_ELG_IM","Percentage of children eligible for immunization","DIPTETPERT","Diphtheria, Tetanus, Pertussis",2024,96.7
"NOR","Norway","PT_CH_ELG_IM","Percentage of children eligible for immunization","DIPTETPERT","Diphtheria, Tetanus, Pertussis",2025,96.3
"NOR","Norway","PT_CH_ELG_IM","Percentage of children eligible for immunization","HEPB","Hepatitis B",2019,96
"NOR","Norway","PT_CH_ELG_IM","Percentage of children eligible for immunization","HEPB","Hepatitis B",2020,96.6
"NOR","Norway","PT_CH_ELG_IM","Percentage of children eligible for immunization","HEPB","Hepatitis B",2021,96.3
"NOR","Norway","PT_CH_ELG_IM","Percentage of children eligible for immunization","HEPB","Hepatitis B",2022,96.1
"NOR","Norway","PT_CH_ELG_IM","Percentage of children eligible for immunization","HEPB","Hepatitis B",2023,95.9
"NOR","Norway","PT_CH_ELG_IM","Percentage of children eligible for immunization","HEPB","Hepatitis B",2024,96.2
"NOR","Norway","PT_CH_ELG_IM","Percentage of children eligible for immunization","HEPB","Hepatitis B",2025,96.2
"NOR","Norway","PT_POP_Y_GE65","Percentage of population aged 65 years or over","IFLU","Influenza",2010,7.7
"NOR","Norway","PT_POP_Y_GE65","Percentage of population aged 65 years or over","IFLU","Influenza",2011,14.1
"NOR","Norway","PT_POP_Y_GE65","Percentage of population aged 65 years or over","IFLU","Influenza",2012,11.4
"NOR","Norway","PT_POP_Y_GE65","Percentage of population aged 65 years or over","IFLU","Influenza",2013,30.9
"NOR","Norway","PT_POP_Y_GE65","Percentage of population aged 65 years or over","IFLU","Influenza",2014,26.9
"NOR","Norway","PT_POP_Y_GE65","Percentage of population aged 65 years or over","IFLU","Influenza",2015,27
"NOR","Norway","PT_POP_Y_GE65","Percentage of population aged 65 years or over","IFLU","Influenza",2016,38
"NOR","Norway","PT_POP_Y_GE65","Percentage of population aged 65 years or over","IFLU","Influenza",2017,34.4
"NOR","Norway","PT_POP_Y_GE65","Percentage of population aged 65 years or over","IFLU","Influenza",2018,38.2
"NOR","Norway","PT_POP_Y_GE65","Percentage of population aged 65 years or over","IFLU","Influenza",2019,43.4
"NOR","Norway","PT_POP_Y_GE65","Percentage of population aged 65 years or over","IFLU","Influenza",2020,59.7
"NOR","Norway","PT_POP_Y_GE65","Percentage of population aged 65 years or over","IFLU","Influenza",2021,62.8
"NOR","Norway","PT_POP_Y_GE65","Percentage of population aged 65 years or over","IFLU","Influenza",2022,62.3
"NOR","Norway","PT_POP_Y_GE65","Percentage of population aged 65 years or over","IFLU","Influenza",2023,64.5
"NOR","Norway","PT_POP_Y_GE65","Percentage of population aged 65 years or over","IFLU","Influenza",2024,65.8
"NOR","Norway","PT_CH_ELG_IM","Percentage of children eligible for immunization","MEAS","Measles",2010,97
"NOR","Norway","PT_CH_ELG_IM","Percentage of children eligible for immunization","MEAS","Measles",2011,94
"NOR","Norway","PT_CH_ELG_IM","Percentage of children eligible for immunization","MEAS","Measles",2012,91
"NOR","Norway","PT_CH_ELG_IM","Percentage of children eligible for immunization","MEAS","Measles",2013,91
"NOR","Norway","PT_CH_ELG_IM","Percentage of children eligible for immunization","MEAS","Measles",2014,92
"NOR","Norway","PT_CH_ELG_IM","Percentage of children eligible for immunization","MEAS","Measles",2015,91
"NOR","Norway","PT_CH_ELG_IM","Percentage of children eligible for immunization","MEAS","Measles",2016,91
"NOR","Norway","PT_CH_ELG_IM","Percentage of children eligible for immunization","MEAS","Measles",2017,91
"NOR","Norway","PT_CH_ELG_IM","Percentage of children eligible for immunization","MEAS","Measles",2018,93
"NOR","Norway","PT_CH_ELG_IM","Percentage of children eligible for immunization","MEAS","Measles",2019,95
"NOR","Norway","PT_CH_ELG_IM","Percentage of children eligible for immunization","MEAS","Measles",2020,95
"NOR","Norway","PT_CH_ELG_IM","Percentage of children eligible for immunization","MEAS","Measles",2021,95.2
"NOR","Norway","PT_CH_ELG_IM","Percentage of children eligible for immunization","MEAS","Measles",2022,94.5
"NOR","Norway","PT_CH_ELG_IM","Percentage of children eligible for immunization","MEAS","Measles",2023,94.5
"NOR","Norway","PT_CH_ELG_IM","Percentage of children eligible for immunization","MEAS","Measles",2024,94.4
"NOR","Norway","PT_CH_ELG_IM","Percentage of children eligible for immunization","MEAS","Measles",2025,94.8
"PER","Peru","PT_CH_ELG_IM","Percentage of children eligible for immunization","DIPTETPERT","Diphtheria, Tetanus, Pertussis",2010,92.5
"PER","Peru","PT_CH_ELG_IM","Percentage of children eligible for immunization","DIPTETPERT","Diphtheria, Tetanus, Pertussis",2011,91.2
"PER","Peru","PT_CH_ELG_IM","Percentage of children eligible for immunization","DIPTETPERT","Diphtheria, Tetanus, Pertussis",2012,95.3
"PER","Peru","PT_CH_ELG_IM","Percentage of children eligible for immunization","DIPTETPERT","Diphtheria, Tetanus, Pertussis",2013,88.2
"PER","Peru","PT_CH_ELG_IM","Percentage of children eligible for immunization","DIPTETPERT","Diphtheria, Tetanus, Pertussis",2014,88.3
"PER","Peru","PT_CH_ELG_IM","Percentage of children eligible for immunization","DIPTETPERT","Diphtheria, Tetanus, Pertussis",2015,90.3
"PER","Peru","PT_CH_ELG_IM","Percentage of children eligible for immunization","DIPTETPERT","Diphtheria, Tetanus, Pertussis",2016,90
"PER","Peru","PT_CH_ELG_IM","Percentage of children eligible for immunization","DIPTETPERT","Diphtheria, Tetanus, Pertussis",2017,79.4
"PER","Peru","PT_CH_ELG_IM","Percentage of children eligible for immunization","DIPTETPERT","Diphtheria, Tetanus, Pertussis",2018,96.6
"PER","Peru","PT_CH_ELG_IM","Percentage of children eligible for immunization","DIPTETPERT","Diphtheria, Tetanus, Pertussis",2019,88.1
"PER","Peru","PT_CH_ELG_IM","Percentage of children eligible for immunization","DIPTETPERT","Diphtheria, Tetanus, Pertussis",2020,72.2
"PER","Peru","PT_CH_ELG_IM","Percentage of children eligible for immunization","DIPTETPERT","Diphtheria, Tetanus, Pertussis",2021,81.5
"PER","Peru","PT_CH_ELG_IM","Percentage of children eligible for immunization","DIPTETPERT","Diphtheria, Tetanus, Pertussis",2022,82.3
"PER","Peru","PT_CH_ELG_IM","Percentage of children eligible for immunization","DIPTETPERT","Diphtheria, Tetanus, Pertussis",2023,84.3
"PER","Peru","PT_CH_ELG_IM","Percentage of children eligible for immunization","DIPTETPERT","Diphtheria, Tetanus, Pertussis",2024,98.5
"PER","Peru","PT_CH_ELG_IM","Percentage of children eligible for immunization","DIPTETPERT","Diphtheria, Tetanus, Pertussis",2025,89.9
"PER","Peru","PT_CH_ELG_IM","Percentage of children eligible for immunization","HEPB","Hepatitis B",2010,92.5
"PER","Peru","PT_CH_ELG_IM","Percentage of children eligible for immunization","HEPB","Hepatitis B",2011,91.2
"PER","Peru","PT_CH_ELG_IM","Percentage of children eligible for immunization","HEPB","Hepatitis B",2012,95.3
"PER","Peru","PT_CH_ELG_IM","Percentage of children eligible for immunization","HEPB","Hepatitis B",2013,88.2
"PER","Peru","PT_CH_ELG_IM","Percentage of children eligible for immunization","HEPB","Hepatitis B",2014,88.3
"PER","Peru","PT_CH_ELG_IM","Percentage of children eligible for immunization","HEPB","Hepatitis B",2015,90.3
"PER","Peru","PT_CH_ELG_IM","Percentage of children eligible for immunization","HEPB","Hepatitis B",2016,90
"PER","Peru","PT_CH_ELG_IM","Percentage of children eligible for immunization","HEPB","Hepatitis B",2017,79.4
"PER","Peru","PT_CH_ELG_IM","Percentage of children eligible for immunization","HEPB","Hepatitis B",2018,96.6
"PER","Peru","PT_CH_ELG_IM","Percentage of children eligible for immunization","HEPB","Hepatitis B",2019,88.1
"PER","Peru","PT_CH_ELG_IM","Percentage of children eligible for immunization","HEPB","Hepatitis B",2020,72.2
"PER","Peru","PT_CH_ELG_IM","Percentage of children eligible for immunization","HEPB","Hepatitis B",2021,81.5
"PER","Peru","PT_CH_ELG_IM","Percentage of children eligible for immunization","HEPB","Hepatitis B",2022,82.3
"PER","Peru","PT_CH_ELG_IM","Percentage of children eligible for immunization","HEPB","Hepatitis B",2023,84.3
"PER","Peru","PT_CH_ELG_IM","Percentage of children eligible for immunization","HEPB","Hepatitis B",2024,80
"PER","Peru","PT_CH_ELG_IM","Percentage of children eligible for immunization","HEPB","Hepatitis B",2025,89.9
"PER","Peru","PT_POP_Y_GE65","Percentage of population aged 65 years or over","IFLU","Influenza",2021,36.5
"PER","Peru","PT_POP_Y_GE65","Percentage of population aged 65 years or over","IFLU","Influenza",2022,58
"PER","Peru","PT_POP_Y_GE65","Percentage of population aged 65 years or over","IFLU","Influenza",2023,46.2
"PER","Peru","PT_POP_Y_GE65","Percentage of population aged 65 years or over","IFLU","Influenza",2024,32.7
"PER","Peru","PT_POP_Y_GE65","Percentage of population aged 65 years or over","IFLU","Influenza",2025,32.9
"PER","Peru","PT_CH_ELG_IM","Percentage of children eligible for immunization","MEAS","Measles",2010,50
"PER","Peru","PT_CH_ELG_IM","Percentage of children eligible for immunization","MEAS","Measles",2011,61.5
"PER","Peru","PT_CH_ELG_IM","Percentage of children eligible for immunization","MEAS","Measles",2012,63.3
"PER","Peru","PT_CH_ELG_IM","Percentage of children eligible for immunization","MEAS","Measles",2013,53.7
"PER","Peru","PT_CH_ELG_IM","Percentage of children eligible for immunization","MEAS","Measles",2014,44.3
"PER","Peru","PT_CH_ELG_IM","Percentage of children eligible for immunization","MEAS","Measles",2015,63
"PER","Peru","PT_CH_ELG_IM","Percentage of children eligible for immunization","MEAS","Measles",2016,67.5
"PER","Peru","PT_CH_ELG_IM","Percentage of children eligible for immunization","MEAS","Measles",2017,65
"PER","Peru","PT_CH_ELG_IM","Percentage of children eligible for immunization","MEAS","Measles",2018,75.2
"PER","Peru","PT_CH_ELG_IM","Percentage of children eligible for immunization","MEAS","Measles",2019,65.9
"PER","Peru","PT_CH_ELG_IM","Percentage of children eligible for immunization","MEAS","Measles",2020,52.3
"PER","Peru","PT_CH_ELG_IM","Percentage of children eligible for immunization","MEAS","Measles",2021,59.8
"PER","Peru","PT_CH_ELG_IM","Percentage of children eligible for immunization","MEAS","Measles",2022,53.8
"PER","Peru","PT_CH_ELG_IM","Percentage of children eligible for immunization","MEAS","Measles",2023,65.6
"PER","Peru","PT_CH_ELG_IM","Percentage of children eligible for immunization","MEAS","Measles",2024,83.2
"PER","Peru","PT_CH_ELG_IM","Percentage of children eligible for immunization","MEAS","Measles",2025,82.1
"POL","Poland","PT_CH_ELG_IM","Percentage of children eligible for immunization","DIPTETPERT","Diphtheria, Tetanus, Pertussis",2010,99
"POL","Poland","PT_CH_ELG_IM","Percentage of children eligible for immunization","DIPTETPERT","Diphtheria, Tetanus, Pertussis",2011,99
"POL","Poland","PT_CH_ELG_IM","Percentage of children eligible for immunization","DIPTETPERT","Diphtheria, Tetanus, Pertussis",2012,98.7
"POL","Poland","PT_CH_ELG_IM","Percentage of children eligible for immunization","DIPTETPERT","Diphtheria, Tetanus, Pertussis",2013,98.6
"POL","Poland","PT_CH_ELG_IM","Percentage of children eligible for immunization","DIPTETPERT","Diphtheria, Tetanus, Pertussis",2014,98
"POL","Poland","PT_CH_ELG_IM","Percentage of children eligible for immunization","DIPTETPERT","Diphtheria, Tetanus, Pertussis",2015,98
"POL","Poland","PT_CH_ELG_IM","Percentage of children eligible for immunization","DIPTETPERT","Diphtheria, Tetanus, Pertussis",2016,97.6
"POL","Poland","PT_CH_ELG_IM","Percentage of children eligible for immunization","DIPTETPERT","Diphtheria, Tetanus, Pertussis",2017,96.4
"POL","Poland","PT_CH_ELG_IM","Percentage of children eligible for immunization","DIPTETPERT","Diphtheria, Tetanus, Pertussis",2018,95.2
"POL","Poland","PT_CH_ELG_IM","Percentage of children eligible for immunization","DIPTETPERT","Diphtheria, Tetanus, Pertussis",2019,94.9
"POL","Poland","PT_CH_ELG_IM","Percentage of children eligible for immunization","DIPTETPERT","Diphtheria, Tetanus, Pertussis",2020,94.2
"POL","Poland","PT_CH_ELG_IM","Percentage of children eligible for immunization","DIPTETPERT","Diphtheria, Tetanus, Pertussis",2021,94
"POL","Poland","PT_CH_ELG_IM","Percentage of children eligible for immunization","DIPTETPERT","Diphtheria, Tetanus, Pertussis",2022,94.3
"POL","Poland","PT_CH_ELG_IM","Percentage of children eligible for immunization","DIPTETPERT","Diphtheria, Tetanus, Pertussis",2023,94.5
"POL","Poland","PT_CH_ELG_IM","Percentage of children eligible for immunization","DIPTETPERT","Diphtheria, Tetanus, Pertussis",2024,94.3
"POL","Poland","PT_CH_ELG_IM","Percentage of children eligible for immunization","DIPTETPERT","Diphtheria, Tetanus, Pertussis",2025,93.5
"POL","Poland","PT_CH_ELG_IM","Percentage of children eligible for immunization","HEPB","Hepatitis B",2010,97.8
"POL","Poland","PT_CH_ELG_IM","Percentage of children eligible for immunization","HEPB","Hepatitis B",2011,98
"POL","Poland","PT_CH_ELG_IM","Percentage of children eligible for immunization","HEPB","Hepatitis B",2012,97.3
"POL","Poland","PT_CH_ELG_IM","Percentage of children eligible for immunization","HEPB","Hepatitis B",2013,96.4
"POL","Poland","PT_CH_ELG_IM","Percentage of children eligible for immunization","HEPB","Hepatitis B",2014,96
"POL","Poland","PT_CH_ELG_IM","Percentage of children eligible for immunization","HEPB","Hepatitis B",2015,96
"POL","Poland","PT_CH_ELG_IM","Percentage of children eligible for immunization","HEPB","Hepatitis B",2016,95
"POL","Poland","PT_CH_ELG_IM","Percentage of children eligible for immunization","HEPB","Hepatitis B",2017,92.9
"POL","Poland","PT_CH_ELG_IM","Percentage of children eligible for immunization","HEPB","Hepatitis B",2018,90.9
"POL","Poland","PT_CH_ELG_IM","Percentage of children eligible for immunization","HEPB","Hepatitis B",2019,90.5
"POL","Poland","PT_CH_ELG_IM","Percentage of children eligible for immunization","HEPB","Hepatitis B",2020,97.4
"POL","Poland","PT_CH_ELG_IM","Percentage of children eligible for immunization","HEPB","Hepatitis B",2021,89.3
"POL","Poland","PT_CH_ELG_IM","Percentage of children eligible for immunization","HEPB","Hepatitis B",2022,89.8
"POL","Poland","PT_CH_ELG_IM","Percentage of children eligible for immunization","HEPB","Hepatitis B",2023,89.5
"POL","Poland","PT_CH_ELG_IM","Percentage of children eligible for immunization","HEPB","Hepatitis B",2024,87.3
"POL","Poland","PT_CH_ELG_IM","Percentage of children eligible for immunization","HEPB","Hepatitis B",2025,87.3
"POL","Poland","PT_POP_Y_GE65","Percentage of population aged 65 years or over","IFLU","Influenza",2014,9.7
"POL","Poland","PT_POP_Y_GE65","Percentage of population aged 65 years or over","IFLU","Influenza",2019,10.4
"POL","Poland","PT_POP_Y_GE65","Percentage of population aged 65 years or over","IFLU","Influenza",2020,7.3
"POL","Poland","PT_POP_Y_GE65","Percentage of population aged 65 years or over","IFLU","Influenza",2021,10
"POL","Poland","PT_POP_Y_GE65","Percentage of population aged 65 years or over","IFLU","Influenza",2022,8.6
"POL","Poland","PT_POP_Y_GE65","Percentage of population aged 65 years or over","IFLU","Influenza",2023,9.6
"POL","Poland","PT_POP_Y_GE65","Percentage of population aged 65 years or over","IFLU","Influenza",2024,12.2
"POL","Poland","PT_POP_Y_GE65","Percentage of population aged 65 years or over","IFLU","Influenza",2025,15.7
"POL","Poland","PT_CH_ELG_IM","Percentage of children eligible for immunization","MEAS","Measles",2010,93.8
"POL","Poland","PT_CH_ELG_IM","Percentage of children eligible for immunization","MEAS","Measles",2011,95
"POL","Poland","PT_CH_ELG_IM","Percentage of children eligible for immunization","MEAS","Measles",2012,94.7
"POL","Poland","PT_CH_ELG_IM","Percentage of children eligible for immunization","MEAS","Measles",2013,93.2
"POL","Poland","PT_CH_ELG_IM","Percentage of children eligible for immunization","MEAS","Measles",2014,95
"POL","Poland","PT_CH_ELG_IM","Percentage of children eligible for immunization","MEAS","Measles",2015,94
"POL","Poland","PT_CH_ELG_IM","Percentage of children eligible for immunization","MEAS","Measles",2016,93.4
"POL","Poland","PT_CH_ELG_IM","Percentage of children eligible for immunization","MEAS","Measles",2017,93
"POL","Poland","PT_CH_ELG_IM","Percentage of children eligible for immunization","MEAS","Measles",2018,92.4
"POL","Poland","PT_CH_ELG_IM","Percentage of children eligible for immunization","MEAS","Measles",2019,91.1
"POL","Poland","PT_CH_ELG_IM","Percentage of children eligible for immunization","MEAS","Measles",2020,85.8
"POL","Poland","PT_CH_ELG_IM","Percentage of children eligible for immunization","MEAS","Measles",2021,85.6
"POL","Poland","PT_CH_ELG_IM","Percentage of children eligible for immunization","MEAS","Measles",2022,86.1
"POL","Poland","PT_CH_ELG_IM","Percentage of children eligible for immunization","MEAS","Measles",2023,88.2
"POL","Poland","PT_CH_ELG_IM","Percentage of children eligible for immunization","MEAS","Measles",2024,81.8
"POL","Poland","PT_CH_ELG_IM","Percentage of children eligible for immunization","MEAS","Measles",2025,82.5
"PRT","Portugal","PT_CH_ELG_IM","Percentage of children eligible for immunization","DIPTETPERT","Diphtheria, Tetanus, Pertussis",2010,98
"PRT","Portugal","PT_CH_ELG_IM","Percentage of children eligible for immunization","DIPTETPERT","Diphtheria, Tetanus, Pertussis",2011,97
"PRT","Portugal","PT_CH_ELG_IM","Percentage of children eligible for immunization","DIPTETPERT","Diphtheria, Tetanus, Pertussis",2012,98
"PRT","Portugal","PT_CH_ELG_IM","Percentage of children eligible for immunization","DIPTETPERT","Diphtheria, Tetanus, Pertussis",2013,98
"PRT","Portugal","PT_CH_ELG_IM","Percentage of children eligible for immunization","DIPTETPERT","Diphtheria, Tetanus, Pertussis",2014,98
"PRT","Portugal","PT_CH_ELG_IM","Percentage of children eligible for immunization","DIPTETPERT","Diphtheria, Tetanus, Pertussis",2015,98
"PRT","Portugal","PT_CH_ELG_IM","Percentage of children eligible for immunization","DIPTETPERT","Diphtheria, Tetanus, Pertussis",2016,98
"PRT","Portugal","PT_CH_ELG_IM","Percentage of children eligible for immunization","DIPTETPERT","Diphtheria, Tetanus, Pertussis",2017,98
"PRT","Portugal","PT_CH_ELG_IM","Percentage of children eligible for immunization","DIPTETPERT","Diphtheria, Tetanus, Pertussis",2018,99
"PRT","Portugal","PT_CH_ELG_IM","Percentage of children eligible for immunization","DIPTETPERT","Diphtheria, Tetanus, Pertussis",2019,99
"PRT","Portugal","PT_CH_ELG_IM","Percentage of children eligible for immunization","DIPTETPERT","Diphtheria, Tetanus, Pertussis",2020,99
"PRT","Portugal","PT_CH_ELG_IM","Percentage of children eligible for immunization","DIPTETPERT","Diphtheria, Tetanus, Pertussis",2021,99
"PRT","Portugal","PT_CH_ELG_IM","Percentage of children eligible for immunization","DIPTETPERT","Diphtheria, Tetanus, Pertussis",2022,99
"PRT","Portugal","PT_CH_ELG_IM","Percentage of children eligible for immunization","DIPTETPERT","Diphtheria, Tetanus, Pertussis",2023,99
"PRT","Portugal","PT_CH_ELG_IM","Percentage of children eligible for immunization","DIPTETPERT","Diphtheria, Tetanus, Pertussis",2024,98.6
"PRT","Portugal","PT_CH_ELG_IM","Percentage of children eligible for immunization","DIPTETPERT","Diphtheria, Tetanus, Pertussis",2025,98.5
"PRT","Portugal","PT_CH_ELG_IM","Percentage of children eligible for immunization","HEPB","Hepatitis B",2010,97
"PRT","Portugal","PT_CH_ELG_IM","Percentage of children eligible for immunization","HEPB","Hepatitis B",2011,97
"PRT","Portugal","PT_CH_ELG_IM","Percentage of children eligible for immunization","HEPB","Hepatitis B",2012,98
"PRT","Portugal","PT_CH_ELG_IM","Percentage of children eligible for immunization","HEPB","Hepatitis B",2013,98
"PRT","Portugal","PT_CH_ELG_IM","Percentage of children eligible for immunization","HEPB","Hepatitis B",2014,98
"PRT","Portugal","PT_CH_ELG_IM","Percentage of children eligible for immunization","HEPB","Hepatitis B",2015,98
"PRT","Portugal","PT_CH_ELG_IM","Percentage of children eligible for immunization","HEPB","Hepatitis B",2016,98
"PRT","Portugal","PT_CH_ELG_IM","Percentage of children eligible for immunization","HEPB","Hepatitis B",2017,98
"PRT","Portugal","PT_CH_ELG_IM","Percentage of children eligible for immunization","HEPB","Hepatitis B",2018,98
"PRT","Portugal","PT_CH_ELG_IM","Percentage of children eligible for immunization","HEPB","Hepatitis B",2019,98
"PRT","Portugal","PT_CH_ELG_IM","Percentage of children eligible for immunization","HEPB","Hepatitis B",2020,99
"PRT","Portugal","PT_CH_ELG_IM","Percentage of children eligible for immunization","HEPB","Hepatitis B",2021,99
"PRT","Portugal","PT_CH_ELG_IM","Percentage of children eligible for immunization","HEPB","Hepatitis B",2022,99
"PRT","Portugal","PT_CH_ELG_IM","Percentage of children eligible for immunization","HEPB","Hepatitis B",2023,99
"PRT","Portugal","PT_CH_ELG_IM","Percentage of children eligible for immunization","HEPB","Hepatitis B",2024,98.6
"PRT","Portugal","PT_CH_ELG_IM","Percentage of children eligible for immunization","HEPB","Hepatitis B",2025,98.5
"PRT","Portugal","PT_POP_Y_GE65","Percentage of population aged 65 years or over","IFLU","Influenza",2010,52.2
"PRT","Portugal","PT_POP_Y_GE65","Percentage of population aged 65 years or over","IFLU","Influenza",2011,48.3
"PRT","Portugal","PT_POP_Y_GE65","Percentage of population aged 65 years or over","IFLU","Influenza",2012,43.4
"PRT","Portugal","PT_POP_Y_GE65","Percentage of population aged 65 years or over","IFLU","Influenza",2013,44.9
"PRT","Portugal","PT_POP_Y_GE65","Percentage of population aged 65 years or over","IFLU","Influenza",2014,49.9
"PRT","Portugal","PT_POP_Y_GE65","Percentage of population aged 65 years or over","IFLU","Influenza",2015,50.9
"PRT","Portugal","PT_POP_Y_GE65","Percentage of population aged 65 years or over","IFLU","Influenza",2016,50.1
"PRT","Portugal","PT_POP_Y_GE65","Percentage of population aged 65 years or over","IFLU","Influenza",2017,57.5
"PRT","Portugal","PT_POP_Y_GE65","Percentage of population aged 65 years or over","IFLU","Influenza",2018,60.8
"PRT","Portugal","PT_POP_Y_GE65","Percentage of population aged 65 years or over","IFLU","Influenza",2019,55.7
"PRT","Portugal","PT_POP_Y_GE65","Percentage of population aged 65 years or over","IFLU","Influenza",2020,60.4
"PRT","Portugal","PT_POP_Y_GE65","Percentage of population aged 65 years or over","IFLU","Influenza",2021,74.8
"PRT","Portugal","PT_POP_Y_GE65","Percentage of population aged 65 years or over","IFLU","Influenza",2022,71.1
"PRT","Portugal","PT_POP_Y_GE65","Percentage of population aged 65 years or over","IFLU","Influenza",2023,65.9
"PRT","Portugal","PT_POP_Y_GE65","Percentage of population aged 65 years or over","IFLU","Influenza",2024,67.5
"PRT","Portugal","PT_CH_ELG_IM","Percentage of children eligible for immunization","MEAS","Measles",2010,95
"PRT","Portugal","PT_CH_ELG_IM","Percentage of children eligible for immunization","MEAS","Measles",2011,96
"PRT","Portugal","PT_CH_ELG_IM","Percentage of children eligible for immunization","MEAS","Measles",2012,96
"PRT","Portugal","PT_CH_ELG_IM","Percentage of children eligible for immunization","MEAS","Measles",2013,96
"PRT","Portugal","PT_CH_ELG_IM","Percentage of children eligible for immunization","MEAS","Measles",2014,96
"PRT","Portugal","PT_CH_ELG_IM","Percentage of children eligible for immunization","MEAS","Measles",2015,95
"PRT","Portugal","PT_CH_ELG_IM","Percentage of children eligible for immunization","MEAS","Measles",2016,95
"PRT","Portugal","PT_CH_ELG_IM","Percentage of children eligible for immunization","MEAS","Measles",2017,95
"PRT","Portugal","PT_CH_ELG_IM","Percentage of children eligible for immunization","MEAS","Measles",2018,96
"PRT","Portugal","PT_CH_ELG_IM","Percentage of children eligible for immunization","MEAS","Measles",2019,96
"PRT","Portugal","PT_CH_ELG_IM","Percentage of children eligible for immunization","MEAS","Measles",2020,95
"PRT","Portugal","PT_CH_ELG_IM","Percentage of children eligible for immunization","MEAS","Measles",2021,95
"PRT","Portugal","PT_CH_ELG_IM","Percentage of children eligible for immunization","MEAS","Measles",2022,96
"PRT","Portugal","PT_CH_ELG_IM","Percentage of children eligible for immunization","MEAS","Measles",2023,95
"PRT","Portugal","PT_CH_ELG_IM","Percentage of children eligible for immunization","MEAS","Measles",2024,95.7
"PRT","Portugal","PT_CH_ELG_IM","Percentage of children eligible for immunization","MEAS","Measles",2025,95.4
"ROU","Romania","PT_CH_ELG_IM","Percentage of children eligible for immunization","DIPTETPERT","Diphtheria, Tetanus, Pertussis",2010,94
"ROU","Romania","PT_CH_ELG_IM","Percentage of children eligible for immunization","DIPTETPERT","Diphtheria, Tetanus, Pertussis",2011,89
"ROU","Romania","PT_CH_ELG_IM","Percentage of children eligible for immunization","DIPTETPERT","Diphtheria, Tetanus, Pertussis",2012,91
"ROU","Romania","PT_CH_ELG_IM","Percentage of children eligible for immunization","DIPTETPERT","Diphtheria, Tetanus, Pertussis",2013,92
"ROU","Romania","PT_CH_ELG_IM","Percentage of children eligible for immunization","DIPTETPERT","Diphtheria, Tetanus, Pertussis",2014,94
"ROU","Romania","PT_CH_ELG_IM","Percentage of children eligible for immunization","DIPTETPERT","Diphtheria, Tetanus, Pertussis",2015,89
"ROU","Romania","PT_CH_ELG_IM","Percentage of children eligible for immunization","DIPTETPERT","Diphtheria, Tetanus, Pertussis",2016,89
"ROU","Romania","PT_CH_ELG_IM","Percentage of children eligible for immunization","DIPTETPERT","Diphtheria, Tetanus, Pertussis",2017,87.5
"ROU","Romania","PT_CH_ELG_IM","Percentage of children eligible for immunization","DIPTETPERT","Diphtheria, Tetanus, Pertussis",2018,93.3
"ROU","Romania","PT_CH_ELG_IM","Percentage of children eligible for immunization","DIPTETPERT","Diphtheria, Tetanus, Pertussis",2019,53.4
"ROU","Romania","PT_CH_ELG_IM","Percentage of children eligible for immunization","DIPTETPERT","Diphtheria, Tetanus, Pertussis",2020,57.1
"ROU","Romania","PT_CH_ELG_IM","Percentage of children eligible for immunization","DIPTETPERT","Diphtheria, Tetanus, Pertussis",2021,94.2
"ROU","Romania","PT_CH_ELG_IM","Percentage of children eligible for immunization","DIPTETPERT","Diphtheria, Tetanus, Pertussis",2022,79.9
"ROU","Romania","PT_CH_ELG_IM","Percentage of children eligible for immunization","DIPTETPERT","Diphtheria, Tetanus, Pertussis",2023,40.4
"ROU","Romania","PT_CH_ELG_IM","Percentage of children eligible for immunization","DIPTETPERT","Diphtheria, Tetanus, Pertussis",2024,66.4
"ROU","Romania","PT_CH_ELG_IM","Percentage of children eligible for immunization","DIPTETPERT","Diphtheria, Tetanus, Pertussis",2025,60.6
"ROU","Romania","PT_CH_ELG_IM","Percentage of children eligible for immunization","HEPB","Hepatitis B",2010,98
"ROU","Romania","PT_CH_ELG_IM","Percentage of children eligible for immunization","HEPB","Hepatitis B",2011,96
"ROU","Romania","PT_CH_ELG_IM","Percentage of children eligible for immunization","HEPB","Hepatitis B",2012,96
"ROU","Romania","PT_CH_ELG_IM","Percentage of children eligible for immunization","HEPB","Hepatitis B",2013,96
"ROU","Romania","PT_CH_ELG_IM","Percentage of children eligible for immunization","HEPB","Hepatitis B",2014,94
"ROU","Romania","PT_CH_ELG_IM","Percentage of children eligible for immunization","HEPB","Hepatitis B",2015,90
"ROU","Romania","PT_CH_ELG_IM","Percentage of children eligible for immunization","HEPB","Hepatitis B",2016,90
"ROU","Romania","PT_CH_ELG_IM","Percentage of children eligible for immunization","HEPB","Hepatitis B",2017,92
"ROU","Romania","PT_CH_ELG_IM","Percentage of children eligible for immunization","HEPB","Hepatitis B",2018,93.3
"ROU","Romania","PT_CH_ELG_IM","Percentage of children eligible for immunization","HEPB","Hepatitis B",2019,90
"ROU","Romania","PT_CH_ELG_IM","Percentage of children eligible for immunization","HEPB","Hepatitis B",2020,87
"ROU","Romania","PT_CH_ELG_IM","Percentage of children eligible for immunization","HEPB","Hepatitis B",2021,94.2
"ROU","Romania","PT_CH_ELG_IM","Percentage of children eligible for immunization","HEPB","Hepatitis B",2022,79.9
"ROU","Romania","PT_CH_ELG_IM","Percentage of children eligible for immunization","HEPB","Hepatitis B",2023,40.4
"ROU","Romania","PT_CH_ELG_IM","Percentage of children eligible for immunization","HEPB","Hepatitis B",2024,66.4
"ROU","Romania","PT_CH_ELG_IM","Percentage of children eligible for immunization","HEPB","Hepatitis B",2025,60.6
"ROU","Romania","PT_POP_Y_GE65","Percentage of population aged 65 years or over","IFLU","Influenza",2010,27.9
"ROU","Romania","PT_POP_Y_GE65","Percentage of population aged 65 years or over","IFLU","Influenza",2011,18.8
"ROU","Romania","PT_POP_Y_GE65","Percentage of population aged 65 years or over","IFLU","Influenza",2012,9.1
"ROU","Romania","PT_POP_Y_GE65","Percentage of population aged 65 years or over","IFLU","Influenza",2013,14.6
"ROU","Romania","PT_POP_Y_GE65","Percentage of population aged 65 years or over","IFLU","Influenza",2014,8.6
"ROU","Romania","PT_POP_Y_GE65","Percentage of population aged 65 years or over","IFLU","Influenza",2015,7.2
"ROU","Romania","PT_POP_Y_GE65","Percentage of population aged 65 years or over","IFLU","Influenza",2016,9.8
"ROU","Romania","PT_POP_Y_GE65","Percentage of population aged 65 years or over","IFLU","Influenza",2017,7.6
"ROU","Romania","PT_POP_Y_GE65","Percentage of population aged 65 years or over","IFLU","Influenza",2018,15.9
"ROU","Romania","PT_POP_Y_GE65","Percentage of population aged 65 years or over","IFLU","Influenza",2019,20.5
"ROU","Romania","PT_POP_Y_GE65","Percentage of population aged 65 years or over","IFLU","Influenza",2020,22.6
"ROU","Romania","PT_POP_Y_GE65","Percentage of population aged 65 years or over","IFLU","Influenza",2021,34.8
"ROU","Romania","PT_POP_Y_GE65","Percentage of population aged 65 years or over","IFLU","Influenza",2022,22.1
"ROU","Romania","PT_POP_Y_GE65","Percentage of population aged 65 years or over","IFLU","Influenza",2023,22.9
"ROU","Romania","PT_POP_Y_GE65","Percentage of population aged 65 years or over","IFLU","Influenza",2024,19.2
"ROU","Romania","PT_CH_ELG_IM","Percentage of children eligible for immunization","MEAS","Measles",2010,92.9
"ROU","Romania","PT_CH_ELG_IM","Percentage of children eligible for immunization","MEAS","Measles",2011,90.7
"ROU","Romania","PT_CH_ELG_IM","Percentage of children eligible for immunization","MEAS","Measles",2012,90
"ROU","Romania","PT_CH_ELG_IM","Percentage of children eligible for immunization","MEAS","Measles",2013,88.4
"ROU","Romania","PT_CH_ELG_IM","Percentage of children eligible for immunization","MEAS","Measles",2014,84
"ROU","Romania","PT_CH_ELG_IM","Percentage of children eligible for immunization","MEAS","Measles",2015,80
"ROU","Romania","PT_CH_ELG_IM","Percentage of children eligible for immunization","MEAS","Measles",2016,76.3
"ROU","Romania","PT_CH_ELG_IM","Percentage of children eligible for immunization","MEAS","Measles",2017,72.4
"ROU","Romania","PT_CH_ELG_IM","Percentage of children eligible for immunization","MEAS","Measles",2018,74.2
"ROU","Romania","PT_CH_ELG_IM","Percentage of children eligible for immunization","MEAS","Measles",2019,68.3
"ROU","Romania","PT_CH_ELG_IM","Percentage of children eligible for immunization","MEAS","Measles",2020,60.1
"ROU","Romania","PT_CH_ELG_IM","Percentage of children eligible for immunization","MEAS","Measles",2021,72.1
"ROU","Romania","PT_CH_ELG_IM","Percentage of children eligible for immunization","MEAS","Measles",2022,71
"ROU","Romania","PT_CH_ELG_IM","Percentage of children eligible for immunization","MEAS","Measles",2023,62
"ROU","Romania","PT_CH_ELG_IM","Percentage of children eligible for immunization","MEAS","Measles",2024,68.1
"ROU","Romania","PT_CH_ELG_IM","Percentage of children eligible for immunization","MEAS","Measles",2025,68.1
"RUS","Russia","PT_CH_ELG_IM","Percentage of children eligible for immunization","DIPTETPERT","Diphtheria, Tetanus, Pertussis",2010,97
"RUS","Russia","PT_CH_ELG_IM","Percentage of children eligible for immunization","DIPTETPERT","Diphtheria, Tetanus, Pertussis",2011,97.2
"RUS","Russia","PT_CH_ELG_IM","Percentage of children eligible for immunization","DIPTETPERT","Diphtheria, Tetanus, Pertussis",2012,97.3
"RUS","Russia","PT_CH_ELG_IM","Percentage of children eligible for immunization","DIPTETPERT","Diphtheria, Tetanus, Pertussis",2013,97.3
"RUS","Russia","PT_CH_ELG_IM","Percentage of children eligible for immunization","DIPTETPERT","Diphtheria, Tetanus, Pertussis",2014,96.5
"RUS","Russia","PT_CH_ELG_IM","Percentage of children eligible for immunization","DIPTETPERT","Diphtheria, Tetanus, Pertussis",2015,97
"RUS","Russia","PT_CH_ELG_IM","Percentage of children eligible for immunization","DIPTETPERT","Diphtheria, Tetanus, Pertussis",2016,97
"RUS","Russia","PT_CH_ELG_IM","Percentage of children eligible for immunization","DIPTETPERT","Diphtheria, Tetanus, Pertussis",2017,97
"RUS","Russia","PT_CH_ELG_IM","Percentage of children eligible for immunization","DIPTETPERT","Diphtheria, Tetanus, Pertussis",2018,96.9
"RUS","Russia","PT_CH_ELG_IM","Percentage of children eligible for immunization","DIPTETPERT","Diphtheria, Tetanus, Pertussis",2019,96.9
"RUS","Russia","PT_CH_ELG_IM","Percentage of children eligible for immunization","DIPTETPERT","Diphtheria, Tetanus, Pertussis",2020,96.5
"RUS","Russia","PT_CH_ELG_IM","Percentage of children eligible for immunization","DIPTETPERT","Diphtheria, Tetanus, Pertussis",2021,96.7
"RUS","Russia","PT_CH_ELG_IM","Percentage of children eligible for immunization","DIPTETPERT","Diphtheria, Tetanus, Pertussis",2022,96.9
"RUS","Russia","PT_CH_ELG_IM","Percentage of children eligible for immunization","DIPTETPERT","Diphtheria, Tetanus, Pertussis",2023,96.9
"RUS","Russia","PT_CH_ELG_IM","Percentage of children eligible for immunization","DIPTETPERT","Diphtheria, Tetanus, Pertussis",2024,96.8
"RUS","Russia","PT_CH_ELG_IM","Percentage of children eligible for immunization","DIPTETPERT","Diphtheria, Tetanus, Pertussis",2025,96.7
"RUS","Russia","PT_CH_ELG_IM","Percentage of children eligible for immunization","HEPB","Hepatitis B",2010,97
"RUS","Russia","PT_CH_ELG_IM","Percentage of children eligible for immunization","HEPB","Hepatitis B",2011,97.3
"RUS","Russia","PT_CH_ELG_IM","Percentage of children eligible for immunization","HEPB","Hepatitis B",2012,97.3
"RUS","Russia","PT_CH_ELG_IM","Percentage of children eligible for immunization","HEPB","Hepatitis B",2013,97.2
"RUS","Russia","PT_CH_ELG_IM","Percentage of children eligible for immunization","HEPB","Hepatitis B",2014,96.6
"RUS","Russia","PT_CH_ELG_IM","Percentage of children eligible for immunization","HEPB","Hepatitis B",2015,97
"RUS","Russia","PT_CH_ELG_IM","Percentage of children eligible for immunization","HEPB","Hepatitis B",2016,96.9
"RUS","Russia","PT_CH_ELG_IM","Percentage of children eligible for immunization","HEPB","Hepatitis B",2017,97.2
"RUS","Russia","PT_CH_ELG_IM","Percentage of children eligible for immunization","HEPB","Hepatitis B",2018,96.9
"RUS","Russia","PT_CH_ELG_IM","Percentage of children eligible for immunization","HEPB","Hepatitis B",2019,97.1
"RUS","Russia","PT_CH_ELG_IM","Percentage of children eligible for immunization","HEPB","Hepatitis B",2020,96.7
"RUS","Russia","PT_CH_ELG_IM","Percentage of children eligible for immunization","HEPB","Hepatitis B",2021,96.9
"RUS","Russia","PT_CH_ELG_IM","Percentage of children eligible for immunization","HEPB","Hepatitis B",2022,96.9
"RUS","Russia","PT_CH_ELG_IM","Percentage of children eligible for immunization","HEPB","Hepatitis B",2023,97.1
"RUS","Russia","PT_CH_ELG_IM","Percentage of children eligible for immunization","HEPB","Hepatitis B",2024,96.9
"RUS","Russia","PT_CH_ELG_IM","Percentage of children eligible for immunization","HEPB","Hepatitis B",2025,97
"RUS","Russia","PT_CH_ELG_IM","Percentage of children eligible for immunization","MEAS","Measles",2010,97
"RUS","Russia","PT_CH_ELG_IM","Percentage of children eligible for immunization","MEAS","Measles",2011,97.2
"RUS","Russia","PT_CH_ELG_IM","Percentage of children eligible for immunization","MEAS","Measles",2012,97
"RUS","Russia","PT_CH_ELG_IM","Percentage of children eligible for immunization","MEAS","Measles",2013,97.4
"RUS","Russia","PT_CH_ELG_IM","Percentage of children eligible for immunization","MEAS","Measles",2014,96.9
"RUS","Russia","PT_CH_ELG_IM","Percentage of children eligible for immunization","MEAS","Measles",2015,97.2
"RUS","Russia","PT_CH_ELG_IM","Percentage of children eligible for immunization","MEAS","Measles",2016,96.9
"RUS","Russia","PT_CH_ELG_IM","Percentage of children eligible for immunization","MEAS","Measles",2017,97.1
"RUS","Russia","PT_CH_ELG_IM","Percentage of children eligible for immunization","MEAS","Measles",2018,97
"RUS","Russia","PT_CH_ELG_IM","Percentage of children eligible for immunization","MEAS","Measles",2019,96.6
"RUS","Russia","PT_CH_ELG_IM","Percentage of children eligible for immunization","MEAS","Measles",2020,96.1
"RUS","Russia","PT_CH_ELG_IM","Percentage of children eligible for immunization","MEAS","Measles",2021,96.4
"RUS","Russia","PT_CH_ELG_IM","Percentage of children eligible for immunization","MEAS","Measles",2022,96.5
"RUS","Russia","PT_CH_ELG_IM","Percentage of children eligible for immunization","MEAS","Measles",2023,72.9
"RUS","Russia","PT_CH_ELG_IM","Percentage of children eligible for immunization","MEAS","Measles",2024,92.6
"RUS","Russia","PT_CH_ELG_IM","Percentage of children eligible for immunization","MEAS","Measles",2025,95.1
"SRB","Serbia","PT_CH_ELG_IM","Percentage of children eligible for immunization","DIPTETPERT","Diphtheria, Tetanus, Pertussis",2010,97.2
"SRB","Serbia","PT_CH_ELG_IM","Percentage of children eligible for immunization","DIPTETPERT","Diphtheria, Tetanus, Pertussis",2011,97.5
"SRB","Serbia","PT_CH_ELG_IM","Percentage of children eligible for immunization","DIPTETPERT","Diphtheria, Tetanus, Pertussis",2012,95.9
"SRB","Serbia","PT_CH_ELG_IM","Percentage of children eligible for immunization","DIPTETPERT","Diphtheria, Tetanus, Pertussis",2013,96.9
"SRB","Serbia","PT_CH_ELG_IM","Percentage of children eligible for immunization","DIPTETPERT","Diphtheria, Tetanus, Pertussis",2014,95
"SRB","Serbia","PT_CH_ELG_IM","Percentage of children eligible for immunization","DIPTETPERT","Diphtheria, Tetanus, Pertussis",2015,95
"SRB","Serbia","PT_CH_ELG_IM","Percentage of children eligible for immunization","DIPTETPERT","Diphtheria, Tetanus, Pertussis",2016,94.1
"SRB","Serbia","PT_CH_ELG_IM","Percentage of children eligible for immunization","DIPTETPERT","Diphtheria, Tetanus, Pertussis",2017,95.1
"SRB","Serbia","PT_CH_ELG_IM","Percentage of children eligible for immunization","DIPTETPERT","Diphtheria, Tetanus, Pertussis",2018,94.7
"SRB","Serbia","PT_CH_ELG_IM","Percentage of children eligible for immunization","DIPTETPERT","Diphtheria, Tetanus, Pertussis",2019,95.1
"SRB","Serbia","PT_CH_ELG_IM","Percentage of children eligible for immunization","DIPTETPERT","Diphtheria, Tetanus, Pertussis",2020,91.7
"SRB","Serbia","PT_CH_ELG_IM","Percentage of children eligible for immunization","DIPTETPERT","Diphtheria, Tetanus, Pertussis",2021,90.8
"SRB","Serbia","PT_CH_ELG_IM","Percentage of children eligible for immunization","DIPTETPERT","Diphtheria, Tetanus, Pertussis",2022,91.9
"SRB","Serbia","PT_CH_ELG_IM","Percentage of children eligible for immunization","DIPTETPERT","Diphtheria, Tetanus, Pertussis",2023,92.8
"SRB","Serbia","PT_CH_ELG_IM","Percentage of children eligible for immunization","DIPTETPERT","Diphtheria, Tetanus, Pertussis",2024,94.9
"SRB","Serbia","PT_CH_ELG_IM","Percentage of children eligible for immunization","DIPTETPERT","Diphtheria, Tetanus, Pertussis",2025,92
"SRB","Serbia","PT_CH_ELG_IM","Percentage of children eligible for immunization","HEPB","Hepatitis B",2010,94.9
"SRB","Serbia","PT_CH_ELG_IM","Percentage of children eligible for immunization","HEPB","Hepatitis B",2011,96.4
"SRB","Serbia","PT_CH_ELG_IM","Percentage of children eligible for immunization","HEPB","Hepatitis B",2012,93.1
"SRB","Serbia","PT_CH_ELG_IM","Percentage of children eligible for immunization","HEPB","Hepatitis B",2013,93.4
"SRB","Serbia","PT_CH_ELG_IM","Percentage of children eligible for immunization","HEPB","Hepatitis B",2014,93.9
"SRB","Serbia","PT_CH_ELG_IM","Percentage of children eligible for immunization","HEPB","Hepatitis B",2015,92
"SRB","Serbia","PT_CH_ELG_IM","Percentage of children eligible for immunization","HEPB","Hepatitis B",2016,90.5
"SRB","Serbia","PT_CH_ELG_IM","Percentage of children eligible for immunization","HEPB","Hepatitis B",2017,92.4
"SRB","Serbia","PT_CH_ELG_IM","Percentage of children eligible for immunization","HEPB","Hepatitis B",2018,90.3
"SRB","Serbia","PT_CH_ELG_IM","Percentage of children eligible for immunization","HEPB","Hepatitis B",2019,90.9
"SRB","Serbia","PT_CH_ELG_IM","Percentage of children eligible for immunization","HEPB","Hepatitis B",2020,86.7
"SRB","Serbia","PT_CH_ELG_IM","Percentage of children eligible for immunization","HEPB","Hepatitis B",2021,89
"SRB","Serbia","PT_CH_ELG_IM","Percentage of children eligible for immunization","HEPB","Hepatitis B",2022,91.6
"SRB","Serbia","PT_CH_ELG_IM","Percentage of children eligible for immunization","HEPB","Hepatitis B",2023,92.5
"SRB","Serbia","PT_CH_ELG_IM","Percentage of children eligible for immunization","HEPB","Hepatitis B",2024,92.7
"SRB","Serbia","PT_CH_ELG_IM","Percentage of children eligible for immunization","HEPB","Hepatitis B",2025,90.2
"SRB","Serbia","PT_POP_Y_GE65","Percentage of population aged 65 years or over","IFLU","Influenza",2010,9.8
"SRB","Serbia","PT_POP_Y_GE65","Percentage of population aged 65 years or over","IFLU","Influenza",2011,10.8
"SRB","Serbia","PT_POP_Y_GE65","Percentage of population aged 65 years or over","IFLU","Influenza",2012,9.4
"SRB","Serbia","PT_POP_Y_GE65","Percentage of population aged 65 years or over","IFLU","Influenza",2013,11
"SRB","Serbia","PT_POP_Y_GE65","Percentage of population aged 65 years or over","IFLU","Influenza",2014,10.3
"SRB","Serbia","PT_POP_Y_GE65","Percentage of population aged 65 years or over","IFLU","Influenza",2015,10.8
"SRB","Serbia","PT_POP_Y_GE65","Percentage of population aged 65 years or over","IFLU","Influenza",2016,10.7
"SRB","Serbia","PT_POP_Y_GE65","Percentage of population aged 65 years or over","IFLU","Influenza",2017,11.2
"SRB","Serbia","PT_POP_Y_GE65","Percentage of population aged 65 years or over","IFLU","Influenza",2018,11.1
"SRB","Serbia","PT_POP_Y_GE65","Percentage of population aged 65 years or over","IFLU","Influenza",2019,13.3
"SRB","Serbia","PT_POP_Y_GE65","Percentage of population aged 65 years or over","IFLU","Influenza",2020,16.5
"SRB","Serbia","PT_POP_Y_GE65","Percentage of population aged 65 years or over","IFLU","Influenza",2021,15.2
"SRB","Serbia","PT_POP_Y_GE65","Percentage of population aged 65 years or over","IFLU","Influenza",2022,14
"SRB","Serbia","PT_POP_Y_GE65","Percentage of population aged 65 years or over","IFLU","Influenza",2023,13.2
"SRB","Serbia","PT_POP_Y_GE65","Percentage of population aged 65 years or over","IFLU","Influenza",2024,14.1
"SRB","Serbia","PT_CH_ELG_IM","Percentage of children eligible for immunization","MEAS","Measles",2010,98.1
"SRB","Serbia","PT_CH_ELG_IM","Percentage of children eligible for immunization","MEAS","Measles",2011,98
"SRB","Serbia","PT_CH_ELG_IM","Percentage of children eligible for immunization","MEAS","Measles",2012,94
"SRB","Serbia","PT_CH_ELG_IM","Percentage of children eligible for immunization","MEAS","Measles",2013,84.1
"SRB","Serbia","PT_CH_ELG_IM","Percentage of children eligible for immunization","MEAS","Measles",2014,89.2
"SRB","Serbia","PT_CH_ELG_IM","Percentage of children eligible for immunization","MEAS","Measles",2015,88
"SRB","Serbia","PT_CH_ELG_IM","Percentage of children eligible for immunization","MEAS","Measles",2016,91.1
"SRB","Serbia","PT_CH_ELG_IM","Percentage of children eligible for immunization","MEAS","Measles",2017,91.6
"SRB","Serbia","PT_CH_ELG_IM","Percentage of children eligible for immunization","MEAS","Measles",2018,91.6
"SRB","Serbia","PT_CH_ELG_IM","Percentage of children eligible for immunization","MEAS","Measles",2019,91.9
"SRB","Serbia","PT_CH_ELG_IM","Percentage of children eligible for immunization","MEAS","Measles",2020,84.1
"SRB","Serbia","PT_CH_ELG_IM","Percentage of children eligible for immunization","MEAS","Measles",2021,85.8
"SRB","Serbia","PT_CH_ELG_IM","Percentage of children eligible for immunization","MEAS","Measles",2022,89.5
"SRB","Serbia","PT_CH_ELG_IM","Percentage of children eligible for immunization","MEAS","Measles",2023,91
"SRB","Serbia","PT_CH_ELG_IM","Percentage of children eligible for immunization","MEAS","Measles",2024,90.8
"SRB","Serbia","PT_CH_ELG_IM","Percentage of children eligible for immunization","MEAS","Measles",2025,91
"SVK","Slovak Republic","PT_CH_ELG_IM","Percentage of children eligible for immunization","DIPTETPERT","Diphtheria, Tetanus, Pertussis",2010,99.1
"SVK","Slovak Republic","PT_CH_ELG_IM","Percentage of children eligible for immunization","DIPTETPERT","Diphtheria, Tetanus, Pertussis",2011,99
"SVK","Slovak Republic","PT_CH_ELG_IM","Percentage of children eligible for immunization","DIPTETPERT","Diphtheria, Tetanus, Pertussis",2012,98.7
"SVK","Slovak Republic","PT_CH_ELG_IM","Percentage of children eligible for immunization","DIPTETPERT","Diphtheria, Tetanus, Pertussis",2013,97.9
"SVK","Slovak Republic","PT_CH_ELG_IM","Percentage of children eligible for immunization","DIPTETPERT","Diphtheria, Tetanus, Pertussis",2014,96.8
"SVK","Slovak Republic","PT_CH_ELG_IM","Percentage of children eligible for immunization","DIPTETPERT","Diphtheria, Tetanus, Pertussis",2015,96
"SVK","Slovak Republic","PT_CH_ELG_IM","Percentage of children eligible for immunization","DIPTETPERT","Diphtheria, Tetanus, Pertussis",2016,96.4
"SVK","Slovak Republic","PT_CH_ELG_IM","Percentage of children eligible for immunization","DIPTETPERT","Diphtheria, Tetanus, Pertussis",2017,96.4
"SVK","Slovak Republic","PT_CH_ELG_IM","Percentage of children eligible for immunization","DIPTETPERT","Diphtheria, Tetanus, Pertussis",2018,96.5
"SVK","Slovak Republic","PT_CH_ELG_IM","Percentage of children eligible for immunization","DIPTETPERT","Diphtheria, Tetanus, Pertussis",2019,96.7
"SVK","Slovak Republic","PT_CH_ELG_IM","Percentage of children eligible for immunization","DIPTETPERT","Diphtheria, Tetanus, Pertussis",2020,97
"SVK","Slovak Republic","PT_CH_ELG_IM","Percentage of children eligible for immunization","DIPTETPERT","Diphtheria, Tetanus, Pertussis",2021,97
"SVK","Slovak Republic","PT_CH_ELG_IM","Percentage of children eligible for immunization","DIPTETPERT","Diphtheria, Tetanus, Pertussis",2022,96.5
"SVK","Slovak Republic","PT_CH_ELG_IM","Percentage of children eligible for immunization","DIPTETPERT","Diphtheria, Tetanus, Pertussis",2023,96.3
"SVK","Slovak Republic","PT_CH_ELG_IM","Percentage of children eligible for immunization","DIPTETPERT","Diphtheria, Tetanus, Pertussis",2024,96.1
"SVK","Slovak Republic","PT_CH_ELG_IM","Percentage of children eligible for immunization","DIPTETPERT","Diphtheria, Tetanus, Pertussis",2025,95.8
"SVK","Slovak Republic","PT_CH_ELG_IM","Percentage of children eligible for immunization","HEPB","Hepatitis B",2010,99.1
"SVK","Slovak Republic","PT_CH_ELG_IM","Percentage of children eligible for immunization","HEPB","Hepatitis B",2011,99
"SVK","Slovak Republic","PT_CH_ELG_IM","Percentage of children eligible for immunization","HEPB","Hepatitis B",2012,98.7
"SVK","Slovak Republic","PT_CH_ELG_IM","Percentage of children eligible for immunization","HEPB","Hepatitis B",2013,97.9
"SVK","Slovak Republic","PT_CH_ELG_IM","Percentage of children eligible for immunization","HEPB","Hepatitis B",2014,96.8
"SVK","Slovak Republic","PT_CH_ELG_IM","Percentage of children eligible for immunization","HEPB","Hepatitis B",2015,96
"SVK","Slovak Republic","PT_CH_ELG_IM","Percentage of children eligible for immunization","HEPB","Hepatitis B",2016,96.4
"SVK","Slovak Republic","PT_CH_ELG_IM","Percentage of children eligible for immunization","HEPB","Hepatitis B",2017,96.4
"SVK","Slovak Republic","PT_CH_ELG_IM","Percentage of children eligible for immunization","HEPB","Hepatitis B",2018,96.5
"SVK","Slovak Republic","PT_CH_ELG_IM","Percentage of children eligible for immunization","HEPB","Hepatitis B",2019,96.7
"SVK","Slovak Republic","PT_CH_ELG_IM","Percentage of children eligible for immunization","HEPB","Hepatitis B",2020,97
"SVK","Slovak Republic","PT_CH_ELG_IM","Percentage of children eligible for immunization","HEPB","Hepatitis B",2021,97
"SVK","Slovak Republic","PT_CH_ELG_IM","Percentage of children eligible for immunization","HEPB","Hepatitis B",2022,96.5
"SVK","Slovak Republic","PT_CH_ELG_IM","Percentage of children eligible for immunization","HEPB","Hepatitis B",2023,96.3
"SVK","Slovak Republic","PT_CH_ELG_IM","Percentage of children eligible for immunization","HEPB","Hepatitis B",2024,96.1
"SVK","Slovak Republic","PT_CH_ELG_IM","Percentage of children eligible for immunization","HEPB","Hepatitis B",2025,95.8
"SVK","Slovak Republic","PT_POP_Y_GE65","Percentage of population aged 65 years or over","IFLU","Influenza",2010,23.8
"SVK","Slovak Republic","PT_POP_Y_GE65","Percentage of population aged 65 years or over","IFLU","Influenza",2011,21.9
"SVK","Slovak Republic","PT_POP_Y_GE65","Percentage of population aged 65 years or over","IFLU","Influenza",2012,15.4
"SVK","Slovak Republic","PT_POP_Y_GE65","Percentage of population aged 65 years or over","IFLU","Influenza",2013,15.6
"SVK","Slovak Republic","PT_POP_Y_GE65","Percentage of population aged 65 years or over","IFLU","Influenza",2014,14.1
"SVK","Slovak Republic","PT_POP_Y_GE65","Percentage of population aged 65 years or over","IFLU","Influenza",2015,13.8
"SVK","Slovak Republic","PT_POP_Y_GE65","Percentage of population aged 65 years or over","IFLU","Influenza",2016,13.3
"SVK","Slovak Republic","PT_POP_Y_GE65","Percentage of population aged 65 years or over","IFLU","Influenza",2017,13
"SVK","Slovak Republic","PT_POP_Y_GE65","Percentage of population aged 65 years or over","IFLU","Influenza",2018,12.5
"SVK","Slovak Republic","PT_POP_Y_GE65","Percentage of population aged 65 years or over","IFLU","Influenza",2019,11.5
"SVK","Slovak Republic","PT_POP_Y_GE65","Percentage of population aged 65 years or over","IFLU","Influenza",2020,12.8
"SVK","Slovak Republic","PT_POP_Y_GE65","Percentage of population aged 65 years or over","IFLU","Influenza",2021,12.9
"SVK","Slovak Republic","PT_POP_Y_GE65","Percentage of population aged 65 years or over","IFLU","Influenza",2022,11.9
"SVK","Slovak Republic","PT_POP_Y_GE65","Percentage of population aged 65 years or over","IFLU","Influenza",2023,11.7
"SVK","Slovak Republic","PT_POP_Y_GE65","Percentage of population aged 65 years or over","IFLU","Influenza",2024,11
"SVK","Slovak Republic","PT_CH_ELG_IM","Percentage of children eligible for immunization","MEAS","Measles",2010,99.2
"SVK","Slovak Republic","PT_CH_ELG_IM","Percentage of children eligible for immunization","MEAS","Measles",2011,99.1
"SVK","Slovak Republic","PT_CH_ELG_IM","Percentage of children eligible for immunization","MEAS","Measles",2012,99
"SVK","Slovak Republic","PT_CH_ELG_IM","Percentage of children eligible for immunization","MEAS","Measles",2013,98.7
"SVK","Slovak Republic","PT_CH_ELG_IM","Percentage of children eligible for immunization","MEAS","Measles",2014,98.1
"SVK","Slovak Republic","PT_CH_ELG_IM","Percentage of children eligible for immunization","MEAS","Measles",2015,97.6
"SVK","Slovak Republic","PT_CH_ELG_IM","Percentage of children eligible for immunization","MEAS","Measles",2016,97.4
"SVK","Slovak Republic","PT_CH_ELG_IM","Percentage of children eligible for immunization","MEAS","Measles",2017,97.4
"SVK","Slovak Republic","PT_CH_ELG_IM","Percentage of children eligible for immunization","MEAS","Measles",2018,97.4
"SVK","Slovak Republic","PT_CH_ELG_IM","Percentage of children eligible for immunization","MEAS","Measles",2019,97.8
"SVK","Slovak Republic","PT_CH_ELG_IM","Percentage of children eligible for immunization","MEAS","Measles",2020,98
"SVK","Slovak Republic","PT_CH_ELG_IM","Percentage of children eligible for immunization","MEAS","Measles",2021,96.4
"SVK","Slovak Republic","PT_CH_ELG_IM","Percentage of children eligible for immunization","MEAS","Measles",2022,95.7
"SVK","Slovak Republic","PT_CH_ELG_IM","Percentage of children eligible for immunization","MEAS","Measles",2023,94.5
"SVK","Slovak Republic","PT_CH_ELG_IM","Percentage of children eligible for immunization","MEAS","Measles",2024,93.9
"SVK","Slovak Republic","PT_CH_ELG_IM","Percentage of children eligible for immunization","MEAS","Measles",2025,93.4
"SVN","Slovenia","PT_CH_ELG_IM","Percentage of children eligible for immunization","DIPTETPERT","Diphtheria, Tetanus, Pertussis",2010,96
"SVN","Slovenia","PT_CH_ELG_IM","Percentage of children eligible for immunization","DIPTETPERT","Diphtheria, Tetanus, Pertussis",2011,96
"SVN","Slovenia","PT_CH_ELG_IM","Percentage of children eligible for immunization","DIPTETPERT","Diphtheria, Tetanus, Pertussis",2012,96
"SVN","Slovenia","PT_CH_ELG_IM","Percentage of children eligible for immunization","DIPTETPERT","Diphtheria, Tetanus, Pertussis",2013,95
"SVN","Slovenia","PT_CH_ELG_IM","Percentage of children eligible for immunization","DIPTETPERT","Diphtheria, Tetanus, Pertussis",2014,95
"SVN","Slovenia","PT_CH_ELG_IM","Percentage of children eligible for immunization","DIPTETPERT","Diphtheria, Tetanus, Pertussis",2015,95
"SVN","Slovenia","PT_CH_ELG_IM","Percentage of children eligible for immunization","DIPTETPERT","Diphtheria, Tetanus, Pertussis",2016,94.1
"SVN","Slovenia","PT_CH_ELG_IM","Percentage of children eligible for immunization","DIPTETPERT","Diphtheria, Tetanus, Pertussis",2017,94
"SVN","Slovenia","PT_CH_ELG_IM","Percentage of children eligible for immunization","DIPTETPERT","Diphtheria, Tetanus, Pertussis",2018,93
"SVN","Slovenia","PT_CH_ELG_IM","Percentage of children eligible for immunization","DIPTETPERT","Diphtheria, Tetanus, Pertussis",2019,95
"SVN","Slovenia","PT_CH_ELG_IM","Percentage of children eligible for immunization","DIPTETPERT","Diphtheria, Tetanus, Pertussis",2020,95
"SVN","Slovenia","PT_CH_ELG_IM","Percentage of children eligible for immunization","DIPTETPERT","Diphtheria, Tetanus, Pertussis",2021,86
"SVN","Slovenia","PT_CH_ELG_IM","Percentage of children eligible for immunization","DIPTETPERT","Diphtheria, Tetanus, Pertussis",2022,89
"SVN","Slovenia","PT_CH_ELG_IM","Percentage of children eligible for immunization","DIPTETPERT","Diphtheria, Tetanus, Pertussis",2023,89
"SVN","Slovenia","PT_CH_ELG_IM","Percentage of children eligible for immunization","DIPTETPERT","Diphtheria, Tetanus, Pertussis",2024,90
"SVN","Slovenia","PT_CH_ELG_IM","Percentage of children eligible for immunization","HEPB","Hepatitis B",2021,86
"SVN","Slovenia","PT_CH_ELG_IM","Percentage of children eligible for immunization","HEPB","Hepatitis B",2022,89
"SVN","Slovenia","PT_CH_ELG_IM","Percentage of children eligible for immunization","HEPB","Hepatitis B",2023,89
"SVN","Slovenia","PT_CH_ELG_IM","Percentage of children eligible for immunization","HEPB","Hepatitis B",2024,90
"SVN","Slovenia","PT_POP_Y_GE65","Percentage of population aged 65 years or over","IFLU","Influenza",2010,17.7
"SVN","Slovenia","PT_POP_Y_GE65","Percentage of population aged 65 years or over","IFLU","Influenza",2011,15.9
"SVN","Slovenia","PT_POP_Y_GE65","Percentage of population aged 65 years or over","IFLU","Influenza",2012,14.5
"SVN","Slovenia","PT_POP_Y_GE65","Percentage of population aged 65 years or over","IFLU","Influenza",2013,12.8
"SVN","Slovenia","PT_POP_Y_GE65","Percentage of population aged 65 years or over","IFLU","Influenza",2014,10.9
"SVN","Slovenia","PT_POP_Y_GE65","Percentage of population aged 65 years or over","IFLU","Influenza",2015,10.4
"SVN","Slovenia","PT_POP_Y_GE65","Percentage of population aged 65 years or over","IFLU","Influenza",2016,9.8
"SVN","Slovenia","PT_POP_Y_GE65","Percentage of population aged 65 years or over","IFLU","Influenza",2017,11.8
"SVN","Slovenia","PT_POP_Y_GE65","Percentage of population aged 65 years or over","IFLU","Influenza",2018,12.9
"SVN","Slovenia","PT_POP_Y_GE65","Percentage of population aged 65 years or over","IFLU","Influenza",2019,18.8
"SVN","Slovenia","PT_POP_Y_GE65","Percentage of population aged 65 years or over","IFLU","Influenza",2020,27.6
"SVN","Slovenia","PT_POP_Y_GE65","Percentage of population aged 65 years or over","IFLU","Influenza",2021,24.5
"SVN","Slovenia","PT_POP_Y_GE65","Percentage of population aged 65 years or over","IFLU","Influenza",2022,19.1
"SVN","Slovenia","PT_POP_Y_GE65","Percentage of population aged 65 years or over","IFLU","Influenza",2023,17.6
"SVN","Slovenia","PT_POP_Y_GE65","Percentage of population aged 65 years or over","IFLU","Influenza",2024,18.1
"SVN","Slovenia","PT_CH_ELG_IM","Percentage of children eligible for immunization","MEAS","Measles",2010,96
"SVN","Slovenia","PT_CH_ELG_IM","Percentage of children eligible for immunization","MEAS","Measles",2011,96
"SVN","Slovenia","PT_CH_ELG_IM","Percentage of children eligible for immunization","MEAS","Measles",2012,96
"SVN","Slovenia","PT_CH_ELG_IM","Percentage of children eligible for immunization","MEAS","Measles",2013,95
"SVN","Slovenia","PT_CH_ELG_IM","Percentage of children eligible for immunization","MEAS","Measles",2014,94
"SVN","Slovenia","PT_CH_ELG_IM","Percentage of children eligible for immunization","MEAS","Measles",2015,96
"SVN","Slovenia","PT_CH_ELG_IM","Percentage of children eligible for immunization","MEAS","Measles",2016,93.1
"SVN","Slovenia","PT_CH_ELG_IM","Percentage of children eligible for immunization","MEAS","Measles",2017,94
"SVN","Slovenia","PT_CH_ELG_IM","Percentage of children eligible for immunization","MEAS","Measles",2018,94
"SVN","Slovenia","PT_CH_ELG_IM","Percentage of children eligible for immunization","MEAS","Measles",2019,94
"SVN","Slovenia","PT_CH_ELG_IM","Percentage of children eligible for immunization","MEAS","Measles",2020,91
"SVN","Slovenia","PT_CH_ELG_IM","Percentage of children eligible for immunization","MEAS","Measles",2021,91
"SVN","Slovenia","PT_CH_ELG_IM","Percentage of children eligible for immunization","MEAS","Measles",2022,92
"SVN","Slovenia","PT_CH_ELG_IM","Percentage of children eligible for immunization","MEAS","Measles",2023,89
"SVN","Slovenia","PT_CH_ELG_IM","Percentage of children eligible for immunization","MEAS","Measles",2024,89
"ZAF","South Africa","PT_CH_ELG_IM","Percentage of children eligible for immunization","DIPTETPERT","Diphtheria, Tetanus, Pertussis",2010,62.8
"ZAF","South Africa","PT_CH_ELG_IM","Percentage of children eligible for immunization","DIPTETPERT","Diphtheria, Tetanus, Pertussis",2011,87
"ZAF","South Africa","PT_CH_ELG_IM","Percentage of children eligible for immunization","DIPTETPERT","Diphtheria, Tetanus, Pertussis",2012,82.9
"ZAF","South Africa","PT_CH_ELG_IM","Percentage of children eligible for immunization","DIPTETPERT","Diphtheria, Tetanus, Pertussis",2013,90.6
"ZAF","South Africa","PT_CH_ELG_IM","Percentage of children eligible for immunization","DIPTETPERT","Diphtheria, Tetanus, Pertussis",2014,95
"ZAF","South Africa","PT_CH_ELG_IM","Percentage of children eligible for immunization","DIPTETPERT","Diphtheria, Tetanus, Pertussis",2015,92.8
"ZAF","South Africa","PT_CH_ELG_IM","Percentage of children eligible for immunization","DIPTETPERT","Diphtheria, Tetanus, Pertussis",2016,84.4
"ZAF","South Africa","PT_CH_ELG_IM","Percentage of children eligible for immunization","DIPTETPERT","Diphtheria, Tetanus, Pertussis",2017,83.7
"ZAF","South Africa","PT_CH_ELG_IM","Percentage of children eligible for immunization","DIPTETPERT","Diphtheria, Tetanus, Pertussis",2018,83.6
"ZAF","South Africa","PT_CH_ELG_IM","Percentage of children eligible for immunization","DIPTETPERT","Diphtheria, Tetanus, Pertussis",2019,85
"ZAF","South Africa","PT_CH_ELG_IM","Percentage of children eligible for immunization","DIPTETPERT","Diphtheria, Tetanus, Pertussis",2020,83.8
"ZAF","South Africa","PT_CH_ELG_IM","Percentage of children eligible for immunization","DIPTETPERT","Diphtheria, Tetanus, Pertussis",2021,85.6
"ZAF","South Africa","PT_CH_ELG_IM","Percentage of children eligible for immunization","DIPTETPERT","Diphtheria, Tetanus, Pertussis",2022,85.3
"ZAF","South Africa","PT_CH_ELG_IM","Percentage of children eligible for immunization","DIPTETPERT","Diphtheria, Tetanus, Pertussis",2023,78.8
"ZAF","South Africa","PT_CH_ELG_IM","Percentage of children eligible for immunization","DIPTETPERT","Diphtheria, Tetanus, Pertussis",2024,74.1
"ZAF","South Africa","PT_CH_ELG_IM","Percentage of children eligible for immunization","DIPTETPERT","Diphtheria, Tetanus, Pertussis",2025,65.1
"ZAF","South Africa","PT_CH_ELG_IM","Percentage of children eligible for immunization","HEPB","Hepatitis B",2010,88.8
"ZAF","South Africa","PT_CH_ELG_IM","Percentage of children eligible for immunization","HEPB","Hepatitis B",2011,93.9
"ZAF","South Africa","PT_CH_ELG_IM","Percentage of children eligible for immunization","HEPB","Hepatitis B",2012,86.1
"ZAF","South Africa","PT_CH_ELG_IM","Percentage of children eligible for immunization","HEPB","Hepatitis B",2013,88.3
"ZAF","South Africa","PT_CH_ELG_IM","Percentage of children eligible for immunization","HEPB","Hepatitis B",2014,97.5
"ZAF","South Africa","PT_CH_ELG_IM","Percentage of children eligible for immunization","HEPB","Hepatitis B",2015,92.8
"ZAF","South Africa","PT_CH_ELG_IM","Percentage of children eligible for immunization","HEPB","Hepatitis B",2016,84.4
"ZAF","South Africa","PT_CH_ELG_IM","Percentage of children eligible for immunization","HEPB","Hepatitis B",2017,83.7
"ZAF","South Africa","PT_CH_ELG_IM","Percentage of children eligible for immunization","HEPB","Hepatitis B",2018,83.6
"ZAF","South Africa","PT_CH_ELG_IM","Percentage of children eligible for immunization","HEPB","Hepatitis B",2019,85
"ZAF","South Africa","PT_CH_ELG_IM","Percentage of children eligible for immunization","HEPB","Hepatitis B",2020,83.8
"ZAF","South Africa","PT_CH_ELG_IM","Percentage of children eligible for immunization","HEPB","Hepatitis B",2021,85.6
"ZAF","South Africa","PT_CH_ELG_IM","Percentage of children eligible for immunization","HEPB","Hepatitis B",2022,85.3
"ZAF","South Africa","PT_CH_ELG_IM","Percentage of children eligible for immunization","HEPB","Hepatitis B",2023,78.8
"ZAF","South Africa","PT_CH_ELG_IM","Percentage of children eligible for immunization","HEPB","Hepatitis B",2024,74.1
"ZAF","South Africa","PT_CH_ELG_IM","Percentage of children eligible for immunization","HEPB","Hepatitis B",2025,65.1
"ZAF","South Africa","PT_CH_ELG_IM","Percentage of children eligible for immunization","MEAS","Measles",2010,76.6
"ZAF","South Africa","PT_CH_ELG_IM","Percentage of children eligible for immunization","MEAS","Measles",2011,76
"ZAF","South Africa","PT_CH_ELG_IM","Percentage of children eligible for immunization","MEAS","Measles",2012,77.1
"ZAF","South Africa","PT_CH_ELG_IM","Percentage of children eligible for immunization","MEAS","Measles",2013,74.4
"ZAF","South Africa","PT_CH_ELG_IM","Percentage of children eligible for immunization","MEAS","Measles",2014,79.9
"ZAF","South Africa","PT_CH_ELG_IM","Percentage of children eligible for immunization","MEAS","Measles",2015,83.7
"ZAF","South Africa","PT_CH_ELG_IM","Percentage of children eligible for immunization","MEAS","Measles",2016,95
"ZAF","South Africa","PT_CH_ELG_IM","Percentage of children eligible for immunization","MEAS","Measles",2017,79
"ZAF","South Africa","PT_CH_ELG_IM","Percentage of children eligible for immunization","MEAS","Measles",2018,76.9
"ZAF","South Africa","PT_CH_ELG_IM","Percentage of children eligible for immunization","MEAS","Measles",2019,78.5
"ZAF","South Africa","PT_CH_ELG_IM","Percentage of children eligible for immunization","MEAS","Measles",2020,76.5
"ZAF","South Africa","PT_CH_ELG_IM","Percentage of children eligible for immunization","MEAS","Measles",2021,82.1
"ZAF","South Africa","PT_CH_ELG_IM","Percentage of children eligible for immunization","MEAS","Measles",2022,86.6
"ZAF","South Africa","PT_CH_ELG_IM","Percentage of children eligible for immunization","MEAS","Measles",2023,83.5
"ZAF","South Africa","PT_CH_ELG_IM","Percentage of children eligible for immunization","MEAS","Measles",2024,82.4
"ZAF","South Africa","PT_CH_ELG_IM","Percentage of children eligible for immunization","MEAS","Measles",2025,71.5
"ESP","Spain","PT_CH_ELG_IM","Percentage of children eligible for immunization","DIPTETPERT","Diphtheria, Tetanus, Pertussis",2010,96.6
"ESP","Spain","PT_CH_ELG_IM","Percentage of children eligible for immunization","DIPTETPERT","Diphtheria, Tetanus, Pertussis",2011,97
"ESP","Spain","PT_CH_ELG_IM","Percentage of children eligible for immunization","DIPTETPERT","Diphtheria, Tetanus, Pertussis",2012,96.3
"ESP","Spain","PT_CH_ELG_IM","Percentage of children eligible for immunization","DIPTETPERT","Diphtheria, Tetanus, Pertussis",2013,95.6
"ESP","Spain","PT_CH_ELG_IM","Percentage of children eligible for immunization","DIPTETPERT","Diphtheria, Tetanus, Pertussis",2014,96.6
"ESP","Spain","PT_CH_ELG_IM","Percentage of children eligible for immunization","DIPTETPERT","Diphtheria, Tetanus, Pertussis",2015,96.5
"ESP","Spain","PT_CH_ELG_IM","Percentage of children eligible for immunization","DIPTETPERT","Diphtheria, Tetanus, Pertussis",2016,97.2
"ESP","Spain","PT_CH_ELG_IM","Percentage of children eligible for immunization","DIPTETPERT","Diphtheria, Tetanus, Pertussis",2017,94.8
"ESP","Spain","PT_CH_ELG_IM","Percentage of children eligible for immunization","DIPTETPERT","Diphtheria, Tetanus, Pertussis",2018,96
"ESP","Spain","PT_CH_ELG_IM","Percentage of children eligible for immunization","DIPTETPERT","Diphtheria, Tetanus, Pertussis",2019,94.8
"ESP","Spain","PT_CH_ELG_IM","Percentage of children eligible for immunization","DIPTETPERT","Diphtheria, Tetanus, Pertussis",2020,94.3
"ESP","Spain","PT_CH_ELG_IM","Percentage of children eligible for immunization","DIPTETPERT","Diphtheria, Tetanus, Pertussis",2021,93.4
"ESP","Spain","PT_CH_ELG_IM","Percentage of children eligible for immunization","DIPTETPERT","Diphtheria, Tetanus, Pertussis",2022,95.3
"ESP","Spain","PT_CH_ELG_IM","Percentage of children eligible for immunization","DIPTETPERT","Diphtheria, Tetanus, Pertussis",2023,92.9
"ESP","Spain","PT_CH_ELG_IM","Percentage of children eligible for immunization","DIPTETPERT","Diphtheria, Tetanus, Pertussis",2024,94
"ESP","Spain","PT_CH_ELG_IM","Percentage of children eligible for immunization","DIPTETPERT","Diphtheria, Tetanus, Pertussis",2025,93.2
"ESP","Spain","PT_CH_ELG_IM","Percentage of children eligible for immunization","HEPB","Hepatitis B",2010,96.5
"ESP","Spain","PT_CH_ELG_IM","Percentage of children eligible for immunization","HEPB","Hepatitis B",2011,96.6
"ESP","Spain","PT_CH_ELG_IM","Percentage of children eligible for immunization","HEPB","Hepatitis B",2012,96.2
"ESP","Spain","PT_CH_ELG_IM","Percentage of children eligible for immunization","HEPB","Hepatitis B",2013,95.2
"ESP","Spain","PT_CH_ELG_IM","Percentage of children eligible for immunization","HEPB","Hepatitis B",2014,96.2
"ESP","Spain","PT_CH_ELG_IM","Percentage of children eligible for immunization","HEPB","Hepatitis B",2015,96.6
"ESP","Spain","PT_CH_ELG_IM","Percentage of children eligible for immunization","HEPB","Hepatitis B",2016,97.3
"ESP","Spain","PT_CH_ELG_IM","Percentage of children eligible for immunization","HEPB","Hepatitis B",2017,94.5
"ESP","Spain","PT_CH_ELG_IM","Percentage of children eligible for immunization","HEPB","Hepatitis B",2018,96
"ESP","Spain","PT_CH_ELG_IM","Percentage of children eligible for immunization","HEPB","Hepatitis B",2019,94.7
"ESP","Spain","PT_CH_ELG_IM","Percentage of children eligible for immunization","HEPB","Hepatitis B",2020,94.3
"ESP","Spain","PT_CH_ELG_IM","Percentage of children eligible for immunization","HEPB","Hepatitis B",2021,93.4
"ESP","Spain","PT_CH_ELG_IM","Percentage of children eligible for immunization","HEPB","Hepatitis B",2022,95.3
"ESP","Spain","PT_CH_ELG_IM","Percentage of children eligible for immunization","HEPB","Hepatitis B",2023,93
"ESP","Spain","PT_CH_ELG_IM","Percentage of children eligible for immunization","HEPB","Hepatitis B",2024,94
"ESP","Spain","PT_CH_ELG_IM","Percentage of children eligible for immunization","HEPB","Hepatitis B",2025,97.6
"ESP","Spain","PT_POP_Y_GE65","Percentage of population aged 65 years or over","IFLU","Influenza",2010,65.7
"ESP","Spain","PT_POP_Y_GE65","Percentage of population aged 65 years or over","IFLU","Influenza",2011,56.9
"ESP","Spain","PT_POP_Y_GE65","Percentage of population aged 65 years or over","IFLU","Influenza",2012,57.7
"ESP","Spain","PT_POP_Y_GE65","Percentage of population aged 65 years or over","IFLU","Influenza",2013,57
"ESP","Spain","PT_POP_Y_GE65","Percentage of population aged 65 years or over","IFLU","Influenza",2014,56.2
"ESP","Spain","PT_POP_Y_GE65","Percentage of population aged 65 years or over","IFLU","Influenza",2015,56.2
"ESP","Spain","PT_POP_Y_GE65","Percentage of population aged 65 years or over","IFLU","Influenza",2016,56.1
"ESP","Spain","PT_POP_Y_GE65","Percentage of population aged 65 years or over","IFLU","Influenza",2017,55.5
"ESP","Spain","PT_POP_Y_GE65","Percentage of population aged 65 years or over","IFLU","Influenza",2018,55.9
"ESP","Spain","PT_POP_Y_GE65","Percentage of population aged 65 years or over","IFLU","Influenza",2019,54.3
"ESP","Spain","PT_POP_Y_GE65","Percentage of population aged 65 years or over","IFLU","Influenza",2020,54.6
"ESP","Spain","PT_POP_Y_GE65","Percentage of population aged 65 years or over","IFLU","Influenza",2021,66.4
"ESP","Spain","PT_POP_Y_GE65","Percentage of population aged 65 years or over","IFLU","Influenza",2022,69.5
"ESP","Spain","PT_POP_Y_GE65","Percentage of population aged 65 years or over","IFLU","Influenza",2023,68.5
"ESP","Spain","PT_POP_Y_GE65","Percentage of population aged 65 years or over","IFLU","Influenza",2024,67
"ESP","Spain","PT_POP_Y_GE65","Percentage of population aged 65 years or over","IFLU","Influenza",2025,59.7
"ESP","Spain","PT_CH_ELG_IM","Percentage of children eligible for immunization","MEAS","Measles",2010,91.8
"ESP","Spain","PT_CH_ELG_IM","Percentage of children eligible for immunization","MEAS","Measles",2011,91.2
"ESP","Spain","PT_CH_ELG_IM","Percentage of children eligible for immunization","MEAS","Measles",2012,90.3
"ESP","Spain","PT_CH_ELG_IM","Percentage of children eligible for immunization","MEAS","Measles",2013,90.7
"ESP","Spain","PT_CH_ELG_IM","Percentage of children eligible for immunization","MEAS","Measles",2014,93
"ESP","Spain","PT_CH_ELG_IM","Percentage of children eligible for immunization","MEAS","Measles",2015,94.5
"ESP","Spain","PT_CH_ELG_IM","Percentage of children eligible for immunization","MEAS","Measles",2016,94.6
"ESP","Spain","PT_CH_ELG_IM","Percentage of children eligible for immunization","MEAS","Measles",2017,92.7
"ESP","Spain","PT_CH_ELG_IM","Percentage of children eligible for immunization","MEAS","Measles",2018,94.2
"ESP","Spain","PT_CH_ELG_IM","Percentage of children eligible for immunization","MEAS","Measles",2019,94.5
"ESP","Spain","PT_CH_ELG_IM","Percentage of children eligible for immunization","MEAS","Measles",2020,94.3
"ESP","Spain","PT_CH_ELG_IM","Percentage of children eligible for immunization","MEAS","Measles",2021,91.9
"ESP","Spain","PT_CH_ELG_IM","Percentage of children eligible for immunization","MEAS","Measles",2022,93.9
"ESP","Spain","PT_CH_ELG_IM","Percentage of children eligible for immunization","MEAS","Measles",2023,91.8
"ESP","Spain","PT_CH_ELG_IM","Percentage of children eligible for immunization","MEAS","Measles",2024,91.8
"ESP","Spain","PT_CH_ELG_IM","Percentage of children eligible for immunization","MEAS","Measles",2025,91.9
"SWE","Sweden","PT_CH_ELG_IM","Percentage of children eligible for immunization","DIPTETPERT","Diphtheria, Tetanus, Pertussis",2010,98
"SWE","Sweden","PT_CH_ELG_IM","Percentage of children eligible for immunization","DIPTETPERT","Diphtheria, Tetanus, Pertussis",2011,98
"SWE","Sweden","PT_CH_ELG_IM","Percentage of children eligible for immunization","DIPTETPERT","Diphtheria, Tetanus, Pertussis",2012,98
"SWE","Sweden","PT_CH_ELG_IM","Percentage of children eligible for immunization","DIPTETPERT","Diphtheria, Tetanus, Pertussis",2013,98
"SWE","Sweden","PT_CH_ELG_IM","Percentage of children eligible for immunization","DIPTETPERT","Diphtheria, Tetanus, Pertussis",2014,97
"SWE","Sweden","PT_CH_ELG_IM","Percentage of children eligible for immunization","DIPTETPERT","Diphtheria, Tetanus, Pertussis",2015,98
"SWE","Sweden","PT_CH_ELG_IM","Percentage of children eligible for immunization","DIPTETPERT","Diphtheria, Tetanus, Pertussis",2016,98
"SWE","Sweden","PT_CH_ELG_IM","Percentage of children eligible for immunization","DIPTETPERT","Diphtheria, Tetanus, Pertussis",2017,97
"SWE","Sweden","PT_CH_ELG_IM","Percentage of children eligible for immunization","DIPTETPERT","Diphtheria, Tetanus, Pertussis",2018,97
"SWE","Sweden","PT_CH_ELG_IM","Percentage of children eligible for immunization","DIPTETPERT","Diphtheria, Tetanus, Pertussis",2019,98
"SWE","Sweden","PT_CH_ELG_IM","Percentage of children eligible for immunization","DIPTETPERT","Diphtheria, Tetanus, Pertussis",2020,97
"SWE","Sweden","PT_CH_ELG_IM","Percentage of children eligible for immunization","DIPTETPERT","Diphtheria, Tetanus, Pertussis",2021,98
"SWE","Sweden","PT_CH_ELG_IM","Percentage of children eligible for immunization","DIPTETPERT","Diphtheria, Tetanus, Pertussis",2022,94.3
"SWE","Sweden","PT_CH_ELG_IM","Percentage of children eligible for immunization","DIPTETPERT","Diphtheria, Tetanus, Pertussis",2023,94
"SWE","Sweden","PT_CH_ELG_IM","Percentage of children eligible for immunization","DIPTETPERT","Diphtheria, Tetanus, Pertussis",2024,96
"SWE","Sweden","PT_CH_ELG_IM","Percentage of children eligible for immunization","HEPB","Hepatitis B",2011,29
"SWE","Sweden","PT_CH_ELG_IM","Percentage of children eligible for immunization","HEPB","Hepatitis B",2012,30
"SWE","Sweden","PT_CH_ELG_IM","Percentage of children eligible for immunization","HEPB","Hepatitis B",2013,35
"SWE","Sweden","PT_CH_ELG_IM","Percentage of children eligible for immunization","HEPB","Hepatitis B",2014,42
"SWE","Sweden","PT_CH_ELG_IM","Percentage of children eligible for immunization","HEPB","Hepatitis B",2015,53
"SWE","Sweden","PT_CH_ELG_IM","Percentage of children eligible for immunization","HEPB","Hepatitis B",2016,67
"SWE","Sweden","PT_CH_ELG_IM","Percentage of children eligible for immunization","HEPB","Hepatitis B",2017,76
"SWE","Sweden","PT_CH_ELG_IM","Percentage of children eligible for immunization","HEPB","Hepatitis B",2018,92
"SWE","Sweden","PT_CH_ELG_IM","Percentage of children eligible for immunization","HEPB","Hepatitis B",2019,97
"SWE","Sweden","PT_CH_ELG_IM","Percentage of children eligible for immunization","HEPB","Hepatitis B",2020,97
"SWE","Sweden","PT_CH_ELG_IM","Percentage of children eligible for immunization","HEPB","Hepatitis B",2021,98
"SWE","Sweden","PT_CH_ELG_IM","Percentage of children eligible for immunization","HEPB","Hepatitis B",2022,94.3
"SWE","Sweden","PT_CH_ELG_IM","Percentage of children eligible for immunization","HEPB","Hepatitis B",2023,94
"SWE","Sweden","PT_CH_ELG_IM","Percentage of children eligible for immunization","HEPB","Hepatitis B",2024,95
"SWE","Sweden","PT_POP_Y_GE65","Percentage of population aged 65 years or over","IFLU","Influenza",2010,44
"SWE","Sweden","PT_POP_Y_GE65","Percentage of population aged 65 years or over","IFLU","Influenza",2011,55.2
"SWE","Sweden","PT_POP_Y_GE65","Percentage of population aged 65 years or over","IFLU","Influenza",2012,46.1
"SWE","Sweden","PT_POP_Y_GE65","Percentage of population aged 65 years or over","IFLU","Influenza",2013,44.3
"SWE","Sweden","PT_POP_Y_GE65","Percentage of population aged 65 years or over","IFLU","Influenza",2014,45.8
"SWE","Sweden","PT_POP_Y_GE65","Percentage of population aged 65 years or over","IFLU","Influenza",2015,49.7
"SWE","Sweden","PT_POP_Y_GE65","Percentage of population aged 65 years or over","IFLU","Influenza",2016,49.1
"SWE","Sweden","PT_POP_Y_GE65","Percentage of population aged 65 years or over","IFLU","Influenza",2017,49.4
"SWE","Sweden","PT_POP_Y_GE65","Percentage of population aged 65 years or over","IFLU","Influenza",2018,49.8
"SWE","Sweden","PT_POP_Y_GE65","Percentage of population aged 65 years or over","IFLU","Influenza",2019,52.2
"SWE","Sweden","PT_POP_Y_GE65","Percentage of population aged 65 years or over","IFLU","Influenza",2020,52.8
"SWE","Sweden","PT_POP_Y_GE65","Percentage of population aged 65 years or over","IFLU","Influenza",2021,60.4
"SWE","Sweden","PT_POP_Y_GE65","Percentage of population aged 65 years or over","IFLU","Influenza",2022,70
"SWE","Sweden","PT_POP_Y_GE65","Percentage of population aged 65 years or over","IFLU","Influenza",2023,64
"SWE","Sweden","PT_POP_Y_GE65","Percentage of population aged 65 years or over","IFLU","Influenza",2024,69
"SWE","Sweden","PT_POP_Y_GE65","Percentage of population aged 65 years or over","IFLU","Influenza",2025,68
"SWE","Sweden","PT_CH_ELG_IM","Percentage of children eligible for immunization","MEAS","Measles",2010,94
"SWE","Sweden","PT_CH_ELG_IM","Percentage of children eligible for immunization","MEAS","Measles",2011,95
"SWE","Sweden","PT_CH_ELG_IM","Percentage of children eligible for immunization","MEAS","Measles",2012,95
"SWE","Sweden","PT_CH_ELG_IM","Percentage of children eligible for immunization","MEAS","Measles",2013,95
"SWE","Sweden","PT_CH_ELG_IM","Percentage of children eligible for immunization","MEAS","Measles",2014,95
"SWE","Sweden","PT_CH_ELG_IM","Percentage of children eligible for immunization","MEAS","Measles",2015,95
"SWE","Sweden","PT_CH_ELG_IM","Percentage of children eligible for immunization","MEAS","Measles",2016,95
"SWE","Sweden","PT_CH_ELG_IM","Percentage of children eligible for immunization","MEAS","Measles",2017,95
"SWE","Sweden","PT_CH_ELG_IM","Percentage of children eligible for immunization","MEAS","Measles",2018,94
"SWE","Sweden","PT_CH_ELG_IM","Percentage of children eligible for immunization","MEAS","Measles",2019,93
"SWE","Sweden","PT_CH_ELG_IM","Percentage of children eligible for immunization","MEAS","Measles",2020,92
"SWE","Sweden","PT_CH_ELG_IM","Percentage of children eligible for immunization","MEAS","Measles",2021,91
"SWE","Sweden","PT_CH_ELG_IM","Percentage of children eligible for immunization","MEAS","Measles",2022,90.6
"SWE","Sweden","PT_CH_ELG_IM","Percentage of children eligible for immunization","MEAS","Measles",2023,92
"SWE","Sweden","PT_CH_ELG_IM","Percentage of children eligible for immunization","MEAS","Measles",2024,92
"CHE","Switzerland","PT_CH_ELG_IM","Percentage of children eligible for immunization","DIPTETPERT","Diphtheria, Tetanus, Pertussis",2010,95
"CHE","Switzerland","PT_CH_ELG_IM","Percentage of children eligible for immunization","DIPTETPERT","Diphtheria, Tetanus, Pertussis",2011,96
"CHE","Switzerland","PT_CH_ELG_IM","Percentage of children eligible for immunization","DIPTETPERT","Diphtheria, Tetanus, Pertussis",2012,96
"CHE","Switzerland","PT_CH_ELG_IM","Percentage of children eligible for immunization","DIPTETPERT","Diphtheria, Tetanus, Pertussis",2013,96
"CHE","Switzerland","PT_CH_ELG_IM","Percentage of children eligible for immunization","DIPTETPERT","Diphtheria, Tetanus, Pertussis",2014,95
"CHE","Switzerland","PT_CH_ELG_IM","Percentage of children eligible for immunization","DIPTETPERT","Diphtheria, Tetanus, Pertussis",2015,96
"CHE","Switzerland","PT_CH_ELG_IM","Percentage of children eligible for immunization","DIPTETPERT","Diphtheria, Tetanus, Pertussis",2016,95.9
"CHE","Switzerland","PT_CH_ELG_IM","Percentage of children eligible for immunization","DIPTETPERT","Diphtheria, Tetanus, Pertussis",2017,96.5
"CHE","Switzerland","PT_CH_ELG_IM","Percentage of children eligible for immunization","DIPTETPERT","Diphtheria, Tetanus, Pertussis",2018,95.9
"CHE","Switzerland","PT_CH_ELG_IM","Percentage of children eligible for immunization","DIPTETPERT","Diphtheria, Tetanus, Pertussis",2019,96.2
"CHE","Switzerland","PT_CH_ELG_IM","Percentage of children eligible for immunization","DIPTETPERT","Diphtheria, Tetanus, Pertussis",2020,96.5
"CHE","Switzerland","PT_CH_ELG_IM","Percentage of children eligible for immunization","DIPTETPERT","Diphtheria, Tetanus, Pertussis",2021,96
"CHE","Switzerland","PT_CH_ELG_IM","Percentage of children eligible for immunization","DIPTETPERT","Diphtheria, Tetanus, Pertussis",2022,96
"CHE","Switzerland","PT_CH_ELG_IM","Percentage of children eligible for immunization","DIPTETPERT","Diphtheria, Tetanus, Pertussis",2023,95
"CHE","Switzerland","PT_CH_ELG_IM","Percentage of children eligible for immunization","DIPTETPERT","Diphtheria, Tetanus, Pertussis",2024,96
"CHE","Switzerland","PT_CH_ELG_IM","Percentage of children eligible for immunization","DIPTETPERT","Diphtheria, Tetanus, Pertussis",2025,95
"CHE","Switzerland","PT_CH_ELG_IM","Percentage of children eligible for immunization","HEPB","Hepatitis B",2017,65.2
"CHE","Switzerland","PT_CH_ELG_IM","Percentage of children eligible for immunization","HEPB","Hepatitis B",2018,71.9
"CHE","Switzerland","PT_CH_ELG_IM","Percentage of children eligible for immunization","HEPB","Hepatitis B",2019,68.5
"CHE","Switzerland","PT_CH_ELG_IM","Percentage of children eligible for immunization","HEPB","Hepatitis B",2020,72.1
"CHE","Switzerland","PT_CH_ELG_IM","Percentage of children eligible for immunization","HEPB","Hepatitis B",2021,73
"CHE","Switzerland","PT_CH_ELG_IM","Percentage of children eligible for immunization","HEPB","Hepatitis B",2022,76
"CHE","Switzerland","PT_CH_ELG_IM","Percentage of children eligible for immunization","HEPB","Hepatitis B",2023,80
"CHE","Switzerland","PT_CH_ELG_IM","Percentage of children eligible for immunization","HEPB","Hepatitis B",2024,86
"CHE","Switzerland","PT_CH_ELG_IM","Percentage of children eligible for immunization","HEPB","Hepatitis B",2025,85
"CHE","Switzerland","PT_POP_Y_GE65","Percentage of population aged 65 years or over","IFLU","Influenza",2010,46
"CHE","Switzerland","PT_POP_Y_GE65","Percentage of population aged 65 years or over","IFLU","Influenza",2012,39.6
"CHE","Switzerland","PT_POP_Y_GE65","Percentage of population aged 65 years or over","IFLU","Influenza",2017,35.9
"CHE","Switzerland","PT_POP_Y_GE65","Percentage of population aged 65 years or over","IFLU","Influenza",2022,37.5
"CHE","Switzerland","PT_CH_ELG_IM","Percentage of children eligible for immunization","MEAS","Measles",2010,83
"CHE","Switzerland","PT_CH_ELG_IM","Percentage of children eligible for immunization","MEAS","Measles",2011,86
"CHE","Switzerland","PT_CH_ELG_IM","Percentage of children eligible for immunization","MEAS","Measles",2012,86
"CHE","Switzerland","PT_CH_ELG_IM","Percentage of children eligible for immunization","MEAS","Measles",2013,86
"CHE","Switzerland","PT_CH_ELG_IM","Percentage of children eligible for immunization","MEAS","Measles",2014,87.1
"CHE","Switzerland","PT_CH_ELG_IM","Percentage of children eligible for immunization","MEAS","Measles",2015,87
"CHE","Switzerland","PT_CH_ELG_IM","Percentage of children eligible for immunization","MEAS","Measles",2016,87.5
"CHE","Switzerland","PT_CH_ELG_IM","Percentage of children eligible for immunization","MEAS","Measles",2017,89.1
"CHE","Switzerland","PT_CH_ELG_IM","Percentage of children eligible for immunization","MEAS","Measles",2018,89.4
"CHE","Switzerland","PT_CH_ELG_IM","Percentage of children eligible for immunization","MEAS","Measles",2019,89.7
"CHE","Switzerland","PT_CH_ELG_IM","Percentage of children eligible for immunization","MEAS","Measles",2020,93.3
"CHE","Switzerland","PT_CH_ELG_IM","Percentage of children eligible for immunization","MEAS","Measles",2021,94
"CHE","Switzerland","PT_CH_ELG_IM","Percentage of children eligible for immunization","MEAS","Measles",2022,94
"CHE","Switzerland","PT_CH_ELG_IM","Percentage of children eligible for immunization","MEAS","Measles",2023,91
"CHE","Switzerland","PT_CH_ELG_IM","Percentage of children eligible for immunization","MEAS","Measles",2024,93
"CHE","Switzerland","PT_CH_ELG_IM","Percentage of children eligible for immunization","MEAS","Measles",2025,92
"THA","Thailand","PT_CH_ELG_IM","Percentage of children eligible for immunization","DIPTETPERT","Diphtheria, Tetanus, Pertussis",2010,99
"THA","Thailand","PT_CH_ELG_IM","Percentage of children eligible for immunization","DIPTETPERT","Diphtheria, Tetanus, Pertussis",2011,99
"THA","Thailand","PT_CH_ELG_IM","Percentage of children eligible for immunization","DIPTETPERT","Diphtheria, Tetanus, Pertussis",2012,99
"THA","Thailand","PT_CH_ELG_IM","Percentage of children eligible for immunization","DIPTETPERT","Diphtheria, Tetanus, Pertussis",2013,99
"THA","Thailand","PT_CH_ELG_IM","Percentage of children eligible for immunization","DIPTETPERT","Diphtheria, Tetanus, Pertussis",2014,99
"THA","Thailand","PT_CH_ELG_IM","Percentage of children eligible for immunization","DIPTETPERT","Diphtheria, Tetanus, Pertussis",2015,99
"THA","Thailand","PT_CH_ELG_IM","Percentage of children eligible for immunization","DIPTETPERT","Diphtheria, Tetanus, Pertussis",2016,92.5
"THA","Thailand","PT_CH_ELG_IM","Percentage of children eligible for immunization","DIPTETPERT","Diphtheria, Tetanus, Pertussis",2017,100
"THA","Thailand","PT_CH_ELG_IM","Percentage of children eligible for immunization","DIPTETPERT","Diphtheria, Tetanus, Pertussis",2018,90.1
"THA","Thailand","PT_CH_ELG_IM","Percentage of children eligible for immunization","DIPTETPERT","Diphtheria, Tetanus, Pertussis",2019,90
"THA","Thailand","PT_CH_ELG_IM","Percentage of children eligible for immunization","DIPTETPERT","Diphtheria, Tetanus, Pertussis",2020,88
"THA","Thailand","PT_CH_ELG_IM","Percentage of children eligible for immunization","DIPTETPERT","Diphtheria, Tetanus, Pertussis",2021,82.8
"THA","Thailand","PT_CH_ELG_IM","Percentage of children eligible for immunization","DIPTETPERT","Diphtheria, Tetanus, Pertussis",2022,87.6
"THA","Thailand","PT_CH_ELG_IM","Percentage of children eligible for immunization","DIPTETPERT","Diphtheria, Tetanus, Pertussis",2023,87.9
"THA","Thailand","PT_CH_ELG_IM","Percentage of children eligible for immunization","DIPTETPERT","Diphtheria, Tetanus, Pertussis",2024,89.2
"THA","Thailand","PT_CH_ELG_IM","Percentage of children eligible for immunization","HEPB","Hepatitis B",2010,98
"THA","Thailand","PT_CH_ELG_IM","Percentage of children eligible for immunization","HEPB","Hepatitis B",2011,98
"THA","Thailand","PT_CH_ELG_IM","Percentage of children eligible for immunization","HEPB","Hepatitis B",2012,98
"THA","Thailand","PT_CH_ELG_IM","Percentage of children eligible for immunization","HEPB","Hepatitis B",2013,99
"THA","Thailand","PT_CH_ELG_IM","Percentage of children eligible for immunization","HEPB","Hepatitis B",2014,99
"THA","Thailand","PT_CH_ELG_IM","Percentage of children eligible for immunization","HEPB","Hepatitis B",2015,99
"THA","Thailand","PT_CH_ELG_IM","Percentage of children eligible for immunization","HEPB","Hepatitis B",2016,92.5
"THA","Thailand","PT_CH_ELG_IM","Percentage of children eligible for immunization","HEPB","Hepatitis B",2017,100
"THA","Thailand","PT_CH_ELG_IM","Percentage of children eligible for immunization","HEPB","Hepatitis B",2018,90.1
"THA","Thailand","PT_CH_ELG_IM","Percentage of children eligible for immunization","HEPB","Hepatitis B",2019,90
"THA","Thailand","PT_CH_ELG_IM","Percentage of children eligible for immunization","HEPB","Hepatitis B",2020,88.9
"THA","Thailand","PT_CH_ELG_IM","Percentage of children eligible for immunization","HEPB","Hepatitis B",2021,87.4
"THA","Thailand","PT_CH_ELG_IM","Percentage of children eligible for immunization","HEPB","Hepatitis B",2022,89
"THA","Thailand","PT_CH_ELG_IM","Percentage of children eligible for immunization","HEPB","Hepatitis B",2023,87.7
"THA","Thailand","PT_CH_ELG_IM","Percentage of children eligible for immunization","HEPB","Hepatitis B",2024,89
"THA","Thailand","PT_CH_ELG_IM","Percentage of children eligible for immunization","MEAS","Measles",2010,91
"THA","Thailand","PT_CH_ELG_IM","Percentage of children eligible for immunization","MEAS","Measles",2011,91
"THA","Thailand","PT_CH_ELG_IM","Percentage of children eligible for immunization","MEAS","Measles",2012,91
"THA","Thailand","PT_CH_ELG_IM","Percentage of children eligible for immunization","MEAS","Measles",2013,94
"THA","Thailand","PT_CH_ELG_IM","Percentage of children eligible for immunization","MEAS","Measles",2014,94
"THA","Thailand","PT_CH_ELG_IM","Percentage of children eligible for immunization","MEAS","Measles",2015,95
"THA","Thailand","PT_CH_ELG_IM","Percentage of children eligible for immunization","MEAS","Measles",2016,79.8
"THA","Thailand","PT_CH_ELG_IM","Percentage of children eligible for immunization","MEAS","Measles",2017,100
"THA","Thailand","PT_CH_ELG_IM","Percentage of children eligible for immunization","MEAS","Measles",2018,86.5
"THA","Thailand","PT_CH_ELG_IM","Percentage of children eligible for immunization","MEAS","Measles",2019,87.7
"THA","Thailand","PT_CH_ELG_IM","Percentage of children eligible for immunization","MEAS","Measles",2020,89
"THA","Thailand","PT_CH_ELG_IM","Percentage of children eligible for immunization","MEAS","Measles",2021,81.9
"THA","Thailand","PT_CH_ELG_IM","Percentage of children eligible for immunization","MEAS","Measles",2022,83.2
"THA","Thailand","PT_CH_ELG_IM","Percentage of children eligible for immunization","MEAS","Measles",2023,84.7
"THA","Thailand","PT_CH_ELG_IM","Percentage of children eligible for immunization","MEAS","Measles",2024,86.5
"TUR","Türkiye","PT_CH_ELG_IM","Percentage of children eligible for immunization","DIPTETPERT","Diphtheria, Tetanus, Pertussis",2010,97
"TUR","Türkiye","PT_CH_ELG_IM","Percentage of children eligible for immunization","DIPTETPERT","Diphtheria, Tetanus, Pertussis",2011,97
"TUR","Türkiye","PT_CH_ELG_IM","Percentage of children eligible for immunization","DIPTETPERT","Diphtheria, Tetanus, Pertussis",2012,97
"TUR","Türkiye","PT_CH_ELG_IM","Percentage of children eligible for immunization","DIPTETPERT","Diphtheria, Tetanus, Pertussis",2013,98
"TUR","Türkiye","PT_CH_ELG_IM","Percentage of children eligible for immunization","DIPTETPERT","Diphtheria, Tetanus, Pertussis",2014,96
"TUR","Türkiye","PT_CH_ELG_IM","Percentage of children eligible for immunization","DIPTETPERT","Diphtheria, Tetanus, Pertussis",2015,97
"TUR","Türkiye","PT_CH_ELG_IM","Percentage of children eligible for immunization","DIPTETPERT","Diphtheria, Tetanus, Pertussis",2016,98
"TUR","Türkiye","PT_CH_ELG_IM","Percentage of children eligible for immunization","DIPTETPERT","Diphtheria, Tetanus, Pertussis",2017,96
"TUR","Türkiye","PT_CH_ELG_IM","Percentage of children eligible for immunization","DIPTETPERT","Diphtheria, Tetanus, Pertussis",2018,98
"TUR","Türkiye","PT_CH_ELG_IM","Percentage of children eligible for immunization","DIPTETPERT","Diphtheria, Tetanus, Pertussis",2019,98.7
"TUR","Türkiye","PT_CH_ELG_IM","Percentage of children eligible for immunization","DIPTETPERT","Diphtheria, Tetanus, Pertussis",2020,98.4
"TUR","Türkiye","PT_CH_ELG_IM","Percentage of children eligible for immunization","DIPTETPERT","Diphtheria, Tetanus, Pertussis",2021,95.5
"TUR","Türkiye","PT_CH_ELG_IM","Percentage of children eligible for immunization","DIPTETPERT","Diphtheria, Tetanus, Pertussis",2022,99.5
"TUR","Türkiye","PT_CH_ELG_IM","Percentage of children eligible for immunization","DIPTETPERT","Diphtheria, Tetanus, Pertussis",2023,98.8
"TUR","Türkiye","PT_CH_ELG_IM","Percentage of children eligible for immunization","DIPTETPERT","Diphtheria, Tetanus, Pertussis",2024,95.6
"TUR","Türkiye","PT_CH_ELG_IM","Percentage of children eligible for immunization","HEPB","Hepatitis B",2010,93.7
"TUR","Türkiye","PT_CH_ELG_IM","Percentage of children eligible for immunization","HEPB","Hepatitis B",2011,96
"TUR","Türkiye","PT_CH_ELG_IM","Percentage of children eligible for immunization","HEPB","Hepatitis B",2012,97
"TUR","Türkiye","PT_CH_ELG_IM","Percentage of children eligible for immunization","HEPB","Hepatitis B",2013,97
"TUR","Türkiye","PT_CH_ELG_IM","Percentage of children eligible for immunization","HEPB","Hepatitis B",2014,95
"TUR","Türkiye","PT_CH_ELG_IM","Percentage of children eligible for immunization","HEPB","Hepatitis B",2015,97
"TUR","Türkiye","PT_CH_ELG_IM","Percentage of children eligible for immunization","HEPB","Hepatitis B",2016,98
"TUR","Türkiye","PT_CH_ELG_IM","Percentage of children eligible for immunization","HEPB","Hepatitis B",2017,96
"TUR","Türkiye","PT_CH_ELG_IM","Percentage of children eligible for immunization","HEPB","Hepatitis B",2018,98
"TUR","Türkiye","PT_CH_ELG_IM","Percentage of children eligible for immunization","HEPB","Hepatitis B",2019,98.6
"TUR","Türkiye","PT_CH_ELG_IM","Percentage of children eligible for immunization","HEPB","Hepatitis B",2020,98.5
"TUR","Türkiye","PT_CH_ELG_IM","Percentage of children eligible for immunization","HEPB","Hepatitis B",2021,95.5
"TUR","Türkiye","PT_CH_ELG_IM","Percentage of children eligible for immunization","HEPB","Hepatitis B",2022,99.4
"TUR","Türkiye","PT_CH_ELG_IM","Percentage of children eligible for immunization","HEPB","Hepatitis B",2023,99
"TUR","Türkiye","PT_CH_ELG_IM","Percentage of children eligible for immunization","HEPB","Hepatitis B",2024,94.6
"TUR","Türkiye","PT_POP_Y_GE65","Percentage of population aged 65 years or over","IFLU","Influenza",2010,12.2
"TUR","Türkiye","PT_POP_Y_GE65","Percentage of population aged 65 years or over","IFLU","Influenza",2012,13.2
"TUR","Türkiye","PT_POP_Y_GE65","Percentage of population aged 65 years or over","IFLU","Influenza",2014,9
"TUR","Türkiye","PT_POP_Y_GE65","Percentage of population aged 65 years or over","IFLU","Influenza",2016,7
"TUR","Türkiye","PT_POP_Y_GE65","Percentage of population aged 65 years or over","IFLU","Influenza",2019,5.9
"TUR","Türkiye","PT_POP_Y_GE65","Percentage of population aged 65 years or over","IFLU","Influenza",2022,10.8
"TUR","Türkiye","PT_POP_Y_GE65","Percentage of population aged 65 years or over","IFLU","Influenza",2025,10.2
"TUR","Türkiye","PT_CH_ELG_IM","Percentage of children eligible for immunization","MEAS","Measles",2010,91
"TUR","Türkiye","PT_CH_ELG_IM","Percentage of children eligible for immunization","MEAS","Measles",2011,86
"TUR","Türkiye","PT_CH_ELG_IM","Percentage of children eligible for immunization","MEAS","Measles",2012,85
"TUR","Türkiye","PT_CH_ELG_IM","Percentage of children eligible for immunization","MEAS","Measles",2013,90
"TUR","Türkiye","PT_CH_ELG_IM","Percentage of children eligible for immunization","MEAS","Measles",2014,88
"TUR","Türkiye","PT_CH_ELG_IM","Percentage of children eligible for immunization","MEAS","Measles",2015,86
"TUR","Türkiye","PT_CH_ELG_IM","Percentage of children eligible for immunization","MEAS","Measles",2016,85
"TUR","Türkiye","PT_CH_ELG_IM","Percentage of children eligible for immunization","MEAS","Measles",2017,86
"TUR","Türkiye","PT_CH_ELG_IM","Percentage of children eligible for immunization","MEAS","Measles",2018,87
"TUR","Türkiye","PT_CH_ELG_IM","Percentage of children eligible for immunization","MEAS","Measles",2019,88.1
"TUR","Türkiye","PT_CH_ELG_IM","Percentage of children eligible for immunization","MEAS","Measles",2020,93
"TUR","Türkiye","PT_CH_ELG_IM","Percentage of children eligible for immunization","MEAS","Measles",2021,93
"TUR","Türkiye","PT_CH_ELG_IM","Percentage of children eligible for immunization","MEAS","Measles",2022,94.4
"TUR","Türkiye","PT_CH_ELG_IM","Percentage of children eligible for immunization","MEAS","Measles",2023,93.7
"TUR","Türkiye","PT_CH_ELG_IM","Percentage of children eligible for immunization","MEAS","Measles",2024,93.6
"UKR","Ukraine","PT_CH_ELG_IM","Percentage of children eligible for immunization","DIPTETPERT","Diphtheria, Tetanus, Pertussis",2010,52.2
"UKR","Ukraine","PT_CH_ELG_IM","Percentage of children eligible for immunization","DIPTETPERT","Diphtheria, Tetanus, Pertussis",2011,49.9
"UKR","Ukraine","PT_CH_ELG_IM","Percentage of children eligible for immunization","DIPTETPERT","Diphtheria, Tetanus, Pertussis",2012,75.5
"UKR","Ukraine","PT_CH_ELG_IM","Percentage of children eligible for immunization","DIPTETPERT","Diphtheria, Tetanus, Pertussis",2013,76
"UKR","Ukraine","PT_CH_ELG_IM","Percentage of children eligible for immunization","DIPTETPERT","Diphtheria, Tetanus, Pertussis",2014,23
"UKR","Ukraine","PT_CH_ELG_IM","Percentage of children eligible for immunization","DIPTETPERT","Diphtheria, Tetanus, Pertussis",2015,23.5
"UKR","Ukraine","PT_CH_ELG_IM","Percentage of children eligible for immunization","DIPTETPERT","Diphtheria, Tetanus, Pertussis",2016,19.5
"UKR","Ukraine","PT_CH_ELG_IM","Percentage of children eligible for immunization","DIPTETPERT","Diphtheria, Tetanus, Pertussis",2017,53.6
"UKR","Ukraine","PT_CH_ELG_IM","Percentage of children eligible for immunization","DIPTETPERT","Diphtheria, Tetanus, Pertussis",2018,69.3
"UKR","Ukraine","PT_CH_ELG_IM","Percentage of children eligible for immunization","DIPTETPERT","Diphtheria, Tetanus, Pertussis",2019,80.5
"UKR","Ukraine","PT_CH_ELG_IM","Percentage of children eligible for immunization","DIPTETPERT","Diphtheria, Tetanus, Pertussis",2020,80.1
"UKR","Ukraine","PT_CH_ELG_IM","Percentage of children eligible for immunization","DIPTETPERT","Diphtheria, Tetanus, Pertussis",2021,80
"UKR","Ukraine","PT_CH_ELG_IM","Percentage of children eligible for immunization","DIPTETPERT","Diphtheria, Tetanus, Pertussis",2022,72.9
"UKR","Ukraine","PT_CH_ELG_IM","Percentage of children eligible for immunization","DIPTETPERT","Diphtheria, Tetanus, Pertussis",2023,83.4
"UKR","Ukraine","PT_CH_ELG_IM","Percentage of children eligible for immunization","DIPTETPERT","Diphtheria, Tetanus, Pertussis",2024,88.3
"UKR","Ukraine","PT_CH_ELG_IM","Percentage of children eligible for immunization","DIPTETPERT","Diphtheria, Tetanus, Pertussis",2025,93.6
"UKR","Ukraine","PT_CH_ELG_IM","Percentage of children eligible for immunization","HEPB","Hepatitis B",2010,48.1
"UKR","Ukraine","PT_CH_ELG_IM","Percentage of children eligible for immunization","HEPB","Hepatitis B",2011,21
"UKR","Ukraine","PT_CH_ELG_IM","Percentage of children eligible for immunization","HEPB","Hepatitis B",2012,46.1
"UKR","Ukraine","PT_CH_ELG_IM","Percentage of children eligible for immunization","HEPB","Hepatitis B",2013,46
"UKR","Ukraine","PT_CH_ELG_IM","Percentage of children eligible for immunization","HEPB","Hepatitis B",2014,22
"UKR","Ukraine","PT_CH_ELG_IM","Percentage of children eligible for immunization","HEPB","Hepatitis B",2015,22.3
"UKR","Ukraine","PT_CH_ELG_IM","Percentage of children eligible for immunization","HEPB","Hepatitis B",2016,26.3
"UKR","Ukraine","PT_CH_ELG_IM","Percentage of children eligible for immunization","HEPB","Hepatitis B",2017,57.4
"UKR","Ukraine","PT_CH_ELG_IM","Percentage of children eligible for immunization","HEPB","Hepatitis B",2018,67
"UKR","Ukraine","PT_CH_ELG_IM","Percentage of children eligible for immunization","HEPB","Hepatitis B",2019,77
"UKR","Ukraine","PT_CH_ELG_IM","Percentage of children eligible for immunization","HEPB","Hepatitis B",2020,79.8
"UKR","Ukraine","PT_CH_ELG_IM","Percentage of children eligible for immunization","HEPB","Hepatitis B",2021,78.8
"UKR","Ukraine","PT_CH_ELG_IM","Percentage of children eligible for immunization","HEPB","Hepatitis B",2022,62.4
"UKR","Ukraine","PT_CH_ELG_IM","Percentage of children eligible for immunization","HEPB","Hepatitis B",2023,79.2
"UKR","Ukraine","PT_CH_ELG_IM","Percentage of children eligible for immunization","HEPB","Hepatitis B",2024,88
"UKR","Ukraine","PT_CH_ELG_IM","Percentage of children eligible for immunization","HEPB","Hepatitis B",2025,90.7
"UKR","Ukraine","PT_POP_Y_GE65","Percentage of population aged 65 years or over","IFLU","Influenza",2023,0.2
"UKR","Ukraine","PT_POP_Y_GE65","Percentage of population aged 65 years or over","IFLU","Influenza",2024,0.2
"UKR","Ukraine","PT_CH_ELG_IM","Percentage of children eligible for immunization","MEAS","Measles",2010,40.7
"UKR","Ukraine","PT_CH_ELG_IM","Percentage of children eligible for immunization","MEAS","Measles",2011,55.6
"UKR","Ukraine","PT_CH_ELG_IM","Percentage of children eligible for immunization","MEAS","Measles",2012,55.4
"UKR","Ukraine","PT_CH_ELG_IM","Percentage of children eligible for immunization","MEAS","Measles",2013,54
"UKR","Ukraine","PT_CH_ELG_IM","Percentage of children eligible for immunization","MEAS","Measles",2014,57
"UKR","Ukraine","PT_CH_ELG_IM","Percentage of children eligible for immunization","MEAS","Measles",2015,57.4
"UKR","Ukraine","PT_CH_ELG_IM","Percentage of children eligible for immunization","MEAS","Measles",2016,30.6
"UKR","Ukraine","PT_CH_ELG_IM","Percentage of children eligible for immunization","MEAS","Measles",2017,90.7
"UKR","Ukraine","PT_CH_ELG_IM","Percentage of children eligible for immunization","MEAS","Measles",2018,89.5
"UKR","Ukraine","PT_CH_ELG_IM","Percentage of children eligible for immunization","MEAS","Measles",2019,91.7
"UKR","Ukraine","PT_CH_ELG_IM","Percentage of children eligible for immunization","MEAS","Measles",2020,83.5
"UKR","Ukraine","PT_CH_ELG_IM","Percentage of children eligible for immunization","MEAS","Measles",2021,86.8
"UKR","Ukraine","PT_CH_ELG_IM","Percentage of children eligible for immunization","MEAS","Measles",2022,69.1
"UKR","Ukraine","PT_CH_ELG_IM","Percentage of children eligible for immunization","MEAS","Measles",2023,87.3
"UKR","Ukraine","PT_CH_ELG_IM","Percentage of children eligible for immunization","MEAS","Measles",2024,83.5
"UKR","Ukraine","PT_CH_ELG_IM","Percentage of children eligible for immunization","MEAS","Measles",2025,93.7
"GBR","United Kingdom","PT_CH_ELG_IM","Percentage of children eligible for immunization","DIPTETPERT","Diphtheria, Tetanus, Pertussis",2010,94
"GBR","United Kingdom","PT_CH_ELG_IM","Percentage of children eligible for immunization","DIPTETPERT","Diphtheria, Tetanus, Pertussis",2011,95
"GBR","United Kingdom","PT_CH_ELG_IM","Percentage of children eligible for immunization","DIPTETPERT","Diphtheria, Tetanus, Pertussis",2012,95
"GBR","United Kingdom","PT_CH_ELG_IM","Percentage of children eligible for immunization","DIPTETPERT","Diphtheria, Tetanus, Pertussis",2013,95
"GBR","United Kingdom","PT_CH_ELG_IM","Percentage of children eligible for immunization","DIPTETPERT","Diphtheria, Tetanus, Pertussis",2014,95
"GBR","United Kingdom","PT_CH_ELG_IM","Percentage of children eligible for immunization","DIPTETPERT","Diphtheria, Tetanus, Pertussis",2015,95
"GBR","United Kingdom","PT_CH_ELG_IM","Percentage of children eligible for immunization","DIPTETPERT","Diphtheria, Tetanus, Pertussis",2016,94
"GBR","United Kingdom","PT_CH_ELG_IM","Percentage of children eligible for immunization","DIPTETPERT","Diphtheria, Tetanus, Pertussis",2017,94
"GBR","United Kingdom","PT_CH_ELG_IM","Percentage of children eligible for immunization","DIPTETPERT","Diphtheria, Tetanus, Pertussis",2018,94
"GBR","United Kingdom","PT_CH_ELG_IM","Percentage of children eligible for immunization","DIPTETPERT","Diphtheria, Tetanus, Pertussis",2019,93
"GBR","United Kingdom","PT_CH_ELG_IM","Percentage of children eligible for immunization","DIPTETPERT","Diphtheria, Tetanus, Pertussis",2020,93
"GBR","United Kingdom","PT_CH_ELG_IM","Percentage of children eligible for immunization","DIPTETPERT","Diphtheria, Tetanus, Pertussis",2021,92.6
"GBR","United Kingdom","PT_CH_ELG_IM","Percentage of children eligible for immunization","DIPTETPERT","Diphtheria, Tetanus, Pertussis",2022,92.3
"GBR","United Kingdom","PT_CH_ELG_IM","Percentage of children eligible for immunization","DIPTETPERT","Diphtheria, Tetanus, Pertussis",2023,92.2
"GBR","United Kingdom","PT_CH_ELG_IM","Percentage of children eligible for immunization","DIPTETPERT","Diphtheria, Tetanus, Pertussis",2024,91.6
"GBR","United Kingdom","PT_CH_ELG_IM","Percentage of children eligible for immunization","DIPTETPERT","Diphtheria, Tetanus, Pertussis",2025,91.7
"GBR","United Kingdom","PT_CH_ELG_IM","Percentage of children eligible for immunization","HEPB","Hepatitis B",2019,93
"GBR","United Kingdom","PT_CH_ELG_IM","Percentage of children eligible for immunization","HEPB","Hepatitis B",2020,93
"GBR","United Kingdom","PT_CH_ELG_IM","Percentage of children eligible for immunization","HEPB","Hepatitis B",2021,92.6
"GBR","United Kingdom","PT_CH_ELG_IM","Percentage of children eligible for immunization","HEPB","Hepatitis B",2022,92.3
"GBR","United Kingdom","PT_CH_ELG_IM","Percentage of children eligible for immunization","HEPB","Hepatitis B",2023,92.2
"GBR","United Kingdom","PT_CH_ELG_IM","Percentage of children eligible for immunization","HEPB","Hepatitis B",2024,91.6
"GBR","United Kingdom","PT_CH_ELG_IM","Percentage of children eligible for immunization","HEPB","Hepatitis B",2025,91.7
"GBR","United Kingdom","PT_POP_Y_GE65","Percentage of population aged 65 years or over","IFLU","Influenza",2010,72.8
"GBR","United Kingdom","PT_POP_Y_GE65","Percentage of population aged 65 years or over","IFLU","Influenza",2011,74
"GBR","United Kingdom","PT_POP_Y_GE65","Percentage of population aged 65 years or over","IFLU","Influenza",2012,73.5
"GBR","United Kingdom","PT_POP_Y_GE65","Percentage of population aged 65 years or over","IFLU","Influenza",2013,73.3
"GBR","United Kingdom","PT_POP_Y_GE65","Percentage of population aged 65 years or over","IFLU","Influenza",2014,72.8
"GBR","United Kingdom","PT_POP_Y_GE65","Percentage of population aged 65 years or over","IFLU","Influenza",2015,71.1
"GBR","United Kingdom","PT_POP_Y_GE65","Percentage of population aged 65 years or over","IFLU","Influenza",2016,70.5
"GBR","United Kingdom","PT_POP_Y_GE65","Percentage of population aged 65 years or over","IFLU","Influenza",2017,72.6
"GBR","United Kingdom","PT_POP_Y_GE65","Percentage of population aged 65 years or over","IFLU","Influenza",2018,72
"GBR","United Kingdom","PT_POP_Y_GE65","Percentage of population aged 65 years or over","IFLU","Influenza",2019,72.4
"GBR","United Kingdom","PT_POP_Y_GE65","Percentage of population aged 65 years or over","IFLU","Influenza",2020,72.4
"GBR","United Kingdom","PT_POP_Y_GE65","Percentage of population aged 65 years or over","IFLU","Influenza",2021,80.9
"GBR","United Kingdom","PT_POP_Y_GE65","Percentage of population aged 65 years or over","IFLU","Influenza",2022,82.3
"GBR","United Kingdom","PT_POP_Y_GE65","Percentage of population aged 65 years or over","IFLU","Influenza",2023,77.8
"GBR","United Kingdom","PT_POP_Y_GE65","Percentage of population aged 65 years or over","IFLU","Influenza",2024,74.9
"GBR","United Kingdom","PT_POP_Y_GE65","Percentage of population aged 65 years or over","IFLU","Influenza",2025,74.5
"GBR","United Kingdom","PT_CH_ELG_IM","Percentage of children eligible for immunization","MEAS","Measles",2010,84
"GBR","United Kingdom","PT_CH_ELG_IM","Percentage of children eligible for immunization","MEAS","Measles",2011,85
"GBR","United Kingdom","PT_CH_ELG_IM","Percentage of children eligible for immunization","MEAS","Measles",2012,87
"GBR","United Kingdom","PT_CH_ELG_IM","Percentage of children eligible for immunization","MEAS","Measles",2013,88
"GBR","United Kingdom","PT_CH_ELG_IM","Percentage of children eligible for immunization","MEAS","Measles",2014,89
"GBR","United Kingdom","PT_CH_ELG_IM","Percentage of children eligible for immunization","MEAS","Measles",2015,89
"GBR","United Kingdom","PT_CH_ELG_IM","Percentage of children eligible for immunization","MEAS","Measles",2016,89
"GBR","United Kingdom","PT_CH_ELG_IM","Percentage of children eligible for immunization","MEAS","Measles",2017,88
"GBR","United Kingdom","PT_CH_ELG_IM","Percentage of children eligible for immunization","MEAS","Measles",2018,88
"GBR","United Kingdom","PT_CH_ELG_IM","Percentage of children eligible for immunization","MEAS","Measles",2019,87
"GBR","United Kingdom","PT_CH_ELG_IM","Percentage of children eligible for immunization","MEAS","Measles",2020,87.5
"GBR","United Kingdom","PT_CH_ELG_IM","Percentage of children eligible for immunization","MEAS","Measles",2021,87.4
"GBR","United Kingdom","PT_CH_ELG_IM","Percentage of children eligible for immunization","MEAS","Measles",2022,86.5
"GBR","United Kingdom","PT_CH_ELG_IM","Percentage of children eligible for immunization","MEAS","Measles",2023,85.2
"GBR","United Kingdom","PT_CH_ELG_IM","Percentage of children eligible for immunization","MEAS","Measles",2024,84.5
"GBR","United Kingdom","PT_CH_ELG_IM","Percentage of children eligible for immunization","MEAS","Measles",2025,84.4
"USA","United States","PT_CH_ELG_IM","Percentage of children eligible for immunization","DIPTETPERT","Diphtheria, Tetanus, Pertussis",2010,95
"USA","United States","PT_CH_ELG_IM","Percentage of children eligible for immunization","DIPTETPERT","Diphtheria, Tetanus, Pertussis",2011,96
"USA","United States","PT_CH_ELG_IM","Percentage of children eligible for immunization","DIPTETPERT","Diphtheria, Tetanus, Pertussis",2012,94
"USA","United States","PT_CH_ELG_IM","Percentage of children eligible for immunization","DIPTETPERT","Diphtheria, Tetanus, Pertussis",2013,94
"USA","United States","PT_CH_ELG_IM","Percentage of children eligible for immunization","DIPTETPERT","Diphtheria, Tetanus, Pertussis",2014,95
"USA","United States","PT_CH_ELG_IM","Percentage of children eligible for immunization","DIPTETPERT","Diphtheria, Tetanus, Pertussis",2015,95
"USA","United States","PT_CH_ELG_IM","Percentage of children eligible for immunization","DIPTETPERT","Diphtheria, Tetanus, Pertussis",2016,95
"USA","United States","PT_CH_ELG_IM","Percentage of children eligible for immunization","DIPTETPERT","Diphtheria, Tetanus, Pertussis",2017,94
"USA","United States","PT_CH_ELG_IM","Percentage of children eligible for immunization","DIPTETPERT","Diphtheria, Tetanus, Pertussis",2018,94
"USA","United States","PT_CH_ELG_IM","Percentage of children eligible for immunization","DIPTETPERT","Diphtheria, Tetanus, Pertussis",2019,94
"USA","United States","PT_CH_ELG_IM","Percentage of children eligible for immunization","DIPTETPERT","Diphtheria, Tetanus, Pertussis",2020,93
"USA","United States","PT_CH_ELG_IM","Percentage of children eligible for immunization","DIPTETPERT","Diphtheria, Tetanus, Pertussis",2021,94
"USA","United States","PT_CH_ELG_IM","Percentage of children eligible for immunization","DIPTETPERT","Diphtheria, Tetanus, Pertussis",2022,94
"USA","United States","PT_CH_ELG_IM","Percentage of children eligible for immunization","DIPTETPERT","Diphtheria, Tetanus, Pertussis",2023,94
"USA","United States","PT_CH_ELG_IM","Percentage of children eligible for immunization","DIPTETPERT","Diphtheria, Tetanus, Pertussis",2024,94
"USA","United States","PT_CH_ELG_IM","Percentage of children eligible for immunization","HEPB","Hepatitis B",2010,92
"USA","United States","PT_CH_ELG_IM","Percentage of children eligible for immunization","HEPB","Hepatitis B",2011,91
"USA","United States","PT_CH_ELG_IM","Percentage of children eligible for immunization","HEPB","Hepatitis B",2012,90
"USA","United States","PT_CH_ELG_IM","Percentage of children eligible for immunization","HEPB","Hepatitis B",2013,91
"USA","United States","PT_CH_ELG_IM","Percentage of children eligible for immunization","HEPB","Hepatitis B",2014,92
"USA","United States","PT_CH_ELG_IM","Percentage of children eligible for immunization","HEPB","Hepatitis B",2015,92
"USA","United States","PT_CH_ELG_IM","Percentage of children eligible for immunization","HEPB","Hepatitis B",2016,93
"USA","United States","PT_CH_ELG_IM","Percentage of children eligible for immunization","HEPB","Hepatitis B",2017,91
"USA","United States","PT_CH_ELG_IM","Percentage of children eligible for immunization","HEPB","Hepatitis B",2018,91
"USA","United States","PT_CH_ELG_IM","Percentage of children eligible for immunization","HEPB","Hepatitis B",2019,91
"USA","United States","PT_CH_ELG_IM","Percentage of children eligible for immunization","HEPB","Hepatitis B",2020,91
"USA","United States","PT_CH_ELG_IM","Percentage of children eligible for immunization","HEPB","Hepatitis B",2021,92
"USA","United States","PT_CH_ELG_IM","Percentage of children eligible for immunization","HEPB","Hepatitis B",2022,93
"USA","United States","PT_CH_ELG_IM","Percentage of children eligible for immunization","HEPB","Hepatitis B",2023,93
"USA","United States","PT_CH_ELG_IM","Percentage of children eligible for immunization","HEPB","Hepatitis B",2024,93
"USA","United States","PT_POP_Y_GE65","Percentage of population aged 65 years or over","IFLU","Influenza",2010,63.6
"USA","United States","PT_POP_Y_GE65","Percentage of population aged 65 years or over","IFLU","Influenza",2011,67
"USA","United States","PT_POP_Y_GE65","Percentage of population aged 65 years or over","IFLU","Influenza",2012,66.5
"USA","United States","PT_POP_Y_GE65","Percentage of population aged 65 years or over","IFLU","Influenza",2013,67.9
"USA","United States","PT_POP_Y_GE65","Percentage of population aged 65 years or over","IFLU","Influenza",2014,70
"USA","United States","PT_POP_Y_GE65","Percentage of population aged 65 years or over","IFLU","Influenza",2015,69.1
"USA","United States","PT_POP_Y_GE65","Percentage of population aged 65 years or over","IFLU","Influenza",2016,67.2
"USA","United States","PT_POP_Y_GE65","Percentage of population aged 65 years or over","IFLU","Influenza",2017,67.8
"USA","United States","PT_POP_Y_GE65","Percentage of population aged 65 years or over","IFLU","Influenza",2018,68.7
"USA","United States","PT_POP_Y_GE65","Percentage of population aged 65 years or over","IFLU","Influenza",2019,70.5
"USA","United States","PT_POP_Y_GE65","Percentage of population aged 65 years or over","IFLU","Influenza",2020,70.8
"USA","United States","PT_POP_Y_GE65","Percentage of population aged 65 years or over","IFLU","Influenza",2021,72.8
"USA","United States","PT_POP_Y_GE65","Percentage of population aged 65 years or over","IFLU","Influenza",2022,70.6
"USA","United States","PT_POP_Y_GE65","Percentage of population aged 65 years or over","IFLU","Influenza",2023,71.3
"USA","United States","PT_POP_Y_GE65","Percentage of population aged 65 years or over","IFLU","Influenza",2024,67.1
"USA","United States","PT_CH_ELG_IM","Percentage of children eligible for immunization","MEAS","Measles",2010,89
"USA","United States","PT_CH_ELG_IM","Percentage of children eligible for immunization","MEAS","Measles",2011,90
"USA","United States","PT_CH_ELG_IM","Percentage of children eligible for immunization","MEAS","Measles",2012,91
"USA","United States","PT_CH_ELG_IM","Percentage of children eligible for immunization","MEAS","Measles",2013,91
"USA","United States","PT_CH_ELG_IM","Percentage of children eligible for immunization","MEAS","Measles",2014,92
"USA","United States","PT_CH_ELG_IM","Percentage of children eligible for immunization","MEAS","Measles",2015,93
"USA","United States","PT_CH_ELG_IM","Percentage of children eligible for immunization","MEAS","Measles",2016,94
"USA","United States","PT_CH_ELG_IM","Percentage of children eligible for immunization","MEAS","Measles",2017,94
"USA","United States","PT_CH_ELG_IM","Percentage of children eligible for immunization","MEAS","Measles",2018,94
"USA","United States","PT_CH_ELG_IM","Percentage of children eligible for immunization","MEAS","Measles",2019,95
"USA","United States","PT_CH_ELG_IM","Percentage of children eligible for immunization","MEAS","Measles",2020,95
"USA","United States","PT_CH_ELG_IM","Percentage of children eligible for immunization","MEAS","Measles",2021,95
"USA","United States","PT_CH_ELG_IM","Percentage of children eligible for immunization","MEAS","Measles",2022,95
"USA","United States","PT_CH_ELG_IM","Percentage of children eligible for immunization","MEAS","Measles",2023,95
"USA","United States","PT_CH_ELG_IM","Percentage of children eligible for immunization","MEAS","Measles",2024,95
