STRUCTURE,STRUCTURE_ID,STRUCTURE_NAME,ACTION,REF_AREA,Reference area,FREQ,Frequency of observation,MEASURE,Measure,UNIT_MEASURE,Unit of measure,FINANCING_SCHEME,Financing scheme,FINANCING_SCHEME_REV,Revenues of financing schemes,FUNCTION,Health function,MODE_PROVISION,Mode of provision,PROVIDER,Healthcare provider,FACTOR_PROVISION,Factor of provision,ASSET_TYPE,Asset type,PRICE_BASE,Price base,TIME_PERIOD,Time period,OBS_VALUE,Observation value,BASE_PER,Base period,CURRENCY,Currency,OBS_STATUS,Observation status,OBS_STATUS2,Observation status 2,OBS_STATUS3,Observation status 3,UNIT_MULT,Unit multiplier,DECIMALS,Decimals
DATAFLOW,OECD.ELS.HD:DSD_SHA@DF_SHA(1.1),Health expenditure and financing,I,GBR,United Kingdom,A,Annual,EXP_HEALTH,Expenditure,PT_B1GQ,Percentage of GDP,_T,Total,_Z,Not application,_T,Total,_T,Total,_T,Total,_Z,Not applicable,_Z,Not applicable,_Z,Not applicable,2025,,11.363,,,,,,P,Provisional value,,,,,0,Units,1,One
DATAFLOW,OECD.ELS.HD:DSD_SHA@DF_SHA(1.1),Health expenditure and financing,I,GBR,United Kingdom,A,Annual,EXP_HEALTH,Expenditure,USD_PPP_PS,"US dollars per person, PPP converted",HF2HF3,Voluntary schemes/household out-of-pocket payments,_Z,Not application,_T,Total,_T,Total,_T,Total,_Z,Not applicable,_Z,Not applicable,V,Current prices,2025,,1372.545,,,,,,P,Provisional value,,,,,0,Units,1,One
DATAFLOW,OECD.ELS.HD:DSD_SHA@DF_SHA(1.1),Health expenditure and financing,I,GBR,United Kingdom,A,Annual,EXP_HEALTH,Expenditure,PT_B1GQ,Percentage of GDP,HF2HF3,Voluntary schemes/household out-of-pocket payments,_Z,Not application,_T,Total,_T,Total,_T,Total,_Z,Not applicable,_Z,Not applicable,_Z,Not applicable,2025,,2.128,,,,,,P,Provisional value,,,,,0,Units,1,One
DATAFLOW,OECD.ELS.HD:DSD_SHA@DF_SHA(1.1),Health expenditure and financing,I,GBR,United Kingdom,A,Annual,EXP_HEALTH,Expenditure,USD_PPP_PS,"US dollars per person, PPP converted",_T,Total,_Z,Not application,_T,Total,_T,Total,_T,Total,_Z,Not applicable,_Z,Not applicable,V,Current prices,2025,,7327.645,,,,,,P,Provisional value,,,,,0,Units,1,One
DATAFLOW,OECD.ELS.HD:DSD_SHA@DF_SHA(1.1),Health expenditure and financing,I,GBR,United Kingdom,A,Annual,EXP_HEALTH,Expenditure,USD_PPP_PS,"US dollars per person, PPP converted",HF1,Government/compulsory schemes,_Z,Not application,_T,Total,_T,Total,_T,Total,_Z,Not applicable,_Z,Not applicable,V,Current prices,2025,,5955.1,,,,,,P,Provisional value,,,,,0,Units,1,One
DATAFLOW,OECD.ELS.HD:DSD_SHA@DF_SHA(1.1),Health expenditure and financing,I,GBR,United Kingdom,A,Annual,EXP_HEALTH,Expenditure,PT_B1GQ,Percentage of GDP,HF1,Government/compulsory schemes,_Z,Not application,_T,Total,_T,Total,_T,Total,_Z,Not applicable,_Z,Not applicable,_Z,Not applicable,2025,,9.235,,,,,,P,Provisional value,,,,,0,Units,1,One
DATAFLOW,OECD.ELS.HD:DSD_SHA@DF_SHA(1.1),Health expenditure and financing,I,GBR,United Kingdom,A,Annual,EXP_HEALTH,Expenditure,USD_PPP_PS,"US dollars per person, PPP converted",HF2HF3,Voluntary schemes/household out-of-pocket payments,_Z,Not application,_T,Total,_T,Total,_T,Total,_Z,Not applicable,_Z,Not applicable,Q,Constant prices,2025,,1064.473,,2020,,,,P,Provisional value,,,,,0,Units,1,One
DATAFLOW,OECD.ELS.HD:DSD_SHA@DF_SHA(1.1),Health expenditure and financing,I,GBR,United Kingdom,A,Annual,EXP_HEALTH,Expenditure,USD_PPP_PS,"US dollars per person, PPP converted",HF1,Government/compulsory schemes,_Z,Not application,_T,Total,_T,Total,_T,Total,_Z,Not applicable,_Z,Not applicable,Q,Constant prices,2025,,4618.46,,2020,,,,P,Provisional value,,,,,0,Units,1,One
DATAFLOW,OECD.ELS.HD:DSD_SHA@DF_SHA(1.1),Health expenditure and financing,I,GBR,United Kingdom,A,Annual,EXP_HEALTH,Expenditure,USD_PPP_PS,"US dollars per person, PPP converted",_T,Total,_Z,Not application,_T,Total,_T,Total,_T,Total,_Z,Not applicable,_Z,Not applicable,Q,Constant prices,2025,,5682.933,,2020,,,,P,Provisional value,,,,,0,Units,1,One
DATAFLOW,OECD.ELS.HD:DSD_SHA@DF_SHA(1.1),Health expenditure and financing,I,GBR,United Kingdom,A,Annual,EXP_HEALTH,Expenditure,USD_PPP_PS,"US dollars per person, PPP converted",HF2HF3,Voluntary schemes/household out-of-pocket payments,_Z,Not application,_T,Total,_T,Total,_T,Total,_Z,Not applicable,_Z,Not applicable,Q,Constant prices,2015,,987.713,,2020,,,,,,,,,,0,Units,1,One
DATAFLOW,OECD.ELS.HD:DSD_SHA@DF_SHA(1.1),Health expenditure and financing,I,GBR,United Kingdom,A,Annual,EXP_HEALTH,Expenditure,USD_PPP_PS,"US dollars per person, PPP converted",HF2HF3,Voluntary schemes/household out-of-pocket payments,_Z,Not application,_T,Total,_T,Total,_T,Total,_Z,Not applicable,_Z,Not applicable,Q,Constant prices,2016,,983.631,,2020,,,,,,,,,,0,Units,1,One
DATAFLOW,OECD.ELS.HD:DSD_SHA@DF_SHA(1.1),Health expenditure and financing,I,GBR,United Kingdom,A,Annual,EXP_HEALTH,Expenditure,USD_PPP_PS,"US dollars per person, PPP converted",HF2HF3,Voluntary schemes/household out-of-pocket payments,_Z,Not application,_T,Total,_T,Total,_T,Total,_Z,Not applicable,_Z,Not applicable,Q,Constant prices,2017,,1021.966,,2020,,,,,,,,,,0,Units,1,One
DATAFLOW,OECD.ELS.HD:DSD_SHA@DF_SHA(1.1),Health expenditure and financing,I,GBR,United Kingdom,A,Annual,EXP_HEALTH,Expenditure,USD_PPP_PS,"US dollars per person, PPP converted",HF2HF3,Voluntary schemes/household out-of-pocket payments,_Z,Not application,_T,Total,_T,Total,_T,Total,_Z,Not applicable,_Z,Not applicable,Q,Constant prices,2018,,1035.726,,2020,,,,,,,,,,0,Units,1,One
DATAFLOW,OECD.ELS.HD:DSD_SHA@DF_SHA(1.1),Health expenditure and financing,I,GBR,United Kingdom,A,Annual,EXP_HEALTH,Expenditure,USD_PPP_PS,"US dollars per person, PPP converted",HF2HF3,Voluntary schemes/household out-of-pocket payments,_Z,Not application,_T,Total,_T,Total,_T,Total,_Z,Not applicable,_Z,Not applicable,Q,Constant prices,2019,,1045.233,,2020,,,,,,,,,,0,Units,1,One
DATAFLOW,OECD.ELS.HD:DSD_SHA@DF_SHA(1.1),Health expenditure and financing,I,GBR,United Kingdom,A,Annual,EXP_HEALTH,Expenditure,USD_PPP_PS,"US dollars per person, PPP converted",HF2HF3,Voluntary schemes/household out-of-pocket payments,_Z,Not application,_T,Total,_T,Total,_T,Total,_Z,Not applicable,_Z,Not applicable,Q,Constant prices,2020,,921.545,,2020,,,,,,,,,,0,Units,1,One
DATAFLOW,OECD.ELS.HD:DSD_SHA@DF_SHA(1.1),Health expenditure and financing,I,GBR,United Kingdom,A,Annual,EXP_HEALTH,Expenditure,USD_PPP_PS,"US dollars per person, PPP converted",HF2HF3,Voluntary schemes/household out-of-pocket payments,_Z,Not application,_T,Total,_T,Total,_T,Total,_Z,Not applicable,_Z,Not applicable,Q,Constant prices,2021,,1014.836,,2020,,,,,,,,,,0,Units,1,One
DATAFLOW,OECD.ELS.HD:DSD_SHA@DF_SHA(1.1),Health expenditure and financing,I,GBR,United Kingdom,A,Annual,EXP_HEALTH,Expenditure,USD_PPP_PS,"US dollars per person, PPP converted",HF2HF3,Voluntary schemes/household out-of-pocket payments,_Z,Not application,_T,Total,_T,Total,_T,Total,_Z,Not applicable,_Z,Not applicable,Q,Constant prices,2022,,1044.004,,2020,,,,,,,,,,0,Units,1,One
DATAFLOW,OECD.ELS.HD:DSD_SHA@DF_SHA(1.1),Health expenditure and financing,I,GBR,United Kingdom,A,Annual,EXP_HEALTH,Expenditure,USD_PPP_PS,"US dollars per person, PPP converted",HF2HF3,Voluntary schemes/household out-of-pocket payments,_Z,Not application,_T,Total,_T,Total,_T,Total,_Z,Not applicable,_Z,Not applicable,Q,Constant prices,2023,,1010.958,,2020,,,,,,,,,,0,Units,1,One
DATAFLOW,OECD.ELS.HD:DSD_SHA@DF_SHA(1.1),Health expenditure and financing,I,GBR,United Kingdom,A,Annual,EXP_HEALTH,Expenditure,USD_PPP_PS,"US dollars per person, PPP converted",HF2HF3,Voluntary schemes/household out-of-pocket payments,_Z,Not application,_T,Total,_T,Total,_T,Total,_Z,Not applicable,_Z,Not applicable,Q,Constant prices,2024,,1044.338,,2020,,,,,,,,,,0,Units,1,One
DATAFLOW,OECD.ELS.HD:DSD_SHA@DF_SHA(1.1),Health expenditure and financing,I,GBR,United Kingdom,A,Annual,EXP_HEALTH,Expenditure,USD_PPP_PS,"US dollars per person, PPP converted",HF1,Government/compulsory schemes,_Z,Not application,_T,Total,_T,Total,_T,Total,_Z,Not applicable,_Z,Not applicable,Q,Constant prices,2015,,3643.709,,2020,,,,,,,,,,0,Units,1,One
DATAFLOW,OECD.ELS.HD:DSD_SHA@DF_SHA(1.1),Health expenditure and financing,I,GBR,United Kingdom,A,Annual,EXP_HEALTH,Expenditure,USD_PPP_PS,"US dollars per person, PPP converted",HF1,Government/compulsory schemes,_Z,Not application,_T,Total,_T,Total,_T,Total,_Z,Not applicable,_Z,Not applicable,Q,Constant prices,2016,,3707.808,,2020,,,,,,,,,,0,Units,1,One
DATAFLOW,OECD.ELS.HD:DSD_SHA@DF_SHA(1.1),Health expenditure and financing,I,GBR,United Kingdom,A,Annual,EXP_HEALTH,Expenditure,USD_PPP_PS,"US dollars per person, PPP converted",HF1,Government/compulsory schemes,_Z,Not application,_T,Total,_T,Total,_T,Total,_Z,Not applicable,_Z,Not applicable,Q,Constant prices,2017,,3712.285,,2020,,,,,,,,,,0,Units,1,One
DATAFLOW,OECD.ELS.HD:DSD_SHA@DF_SHA(1.1),Health expenditure and financing,I,GBR,United Kingdom,A,Annual,EXP_HEALTH,Expenditure,USD_PPP_PS,"US dollars per person, PPP converted",HF1,Government/compulsory schemes,_Z,Not application,_T,Total,_T,Total,_T,Total,_Z,Not applicable,_Z,Not applicable,Q,Constant prices,2018,,3769.804,,2020,,,,,,,,,,0,Units,1,One
DATAFLOW,OECD.ELS.HD:DSD_SHA@DF_SHA(1.1),Health expenditure and financing,I,GBR,United Kingdom,A,Annual,EXP_HEALTH,Expenditure,USD_PPP_PS,"US dollars per person, PPP converted",HF1,Government/compulsory schemes,_Z,Not application,_T,Total,_T,Total,_T,Total,_Z,Not applicable,_Z,Not applicable,Q,Constant prices,2019,,3905.257,,2020,,,,,,,,,,0,Units,1,One
DATAFLOW,OECD.ELS.HD:DSD_SHA@DF_SHA(1.1),Health expenditure and financing,I,GBR,United Kingdom,A,Annual,EXP_HEALTH,Expenditure,USD_PPP_PS,"US dollars per person, PPP converted",HF1,Government/compulsory schemes,_Z,Not application,_T,Total,_T,Total,_T,Total,_Z,Not applicable,_Z,Not applicable,Q,Constant prices,2020,,4486.974,,2020,,,,,,,,,,0,Units,1,One
DATAFLOW,OECD.ELS.HD:DSD_SHA@DF_SHA(1.1),Health expenditure and financing,I,GBR,United Kingdom,A,Annual,EXP_HEALTH,Expenditure,USD_PPP_PS,"US dollars per person, PPP converted",HF1,Government/compulsory schemes,_Z,Not application,_T,Total,_T,Total,_T,Total,_Z,Not applicable,_Z,Not applicable,Q,Constant prices,2021,,4821.685,,2020,,,,,,,,,,0,Units,1,One
DATAFLOW,OECD.ELS.HD:DSD_SHA@DF_SHA(1.1),Health expenditure and financing,I,GBR,United Kingdom,A,Annual,EXP_HEALTH,Expenditure,USD_PPP_PS,"US dollars per person, PPP converted",HF1,Government/compulsory schemes,_Z,Not application,_T,Total,_T,Total,_T,Total,_Z,Not applicable,_Z,Not applicable,Q,Constant prices,2022,,4409.316,,2020,,,,,,,,,,0,Units,1,One
DATAFLOW,OECD.ELS.HD:DSD_SHA@DF_SHA(1.1),Health expenditure and financing,I,GBR,United Kingdom,A,Annual,EXP_HEALTH,Expenditure,USD_PPP_PS,"US dollars per person, PPP converted",HF1,Government/compulsory schemes,_Z,Not application,_T,Total,_T,Total,_T,Total,_Z,Not applicable,_Z,Not applicable,Q,Constant prices,2023,,4301.711,,2020,,,,,,,,,,0,Units,1,One
DATAFLOW,OECD.ELS.HD:DSD_SHA@DF_SHA(1.1),Health expenditure and financing,I,GBR,United Kingdom,A,Annual,EXP_HEALTH,Expenditure,USD_PPP_PS,"US dollars per person, PPP converted",HF1,Government/compulsory schemes,_Z,Not application,_T,Total,_T,Total,_T,Total,_Z,Not applicable,_Z,Not applicable,Q,Constant prices,2024,,4451.235,,2020,,,,,,,,,,0,Units,1,One
DATAFLOW,OECD.ELS.HD:DSD_SHA@DF_SHA(1.1),Health expenditure and financing,I,GBR,United Kingdom,A,Annual,EXP_HEALTH,Expenditure,USD_PPP_PS,"US dollars per person, PPP converted",_T,Total,_Z,Not application,_T,Total,_T,Total,_T,Total,_Z,Not applicable,_Z,Not applicable,Q,Constant prices,2015,,4631.421,,2020,,,,,,,,,,0,Units,1,One
DATAFLOW,OECD.ELS.HD:DSD_SHA@DF_SHA(1.1),Health expenditure and financing,I,GBR,United Kingdom,A,Annual,EXP_HEALTH,Expenditure,USD_PPP_PS,"US dollars per person, PPP converted",_T,Total,_Z,Not application,_T,Total,_T,Total,_T,Total,_Z,Not applicable,_Z,Not applicable,Q,Constant prices,2016,,4691.439,,2020,,,,,,,,,,0,Units,1,One
DATAFLOW,OECD.ELS.HD:DSD_SHA@DF_SHA(1.1),Health expenditure and financing,I,GBR,United Kingdom,A,Annual,EXP_HEALTH,Expenditure,USD_PPP_PS,"US dollars per person, PPP converted",_T,Total,_Z,Not application,_T,Total,_T,Total,_T,Total,_Z,Not applicable,_Z,Not applicable,Q,Constant prices,2017,,4734.251,,2020,,,,,,,,,,0,Units,1,One
DATAFLOW,OECD.ELS.HD:DSD_SHA@DF_SHA(1.1),Health expenditure and financing,I,GBR,United Kingdom,A,Annual,EXP_HEALTH,Expenditure,USD_PPP_PS,"US dollars per person, PPP converted",_T,Total,_Z,Not application,_T,Total,_T,Total,_T,Total,_Z,Not applicable,_Z,Not applicable,Q,Constant prices,2018,,4805.53,,2020,,,,,,,,,,0,Units,1,One
DATAFLOW,OECD.ELS.HD:DSD_SHA@DF_SHA(1.1),Health expenditure and financing,I,GBR,United Kingdom,A,Annual,EXP_HEALTH,Expenditure,USD_PPP_PS,"US dollars per person, PPP converted",_T,Total,_Z,Not application,_T,Total,_T,Total,_T,Total,_Z,Not applicable,_Z,Not applicable,Q,Constant prices,2019,,4950.49,,2020,,,,,,,,,,0,Units,1,One
DATAFLOW,OECD.ELS.HD:DSD_SHA@DF_SHA(1.1),Health expenditure and financing,I,GBR,United Kingdom,A,Annual,EXP_HEALTH,Expenditure,USD_PPP_PS,"US dollars per person, PPP converted",_T,Total,_Z,Not application,_T,Total,_T,Total,_T,Total,_Z,Not applicable,_Z,Not applicable,Q,Constant prices,2020,,5408.519,,2020,,,,,,,,,,0,Units,1,One
DATAFLOW,OECD.ELS.HD:DSD_SHA@DF_SHA(1.1),Health expenditure and financing,I,GBR,United Kingdom,A,Annual,EXP_HEALTH,Expenditure,USD_PPP_PS,"US dollars per person, PPP converted",_T,Total,_Z,Not application,_T,Total,_T,Total,_T,Total,_Z,Not applicable,_Z,Not applicable,Q,Constant prices,2021,,5836.521,,2020,,,,,,,,,,0,Units,1,One
DATAFLOW,OECD.ELS.HD:DSD_SHA@DF_SHA(1.1),Health expenditure and financing,I,GBR,United Kingdom,A,Annual,EXP_HEALTH,Expenditure,USD_PPP_PS,"US dollars per person, PPP converted",_T,Total,_Z,Not application,_T,Total,_T,Total,_T,Total,_Z,Not applicable,_Z,Not applicable,Q,Constant prices,2022,,5453.319,,2020,,,,,,,,,,0,Units,1,One
DATAFLOW,OECD.ELS.HD:DSD_SHA@DF_SHA(1.1),Health expenditure and financing,I,GBR,United Kingdom,A,Annual,EXP_HEALTH,Expenditure,USD_PPP_PS,"US dollars per person, PPP converted",_T,Total,_Z,Not application,_T,Total,_T,Total,_T,Total,_Z,Not applicable,_Z,Not applicable,Q,Constant prices,2023,,5312.669,,2020,,,,,,,,,,0,Units,1,One
DATAFLOW,OECD.ELS.HD:DSD_SHA@DF_SHA(1.1),Health expenditure and financing,I,GBR,United Kingdom,A,Annual,EXP_HEALTH,Expenditure,USD_PPP_PS,"US dollars per person, PPP converted",_T,Total,_Z,Not application,_T,Total,_T,Total,_T,Total,_Z,Not applicable,_Z,Not applicable,Q,Constant prices,2024,,5495.573,,2020,,,,,,,,,,0,Units,1,One
DATAFLOW,OECD.ELS.HD:DSD_SHA@DF_SHA(1.1),Health expenditure and financing,I,GBR,United Kingdom,A,Annual,EXP_HEALTH,Expenditure,PT_B1GQ,Percentage of GDP,HF1,Government/compulsory schemes,_Z,Not application,_T,Total,_T,Total,_T,Total,_Z,Not applicable,_Z,Not applicable,_Z,Not applicable,2015,,7.785,,,,,,,,,,,,0,Units,1,One
DATAFLOW,OECD.ELS.HD:DSD_SHA@DF_SHA(1.1),Health expenditure and financing,I,GBR,United Kingdom,A,Annual,EXP_HEALTH,Expenditure,PT_B1GQ,Percentage of GDP,HF1,Government/compulsory schemes,_Z,Not application,_T,Total,_T,Total,_T,Total,_Z,Not applicable,_Z,Not applicable,_Z,Not applicable,2016,,7.775,,,,,,,,,,,,0,Units,1,One
DATAFLOW,OECD.ELS.HD:DSD_SHA@DF_SHA(1.1),Health expenditure and financing,I,GBR,United Kingdom,A,Annual,EXP_HEALTH,Expenditure,PT_B1GQ,Percentage of GDP,HF1,Government/compulsory schemes,_Z,Not application,_T,Total,_T,Total,_T,Total,_Z,Not applicable,_Z,Not applicable,_Z,Not applicable,2017,,7.588,,,,,,,,,,,,0,Units,1,One
DATAFLOW,OECD.ELS.HD:DSD_SHA@DF_SHA(1.1),Health expenditure and financing,I,GBR,United Kingdom,A,Annual,EXP_HEALTH,Expenditure,PT_B1GQ,Percentage of GDP,HF1,Government/compulsory schemes,_Z,Not application,_T,Total,_T,Total,_T,Total,_Z,Not applicable,_Z,Not applicable,_Z,Not applicable,2018,,7.63,,,,,,,,,,,,0,Units,1,One
DATAFLOW,OECD.ELS.HD:DSD_SHA@DF_SHA(1.1),Health expenditure and financing,I,GBR,United Kingdom,A,Annual,EXP_HEALTH,Expenditure,PT_B1GQ,Percentage of GDP,HF1,Government/compulsory schemes,_Z,Not application,_T,Total,_T,Total,_T,Total,_Z,Not applicable,_Z,Not applicable,_Z,Not applicable,2019,,7.811,,,,,,,,,,,,0,Units,1,One
DATAFLOW,OECD.ELS.HD:DSD_SHA@DF_SHA(1.1),Health expenditure and financing,I,GBR,United Kingdom,A,Annual,EXP_HEALTH,Expenditure,PT_B1GQ,Percentage of GDP,HF1,Government/compulsory schemes,_Z,Not application,_T,Total,_T,Total,_T,Total,_Z,Not applicable,_Z,Not applicable,_Z,Not applicable,2020,,9.991,,,,,,,,,,,,0,Units,1,One
DATAFLOW,OECD.ELS.HD:DSD_SHA@DF_SHA(1.1),Health expenditure and financing,I,GBR,United Kingdom,A,Annual,EXP_HEALTH,Expenditure,PT_B1GQ,Percentage of GDP,HF1,Government/compulsory schemes,_Z,Not application,_T,Total,_T,Total,_T,Total,_Z,Not applicable,_Z,Not applicable,_Z,Not applicable,2021,,9.888,,,,,,,,,,,,0,Units,1,One
DATAFLOW,OECD.ELS.HD:DSD_SHA@DF_SHA(1.1),Health expenditure and financing,I,GBR,United Kingdom,A,Annual,EXP_HEALTH,Expenditure,PT_B1GQ,Percentage of GDP,HF1,Government/compulsory schemes,_Z,Not application,_T,Total,_T,Total,_T,Total,_Z,Not applicable,_Z,Not applicable,_Z,Not applicable,2022,,8.844,,,,,,,,,,,,0,Units,1,One
DATAFLOW,OECD.ELS.HD:DSD_SHA@DF_SHA(1.1),Health expenditure and financing,I,GBR,United Kingdom,A,Annual,EXP_HEALTH,Expenditure,PT_B1GQ,Percentage of GDP,HF1,Government/compulsory schemes,_Z,Not application,_T,Total,_T,Total,_T,Total,_Z,Not applicable,_Z,Not applicable,_Z,Not applicable,2023,,8.739,,,,,,,,,,,,0,Units,1,One
DATAFLOW,OECD.ELS.HD:DSD_SHA@DF_SHA(1.1),Health expenditure and financing,I,GBR,United Kingdom,A,Annual,EXP_HEALTH,Expenditure,PT_B1GQ,Percentage of GDP,HF1,Government/compulsory schemes,_Z,Not application,_T,Total,_T,Total,_T,Total,_Z,Not applicable,_Z,Not applicable,_Z,Not applicable,2024,,8.975,,,,,,,,,,,,0,Units,1,One
DATAFLOW,OECD.ELS.HD:DSD_SHA@DF_SHA(1.1),Health expenditure and financing,I,GBR,United Kingdom,A,Annual,EXP_HEALTH,Expenditure,PT_B1GQ,Percentage of GDP,HF2HF3,Voluntary schemes/household out-of-pocket payments,_Z,Not application,_T,Total,_T,Total,_T,Total,_Z,Not applicable,_Z,Not applicable,_Z,Not applicable,2015,,2.11,,,,,,,,,,,,0,Units,1,One
DATAFLOW,OECD.ELS.HD:DSD_SHA@DF_SHA(1.1),Health expenditure and financing,I,GBR,United Kingdom,A,Annual,EXP_HEALTH,Expenditure,PT_B1GQ,Percentage of GDP,HF2HF3,Voluntary schemes/household out-of-pocket payments,_Z,Not application,_T,Total,_T,Total,_T,Total,_Z,Not applicable,_Z,Not applicable,_Z,Not applicable,2016,,2.063,,,,,,,,,,,,0,Units,1,One
DATAFLOW,OECD.ELS.HD:DSD_SHA@DF_SHA(1.1),Health expenditure and financing,I,GBR,United Kingdom,A,Annual,EXP_HEALTH,Expenditure,PT_B1GQ,Percentage of GDP,HF2HF3,Voluntary schemes/household out-of-pocket payments,_Z,Not application,_T,Total,_T,Total,_T,Total,_Z,Not applicable,_Z,Not applicable,_Z,Not applicable,2017,,2.089,,,,,,,,,,,,0,Units,1,One
DATAFLOW,OECD.ELS.HD:DSD_SHA@DF_SHA(1.1),Health expenditure and financing,I,GBR,United Kingdom,A,Annual,EXP_HEALTH,Expenditure,PT_B1GQ,Percentage of GDP,HF2HF3,Voluntary schemes/household out-of-pocket payments,_Z,Not application,_T,Total,_T,Total,_T,Total,_Z,Not applicable,_Z,Not applicable,_Z,Not applicable,2018,,2.096,,,,,,,,,,,,0,Units,1,One
DATAFLOW,OECD.ELS.HD:DSD_SHA@DF_SHA(1.1),Health expenditure and financing,I,GBR,United Kingdom,A,Annual,EXP_HEALTH,Expenditure,PT_B1GQ,Percentage of GDP,HF2HF3,Voluntary schemes/household out-of-pocket payments,_Z,Not application,_T,Total,_T,Total,_T,Total,_Z,Not applicable,_Z,Not applicable,_Z,Not applicable,2019,,2.091,,,,,,,,,,,,0,Units,1,One
DATAFLOW,OECD.ELS.HD:DSD_SHA@DF_SHA(1.1),Health expenditure and financing,I,GBR,United Kingdom,A,Annual,EXP_HEALTH,Expenditure,PT_B1GQ,Percentage of GDP,HF2HF3,Voluntary schemes/household out-of-pocket payments,_Z,Not application,_T,Total,_T,Total,_T,Total,_Z,Not applicable,_Z,Not applicable,_Z,Not applicable,2020,,2.052,,,,,,,,,,,,0,Units,1,One
DATAFLOW,OECD.ELS.HD:DSD_SHA@DF_SHA(1.1),Health expenditure and financing,I,GBR,United Kingdom,A,Annual,EXP_HEALTH,Expenditure,PT_B1GQ,Percentage of GDP,HF2HF3,Voluntary schemes/household out-of-pocket payments,_Z,Not application,_T,Total,_T,Total,_T,Total,_Z,Not applicable,_Z,Not applicable,_Z,Not applicable,2021,,2.081,,,,,,,,,,,,0,Units,1,One
DATAFLOW,OECD.ELS.HD:DSD_SHA@DF_SHA(1.1),Health expenditure and financing,I,GBR,United Kingdom,A,Annual,EXP_HEALTH,Expenditure,PT_B1GQ,Percentage of GDP,HF2HF3,Voluntary schemes/household out-of-pocket payments,_Z,Not application,_T,Total,_T,Total,_T,Total,_Z,Not applicable,_Z,Not applicable,_Z,Not applicable,2022,,2.094,,,,,,,,,,,,0,Units,1,One
DATAFLOW,OECD.ELS.HD:DSD_SHA@DF_SHA(1.1),Health expenditure and financing,I,GBR,United Kingdom,A,Annual,EXP_HEALTH,Expenditure,PT_B1GQ,Percentage of GDP,HF2HF3,Voluntary schemes/household out-of-pocket payments,_Z,Not application,_T,Total,_T,Total,_T,Total,_Z,Not applicable,_Z,Not applicable,_Z,Not applicable,2023,,2.054,,,,,,,,,,,,0,Units,1,One
DATAFLOW,OECD.ELS.HD:DSD_SHA@DF_SHA(1.1),Health expenditure and financing,I,GBR,United Kingdom,A,Annual,EXP_HEALTH,Expenditure,PT_B1GQ,Percentage of GDP,HF2HF3,Voluntary schemes/household out-of-pocket payments,_Z,Not application,_T,Total,_T,Total,_T,Total,_Z,Not applicable,_Z,Not applicable,_Z,Not applicable,2024,,2.106,,,,,,,,,,,,0,Units,1,One
DATAFLOW,OECD.ELS.HD:DSD_SHA@DF_SHA(1.1),Health expenditure and financing,I,GBR,United Kingdom,A,Annual,EXP_HEALTH,Expenditure,PT_B1GQ,Percentage of GDP,_T,Total,_Z,Not application,_T,Total,_T,Total,_T,Total,_Z,Not applicable,_Z,Not applicable,_Z,Not applicable,2015,,9.896,,,,,,,,,,,,0,Units,1,One
DATAFLOW,OECD.ELS.HD:DSD_SHA@DF_SHA(1.1),Health expenditure and financing,I,GBR,United Kingdom,A,Annual,EXP_HEALTH,Expenditure,PT_B1GQ,Percentage of GDP,_T,Total,_Z,Not application,_T,Total,_T,Total,_T,Total,_Z,Not applicable,_Z,Not applicable,_Z,Not applicable,2016,,9.837,,,,,,,,,,,,0,Units,1,One
DATAFLOW,OECD.ELS.HD:DSD_SHA@DF_SHA(1.1),Health expenditure and financing,I,GBR,United Kingdom,A,Annual,EXP_HEALTH,Expenditure,PT_B1GQ,Percentage of GDP,_T,Total,_Z,Not application,_T,Total,_T,Total,_T,Total,_Z,Not applicable,_Z,Not applicable,_Z,Not applicable,2017,,9.677,,,,,,,,,,,,0,Units,1,One
DATAFLOW,OECD.ELS.HD:DSD_SHA@DF_SHA(1.1),Health expenditure and financing,I,GBR,United Kingdom,A,Annual,EXP_HEALTH,Expenditure,PT_B1GQ,Percentage of GDP,_T,Total,_Z,Not application,_T,Total,_T,Total,_T,Total,_Z,Not applicable,_Z,Not applicable,_Z,Not applicable,2018,,9.726,,,,,,,,,,,,0,Units,1,One
DATAFLOW,OECD.ELS.HD:DSD_SHA@DF_SHA(1.1),Health expenditure and financing,I,GBR,United Kingdom,A,Annual,EXP_HEALTH,Expenditure,PT_B1GQ,Percentage of GDP,_T,Total,_Z,Not application,_T,Total,_T,Total,_T,Total,_Z,Not applicable,_Z,Not applicable,_Z,Not applicable,2019,,9.902,,,,,,,,,,,,0,Units,1,One
DATAFLOW,OECD.ELS.HD:DSD_SHA@DF_SHA(1.1),Health expenditure and financing,I,GBR,United Kingdom,A,Annual,EXP_HEALTH,Expenditure,PT_B1GQ,Percentage of GDP,_T,Total,_Z,Not application,_T,Total,_T,Total,_T,Total,_Z,Not applicable,_Z,Not applicable,_Z,Not applicable,2020,,12.044,,,,,,,,,,,,0,Units,1,One
DATAFLOW,OECD.ELS.HD:DSD_SHA@DF_SHA(1.1),Health expenditure and financing,I,GBR,United Kingdom,A,Annual,EXP_HEALTH,Expenditure,PT_B1GQ,Percentage of GDP,_T,Total,_Z,Not application,_T,Total,_T,Total,_T,Total,_Z,Not applicable,_Z,Not applicable,_Z,Not applicable,2021,,11.969,,,,,,,,,,,,0,Units,1,One
DATAFLOW,OECD.ELS.HD:DSD_SHA@DF_SHA(1.1),Health expenditure and financing,I,GBR,United Kingdom,A,Annual,EXP_HEALTH,Expenditure,PT_B1GQ,Percentage of GDP,_T,Total,_Z,Not application,_T,Total,_T,Total,_T,Total,_Z,Not applicable,_Z,Not applicable,_Z,Not applicable,2022,,10.938,,,,,,,,,,,,0,Units,1,One
DATAFLOW,OECD.ELS.HD:DSD_SHA@DF_SHA(1.1),Health expenditure and financing,I,GBR,United Kingdom,A,Annual,EXP_HEALTH,Expenditure,PT_B1GQ,Percentage of GDP,_T,Total,_Z,Not application,_T,Total,_T,Total,_T,Total,_Z,Not applicable,_Z,Not applicable,_Z,Not applicable,2023,,10.792,,,,,,,,,,,,0,Units,1,One
DATAFLOW,OECD.ELS.HD:DSD_SHA@DF_SHA(1.1),Health expenditure and financing,I,GBR,United Kingdom,A,Annual,EXP_HEALTH,Expenditure,PT_B1GQ,Percentage of GDP,_T,Total,_Z,Not application,_T,Total,_T,Total,_T,Total,_Z,Not applicable,_Z,Not applicable,_Z,Not applicable,2024,,11.081,,,,,,,,,,,,0,Units,1,One
DATAFLOW,OECD.ELS.HD:DSD_SHA@DF_SHA(1.1),Health expenditure and financing,I,GBR,United Kingdom,A,Annual,EXP_HEALTH,Expenditure,USD_PPP_PS,"US dollars per person, PPP converted",HF2HF3,Voluntary schemes/household out-of-pocket payments,_Z,Not application,_T,Total,_T,Total,_T,Total,_Z,Not applicable,_Z,Not applicable,V,Current prices,2015,,820.602,,,,,,,,,,,,0,Units,1,One
DATAFLOW,OECD.ELS.HD:DSD_SHA@DF_SHA(1.1),Health expenditure and financing,I,GBR,United Kingdom,A,Annual,EXP_HEALTH,Expenditure,USD_PPP_PS,"US dollars per person, PPP converted",_T,Total,_Z,Not application,_T,Total,_T,Total,_T,Total,_Z,Not applicable,_Z,Not applicable,V,Current prices,2015,,3847.832,,,,,,,,,,,,0,Units,1,One
DATAFLOW,OECD.ELS.HD:DSD_SHA@DF_SHA(1.1),Health expenditure and financing,I,GBR,United Kingdom,A,Annual,EXP_HEALTH,Expenditure,USD_PPP_PS,"US dollars per person, PPP converted",HF1,Government/compulsory schemes,_Z,Not application,_T,Total,_T,Total,_T,Total,_Z,Not applicable,_Z,Not applicable,V,Current prices,2015,,3027.23,,,,,,,,,,,,0,Units,1,One
DATAFLOW,OECD.ELS.HD:DSD_SHA@DF_SHA(1.1),Health expenditure and financing,I,GBR,United Kingdom,A,Annual,EXP_HEALTH,Expenditure,USD_PPP_PS,"US dollars per person, PPP converted",HF1,Government/compulsory schemes,_Z,Not application,_T,Total,_T,Total,_T,Total,_Z,Not applicable,_Z,Not applicable,V,Current prices,2016,,3158.983,,,,,,,,,,,,0,Units,1,One
DATAFLOW,OECD.ELS.HD:DSD_SHA@DF_SHA(1.1),Health expenditure and financing,I,GBR,United Kingdom,A,Annual,EXP_HEALTH,Expenditure,USD_PPP_PS,"US dollars per person, PPP converted",_T,Total,_Z,Not application,_T,Total,_T,Total,_T,Total,_Z,Not applicable,_Z,Not applicable,V,Current prices,2016,,3997.019,,,,,,,,,,,,0,Units,1,One
DATAFLOW,OECD.ELS.HD:DSD_SHA@DF_SHA(1.1),Health expenditure and financing,I,GBR,United Kingdom,A,Annual,EXP_HEALTH,Expenditure,USD_PPP_PS,"US dollars per person, PPP converted",HF2HF3,Voluntary schemes/household out-of-pocket payments,_Z,Not application,_T,Total,_T,Total,_T,Total,_Z,Not applicable,_Z,Not applicable,V,Current prices,2016,,838.035,,,,,,,,,,,,0,Units,1,One
DATAFLOW,OECD.ELS.HD:DSD_SHA@DF_SHA(1.1),Health expenditure and financing,I,GBR,United Kingdom,A,Annual,EXP_HEALTH,Expenditure,USD_PPP_PS,"US dollars per person, PPP converted",HF2HF3,Voluntary schemes/household out-of-pocket payments,_Z,Not application,_T,Total,_T,Total,_T,Total,_Z,Not applicable,_Z,Not applicable,V,Current prices,2017,,885.446,,,,,,,,,,,,0,Units,1,One
DATAFLOW,OECD.ELS.HD:DSD_SHA@DF_SHA(1.1),Health expenditure and financing,I,GBR,United Kingdom,A,Annual,EXP_HEALTH,Expenditure,USD_PPP_PS,"US dollars per person, PPP converted",_T,Total,_Z,Not application,_T,Total,_T,Total,_T,Total,_Z,Not applicable,_Z,Not applicable,V,Current prices,2017,,4101.825,,,,,,,,,,,,0,Units,1,One
DATAFLOW,OECD.ELS.HD:DSD_SHA@DF_SHA(1.1),Health expenditure and financing,I,GBR,United Kingdom,A,Annual,EXP_HEALTH,Expenditure,USD_PPP_PS,"US dollars per person, PPP converted",HF1,Government/compulsory schemes,_Z,Not application,_T,Total,_T,Total,_T,Total,_Z,Not applicable,_Z,Not applicable,V,Current prices,2017,,3216.379,,,,,,,,,,,,0,Units,1,One
DATAFLOW,OECD.ELS.HD:DSD_SHA@DF_SHA(1.1),Health expenditure and financing,I,GBR,United Kingdom,A,Annual,EXP_HEALTH,Expenditure,USD_PPP_PS,"US dollars per person, PPP converted",HF1,Government/compulsory schemes,_Z,Not application,_T,Total,_T,Total,_T,Total,_Z,Not applicable,_Z,Not applicable,V,Current prices,2018,,3312.9,,,,,,,,,,,,0,Units,1,One
DATAFLOW,OECD.ELS.HD:DSD_SHA@DF_SHA(1.1),Health expenditure and financing,I,GBR,United Kingdom,A,Annual,EXP_HEALTH,Expenditure,USD_PPP_PS,"US dollars per person, PPP converted",_T,Total,_Z,Not application,_T,Total,_T,Total,_T,Total,_Z,Not applicable,_Z,Not applicable,V,Current prices,2018,,4223.095,,,,,,,,,,,,0,Units,1,One
DATAFLOW,OECD.ELS.HD:DSD_SHA@DF_SHA(1.1),Health expenditure and financing,I,GBR,United Kingdom,A,Annual,EXP_HEALTH,Expenditure,USD_PPP_PS,"US dollars per person, PPP converted",HF2HF3,Voluntary schemes/household out-of-pocket payments,_Z,Not application,_T,Total,_T,Total,_T,Total,_Z,Not applicable,_Z,Not applicable,V,Current prices,2018,,910.195,,,,,,,,,,,,0,Units,1,One
DATAFLOW,OECD.ELS.HD:DSD_SHA@DF_SHA(1.1),Health expenditure and financing,I,GBR,United Kingdom,A,Annual,EXP_HEALTH,Expenditure,USD_PPP_PS,"US dollars per person, PPP converted",HF2HF3,Voluntary schemes/household out-of-pocket payments,_Z,Not application,_T,Total,_T,Total,_T,Total,_Z,Not applicable,_Z,Not applicable,V,Current prices,2019,,965.491,,,,,,,,,,,,0,Units,1,One
DATAFLOW,OECD.ELS.HD:DSD_SHA@DF_SHA(1.1),Health expenditure and financing,I,GBR,United Kingdom,A,Annual,EXP_HEALTH,Expenditure,USD_PPP_PS,"US dollars per person, PPP converted",_T,Total,_Z,Not application,_T,Total,_T,Total,_T,Total,_Z,Not applicable,_Z,Not applicable,V,Current prices,2019,,4572.812,,,,,,,,,,,,0,Units,1,One
DATAFLOW,OECD.ELS.HD:DSD_SHA@DF_SHA(1.1),Health expenditure and financing,I,GBR,United Kingdom,A,Annual,EXP_HEALTH,Expenditure,USD_PPP_PS,"US dollars per person, PPP converted",HF1,Government/compulsory schemes,_Z,Not application,_T,Total,_T,Total,_T,Total,_Z,Not applicable,_Z,Not applicable,V,Current prices,2019,,3607.32,,,,,,,,,,,,0,Units,1,One
DATAFLOW,OECD.ELS.HD:DSD_SHA@DF_SHA(1.1),Health expenditure and financing,I,GBR,United Kingdom,A,Annual,EXP_HEALTH,Expenditure,USD_PPP_PS,"US dollars per person, PPP converted",HF1,Government/compulsory schemes,_Z,Not application,_T,Total,_T,Total,_T,Total,_Z,Not applicable,_Z,Not applicable,V,Current prices,2020,,4486.974,,,,,,,,,,,,0,Units,1,One
DATAFLOW,OECD.ELS.HD:DSD_SHA@DF_SHA(1.1),Health expenditure and financing,I,GBR,United Kingdom,A,Annual,EXP_HEALTH,Expenditure,USD_PPP_PS,"US dollars per person, PPP converted",_T,Total,_Z,Not application,_T,Total,_T,Total,_T,Total,_Z,Not applicable,_Z,Not applicable,V,Current prices,2020,,5408.519,,,,,,,,,,,,0,Units,1,One
DATAFLOW,OECD.ELS.HD:DSD_SHA@DF_SHA(1.1),Health expenditure and financing,I,GBR,United Kingdom,A,Annual,EXP_HEALTH,Expenditure,USD_PPP_PS,"US dollars per person, PPP converted",HF2HF3,Voluntary schemes/household out-of-pocket payments,_Z,Not application,_T,Total,_T,Total,_T,Total,_Z,Not applicable,_Z,Not applicable,V,Current prices,2020,,921.545,,,,,,,,,,,,0,Units,1,One
DATAFLOW,OECD.ELS.HD:DSD_SHA@DF_SHA(1.1),Health expenditure and financing,I,GBR,United Kingdom,A,Annual,EXP_HEALTH,Expenditure,USD_PPP_PS,"US dollars per person, PPP converted",HF2HF3,Voluntary schemes/household out-of-pocket payments,_Z,Not application,_T,Total,_T,Total,_T,Total,_Z,Not applicable,_Z,Not applicable,V,Current prices,2021,,1012.603,,,,,,,,,,,,0,Units,1,One
DATAFLOW,OECD.ELS.HD:DSD_SHA@DF_SHA(1.1),Health expenditure and financing,I,GBR,United Kingdom,A,Annual,EXP_HEALTH,Expenditure,USD_PPP_PS,"US dollars per person, PPP converted",_T,Total,_Z,Not application,_T,Total,_T,Total,_T,Total,_Z,Not applicable,_Z,Not applicable,V,Current prices,2021,,5823.679,,,,,,,,,,,,0,Units,1,One
DATAFLOW,OECD.ELS.HD:DSD_SHA@DF_SHA(1.1),Health expenditure and financing,I,GBR,United Kingdom,A,Annual,EXP_HEALTH,Expenditure,USD_PPP_PS,"US dollars per person, PPP converted",HF1,Government/compulsory schemes,_Z,Not application,_T,Total,_T,Total,_T,Total,_Z,Not applicable,_Z,Not applicable,V,Current prices,2021,,4811.075,,,,,,,,,,,,0,Units,1,One
DATAFLOW,OECD.ELS.HD:DSD_SHA@DF_SHA(1.1),Health expenditure and financing,I,GBR,United Kingdom,A,Annual,EXP_HEALTH,Expenditure,USD_PPP_PS,"US dollars per person, PPP converted",HF1,Government/compulsory schemes,_Z,Not application,_T,Total,_T,Total,_T,Total,_Z,Not applicable,_Z,Not applicable,V,Current prices,2022,,5073.07,,,,,,,,,,,,0,Units,1,One
DATAFLOW,OECD.ELS.HD:DSD_SHA@DF_SHA(1.1),Health expenditure and financing,I,GBR,United Kingdom,A,Annual,EXP_HEALTH,Expenditure,USD_PPP_PS,"US dollars per person, PPP converted",_T,Total,_Z,Not application,_T,Total,_T,Total,_T,Total,_Z,Not applicable,_Z,Not applicable,V,Current prices,2022,,6274.233,,,,,,,,,,,,0,Units,1,One
DATAFLOW,OECD.ELS.HD:DSD_SHA@DF_SHA(1.1),Health expenditure and financing,I,GBR,United Kingdom,A,Annual,EXP_HEALTH,Expenditure,USD_PPP_PS,"US dollars per person, PPP converted",HF2HF3,Voluntary schemes/household out-of-pocket payments,_Z,Not application,_T,Total,_T,Total,_T,Total,_Z,Not applicable,_Z,Not applicable,V,Current prices,2022,,1201.162,,,,,,,,,,,,0,Units,1,One
DATAFLOW,OECD.ELS.HD:DSD_SHA@DF_SHA(1.1),Health expenditure and financing,I,GBR,United Kingdom,A,Annual,EXP_HEALTH,Expenditure,USD_PPP_PS,"US dollars per person, PPP converted",HF2HF3,Voluntary schemes/household out-of-pocket payments,_Z,Not application,_T,Total,_T,Total,_T,Total,_Z,Not applicable,_Z,Not applicable,V,Current prices,2023,,1268.191,,,,,,,,,,,,0,Units,1,One
DATAFLOW,OECD.ELS.HD:DSD_SHA@DF_SHA(1.1),Health expenditure and financing,I,GBR,United Kingdom,A,Annual,EXP_HEALTH,Expenditure,USD_PPP_PS,"US dollars per person, PPP converted",_T,Total,_Z,Not application,_T,Total,_T,Total,_T,Total,_Z,Not applicable,_Z,Not applicable,V,Current prices,2023,,6664.45,,,,,,,,,,,,0,Units,1,One
DATAFLOW,OECD.ELS.HD:DSD_SHA@DF_SHA(1.1),Health expenditure and financing,I,GBR,United Kingdom,A,Annual,EXP_HEALTH,Expenditure,USD_PPP_PS,"US dollars per person, PPP converted",HF1,Government/compulsory schemes,_Z,Not application,_T,Total,_T,Total,_T,Total,_Z,Not applicable,_Z,Not applicable,V,Current prices,2023,,5396.259,,,,,,,,,,,,0,Units,1,One
DATAFLOW,OECD.ELS.HD:DSD_SHA@DF_SHA(1.1),Health expenditure and financing,I,GBR,United Kingdom,A,Annual,EXP_HEALTH,Expenditure,USD_PPP_PS,"US dollars per person, PPP converted",HF1,Government/compulsory schemes,_Z,Not application,_T,Total,_T,Total,_T,Total,_Z,Not applicable,_Z,Not applicable,V,Current prices,2024,,5676.483,,,,,,,,,,,,0,Units,1,One
DATAFLOW,OECD.ELS.HD:DSD_SHA@DF_SHA(1.1),Health expenditure and financing,I,GBR,United Kingdom,A,Annual,EXP_HEALTH,Expenditure,USD_PPP_PS,"US dollars per person, PPP converted",_T,Total,_Z,Not application,_T,Total,_T,Total,_T,Total,_Z,Not applicable,_Z,Not applicable,V,Current prices,2024,,7008.285,,,,,,,,,,,,0,Units,1,One
DATAFLOW,OECD.ELS.HD:DSD_SHA@DF_SHA(1.1),Health expenditure and financing,I,GBR,United Kingdom,A,Annual,EXP_HEALTH,Expenditure,USD_PPP_PS,"US dollars per person, PPP converted",HF2HF3,Voluntary schemes/household out-of-pocket payments,_Z,Not application,_T,Total,_T,Total,_T,Total,_Z,Not applicable,_Z,Not applicable,V,Current prices,2024,,1331.802,,,,,,,,,,,,0,Units,1,One
DATAFLOW,OECD.ELS.HD:DSD_SHA@DF_SHA(1.1),Health expenditure and financing,I,USA,United States,A,Annual,EXP_HEALTH,Expenditure,USD_PPP_PS,"US dollars per person, PPP converted",HF2HF3,Voluntary schemes/household out-of-pocket payments,_Z,Not application,_T,Total,_T,Total,_T,Total,_Z,Not applicable,_Z,Not applicable,Q,Constant prices,2015,,1739.96,,2020,,,,,,,,,,0,Units,1,One
DATAFLOW,OECD.ELS.HD:DSD_SHA@DF_SHA(1.1),Health expenditure and financing,I,USA,United States,A,Annual,EXP_HEALTH,Expenditure,USD_PPP_PS,"US dollars per person, PPP converted",_T,Total,_Z,Not application,_T,Total,_T,Total,_T,Total,_Z,Not applicable,_Z,Not applicable,Q,Constant prices,2015,,10098.662,,2020,,,,,,,,,,0,Units,1,One
DATAFLOW,OECD.ELS.HD:DSD_SHA@DF_SHA(1.1),Health expenditure and financing,I,USA,United States,A,Annual,EXP_HEALTH,Expenditure,USD_PPP_PS,"US dollars per person, PPP converted",HF1,Government/compulsory schemes,_Z,Not application,_T,Total,_T,Total,_T,Total,_Z,Not applicable,_Z,Not applicable,Q,Constant prices,2015,,8358.702,,2020,,,,,,,,,,0,Units,1,One
DATAFLOW,OECD.ELS.HD:DSD_SHA@DF_SHA(1.1),Health expenditure and financing,I,USA,United States,A,Annual,EXP_HEALTH,Expenditure,USD_PPP_PS,"US dollars per person, PPP converted",HF1,Government/compulsory schemes,_Z,Not application,_T,Total,_T,Total,_T,Total,_Z,Not applicable,_Z,Not applicable,Q,Constant prices,2016,,8598.844,,2020,,,,,,,,,,0,Units,1,One
DATAFLOW,OECD.ELS.HD:DSD_SHA@DF_SHA(1.1),Health expenditure and financing,I,USA,United States,A,Annual,EXP_HEALTH,Expenditure,USD_PPP_PS,"US dollars per person, PPP converted",_T,Total,_Z,Not application,_T,Total,_T,Total,_T,Total,_Z,Not applicable,_Z,Not applicable,Q,Constant prices,2016,,10398.996,,2020,,,,,,,,,,0,Units,1,One
DATAFLOW,OECD.ELS.HD:DSD_SHA@DF_SHA(1.1),Health expenditure and financing,I,USA,United States,A,Annual,EXP_HEALTH,Expenditure,USD_PPP_PS,"US dollars per person, PPP converted",HF2HF3,Voluntary schemes/household out-of-pocket payments,_Z,Not application,_T,Total,_T,Total,_T,Total,_Z,Not applicable,_Z,Not applicable,Q,Constant prices,2016,,1800.151,,2020,,,,,,,,,,0,Units,1,One
DATAFLOW,OECD.ELS.HD:DSD_SHA@DF_SHA(1.1),Health expenditure and financing,I,USA,United States,A,Annual,EXP_HEALTH,Expenditure,PT_B1GQ,Percentage of GDP,HF2HF3,Voluntary schemes/household out-of-pocket payments,_Z,Not application,_T,Total,_T,Total,_T,Total,_Z,Not applicable,_Z,Not applicable,_Z,Not applicable,2015,,2.837,,,,,,,,,,,,0,Units,1,One
DATAFLOW,OECD.ELS.HD:DSD_SHA@DF_SHA(1.1),Health expenditure and financing,I,USA,United States,A,Annual,EXP_HEALTH,Expenditure,PT_B1GQ,Percentage of GDP,HF1,Government/compulsory schemes,_Z,Not application,_T,Total,_T,Total,_T,Total,_Z,Not applicable,_Z,Not applicable,_Z,Not applicable,2015,,13.628,,,,,,,,,,,,0,Units,1,One
DATAFLOW,OECD.ELS.HD:DSD_SHA@DF_SHA(1.1),Health expenditure and financing,I,USA,United States,A,Annual,EXP_HEALTH,Expenditure,PT_B1GQ,Percentage of GDP,_T,Total,_Z,Not application,_T,Total,_T,Total,_T,Total,_Z,Not applicable,_Z,Not applicable,_Z,Not applicable,2015,,16.465,,,,,,,,,,,,0,Units,1,One
DATAFLOW,OECD.ELS.HD:DSD_SHA@DF_SHA(1.1),Health expenditure and financing,I,USA,United States,A,Annual,EXP_HEALTH,Expenditure,PT_B1GQ,Percentage of GDP,_T,Total,_Z,Not application,_T,Total,_T,Total,_T,Total,_Z,Not applicable,_Z,Not applicable,_Z,Not applicable,2016,,16.778,,,,,,,,,,,,0,Units,1,One
DATAFLOW,OECD.ELS.HD:DSD_SHA@DF_SHA(1.1),Health expenditure and financing,I,USA,United States,A,Annual,EXP_HEALTH,Expenditure,USD_PPP_PS,"US dollars per person, PPP converted",_T,Total,_Z,Not application,_T,Total,_T,Total,_T,Total,_Z,Not applicable,_Z,Not applicable,V,Current prices,2015,,9360.445,,,,,,,,,,,,0,Units,1,One
DATAFLOW,OECD.ELS.HD:DSD_SHA@DF_SHA(1.1),Health expenditure and financing,I,USA,United States,A,Annual,EXP_HEALTH,Expenditure,USD_PPP_PS,"US dollars per person, PPP converted",HF1,Government/compulsory schemes,_Z,Not application,_T,Total,_T,Total,_T,Total,_Z,Not applicable,_Z,Not applicable,V,Current prices,2015,,7747.677,,,,,,,,,,,,0,Units,1,One
DATAFLOW,OECD.ELS.HD:DSD_SHA@DF_SHA(1.1),Health expenditure and financing,I,USA,United States,A,Annual,EXP_HEALTH,Expenditure,USD_PPP_PS,"US dollars per person, PPP converted",HF2HF3,Voluntary schemes/household out-of-pocket payments,_Z,Not application,_T,Total,_T,Total,_T,Total,_Z,Not applicable,_Z,Not applicable,V,Current prices,2015,,1612.768,,,,,,,,,,,,0,Units,1,One
DATAFLOW,OECD.ELS.HD:DSD_SHA@DF_SHA(1.1),Health expenditure and financing,I,USA,United States,A,Annual,EXP_HEALTH,Expenditure,USD_PPP_PS,"US dollars per person, PPP converted",HF2HF3,Voluntary schemes/household out-of-pocket payments,_Z,Not application,_T,Total,_T,Total,_T,Total,_Z,Not applicable,_Z,Not applicable,V,Current prices,2016,,1683.861,,,,,,,,,,,,0,Units,1,One
DATAFLOW,OECD.ELS.HD:DSD_SHA@DF_SHA(1.1),Health expenditure and financing,I,USA,United States,A,Annual,EXP_HEALTH,Expenditure,USD_PPP_PS,"US dollars per person, PPP converted",HF1,Government/compulsory schemes,_Z,Not application,_T,Total,_T,Total,_T,Total,_Z,Not applicable,_Z,Not applicable,V,Current prices,2016,,8043.355,,,,,,,,,,,,0,Units,1,One
DATAFLOW,OECD.ELS.HD:DSD_SHA@DF_SHA(1.1),Health expenditure and financing,I,USA,United States,A,Annual,EXP_HEALTH,Expenditure,USD_PPP_PS,"US dollars per person, PPP converted",_T,Total,_Z,Not application,_T,Total,_T,Total,_T,Total,_Z,Not applicable,_Z,Not applicable,V,Current prices,2016,,9727.216,,,,,,,,,,,,0,Units,1,One
DATAFLOW,OECD.ELS.HD:DSD_SHA@DF_SHA(1.1),Health expenditure and financing,I,NLD,Netherlands,A,Annual,EXP_HEALTH,Expenditure,USD_PPP_PS,"US dollars per person, PPP converted",HF2HF3,Voluntary schemes/household out-of-pocket payments,_Z,Not application,_T,Total,_T,Total,_T,Total,_Z,Not applicable,_Z,Not applicable,Q,Constant prices,2020,,979.589,,2020,,,,,,,,,,0,Units,1,One
DATAFLOW,OECD.ELS.HD:DSD_SHA@DF_SHA(1.1),Health expenditure and financing,I,NLD,Netherlands,A,Annual,EXP_HEALTH,Expenditure,USD_PPP_PS,"US dollars per person, PPP converted",HF1,Government/compulsory schemes,_Z,Not application,_T,Total,_T,Total,_T,Total,_Z,Not applicable,_Z,Not applicable,Q,Constant prices,2020,,5536.426,,2020,,,,,,,,,,0,Units,1,One
DATAFLOW,OECD.ELS.HD:DSD_SHA@DF_SHA(1.1),Health expenditure and financing,I,NLD,Netherlands,A,Annual,EXP_HEALTH,Expenditure,USD_PPP_PS,"US dollars per person, PPP converted",_T,Total,_Z,Not application,_T,Total,_T,Total,_T,Total,_Z,Not applicable,_Z,Not applicable,Q,Constant prices,2020,,6515.942,,2020,,,,,,,,,,0,Units,1,One
DATAFLOW,OECD.ELS.HD:DSD_SHA@DF_SHA(1.1),Health expenditure and financing,I,NLD,Netherlands,A,Annual,EXP_HEALTH,Expenditure,USD_PPP_PS,"US dollars per person, PPP converted",_T,Total,_Z,Not application,_T,Total,_T,Total,_T,Total,_Z,Not applicable,_Z,Not applicable,Q,Constant prices,2017,,5940.74,,2020,,,,,,,,,,0,Units,1,One
DATAFLOW,OECD.ELS.HD:DSD_SHA@DF_SHA(1.1),Health expenditure and financing,I,NLD,Netherlands,A,Annual,EXP_HEALTH,Expenditure,USD_PPP_PS,"US dollars per person, PPP converted",HF1,Government/compulsory schemes,_Z,Not application,_T,Total,_T,Total,_T,Total,_Z,Not applicable,_Z,Not applicable,Q,Constant prices,2017,,4852.897,,2020,,,,,,,,,,0,Units,1,One
DATAFLOW,OECD.ELS.HD:DSD_SHA@DF_SHA(1.1),Health expenditure and financing,I,NLD,Netherlands,A,Annual,EXP_HEALTH,Expenditure,USD_PPP_PS,"US dollars per person, PPP converted",HF2HF3,Voluntary schemes/household out-of-pocket payments,_Z,Not application,_T,Total,_T,Total,_T,Total,_Z,Not applicable,_Z,Not applicable,Q,Constant prices,2017,,1087.843,,2020,,,,,,,,,,0,Units,1,One
DATAFLOW,OECD.ELS.HD:DSD_SHA@DF_SHA(1.1),Health expenditure and financing,I,NLD,Netherlands,A,Annual,EXP_HEALTH,Expenditure,USD_PPP_PS,"US dollars per person, PPP converted",HF2HF3,Voluntary schemes/household out-of-pocket payments,_Z,Not application,_T,Total,_T,Total,_T,Total,_Z,Not applicable,_Z,Not applicable,Q,Constant prices,2018,,1074.106,,2020,,,,,,,,,,0,Units,1,One
DATAFLOW,OECD.ELS.HD:DSD_SHA@DF_SHA(1.1),Health expenditure and financing,I,NLD,Netherlands,A,Annual,EXP_HEALTH,Expenditure,USD_PPP_PS,"US dollars per person, PPP converted",HF1,Government/compulsory schemes,_Z,Not application,_T,Total,_T,Total,_T,Total,_Z,Not applicable,_Z,Not applicable,Q,Constant prices,2018,,4928.21,,2020,,,,,,,,,,0,Units,1,One
DATAFLOW,OECD.ELS.HD:DSD_SHA@DF_SHA(1.1),Health expenditure and financing,I,NLD,Netherlands,A,Annual,EXP_HEALTH,Expenditure,USD_PPP_PS,"US dollars per person, PPP converted",_T,Total,_Z,Not application,_T,Total,_T,Total,_T,Total,_Z,Not applicable,_Z,Not applicable,Q,Constant prices,2018,,6002.316,,2020,,,,,,,,,,0,Units,1,One
DATAFLOW,OECD.ELS.HD:DSD_SHA@DF_SHA(1.1),Health expenditure and financing,I,NLD,Netherlands,A,Annual,EXP_HEALTH,Expenditure,USD_PPP_PS,"US dollars per person, PPP converted",_T,Total,_Z,Not application,_T,Total,_T,Total,_T,Total,_Z,Not applicable,_Z,Not applicable,Q,Constant prices,2019,,6176.61,,2020,,,,,,,,,,0,Units,1,One
DATAFLOW,OECD.ELS.HD:DSD_SHA@DF_SHA(1.1),Health expenditure and financing,I,NLD,Netherlands,A,Annual,EXP_HEALTH,Expenditure,USD_PPP_PS,"US dollars per person, PPP converted",HF1,Government/compulsory schemes,_Z,Not application,_T,Total,_T,Total,_T,Total,_Z,Not applicable,_Z,Not applicable,Q,Constant prices,2019,,5114.3,,2020,,,,,,,,,,0,Units,1,One
DATAFLOW,OECD.ELS.HD:DSD_SHA@DF_SHA(1.1),Health expenditure and financing,I,NLD,Netherlands,A,Annual,EXP_HEALTH,Expenditure,USD_PPP_PS,"US dollars per person, PPP converted",HF2HF3,Voluntary schemes/household out-of-pocket payments,_Z,Not application,_T,Total,_T,Total,_T,Total,_Z,Not applicable,_Z,Not applicable,Q,Constant prices,2019,,1062.311,,2020,,,,,,,,,,0,Units,1,One
DATAFLOW,OECD.ELS.HD:DSD_SHA@DF_SHA(1.1),Health expenditure and financing,I,NLD,Netherlands,A,Annual,EXP_HEALTH,Expenditure,USD_PPP_PS,"US dollars per person, PPP converted",HF2HF3,Voluntary schemes/household out-of-pocket payments,_Z,Not application,_T,Total,_T,Total,_T,Total,_Z,Not applicable,_Z,Not applicable,Q,Constant prices,2016,,1119.537,,2020,,,,,,,,,,0,Units,1,One
DATAFLOW,OECD.ELS.HD:DSD_SHA@DF_SHA(1.1),Health expenditure and financing,I,NLD,Netherlands,A,Annual,EXP_HEALTH,Expenditure,USD_PPP_PS,"US dollars per person, PPP converted",HF1,Government/compulsory schemes,_Z,Not application,_T,Total,_T,Total,_T,Total,_Z,Not applicable,_Z,Not applicable,Q,Constant prices,2016,,4831.792,,2020,,,,,,,,,,0,Units,1,One
DATAFLOW,OECD.ELS.HD:DSD_SHA@DF_SHA(1.1),Health expenditure and financing,I,NLD,Netherlands,A,Annual,EXP_HEALTH,Expenditure,USD_PPP_PS,"US dollars per person, PPP converted",_T,Total,_Z,Not application,_T,Total,_T,Total,_T,Total,_Z,Not applicable,_Z,Not applicable,Q,Constant prices,2016,,5951.329,,2020,,,,,,,,,,0,Units,1,One
DATAFLOW,OECD.ELS.HD:DSD_SHA@DF_SHA(1.1),Health expenditure and financing,I,NLD,Netherlands,A,Annual,EXP_HEALTH,Expenditure,USD_PPP_PS,"US dollars per person, PPP converted",HF2HF3,Voluntary schemes/household out-of-pocket payments,_Z,Not application,_T,Total,_T,Total,_T,Total,_Z,Not applicable,_Z,Not applicable,Q,Constant prices,2022,,1101.419,,2020,,,,,,,,,,0,Units,1,One
DATAFLOW,OECD.ELS.HD:DSD_SHA@DF_SHA(1.1),Health expenditure and financing,I,NLD,Netherlands,A,Annual,EXP_HEALTH,Expenditure,USD_PPP_PS,"US dollars per person, PPP converted",HF1,Government/compulsory schemes,_Z,Not application,_T,Total,_T,Total,_T,Total,_Z,Not applicable,_Z,Not applicable,Q,Constant prices,2022,,5347.063,,2020,,,,,,,,,,0,Units,1,One
DATAFLOW,OECD.ELS.HD:DSD_SHA@DF_SHA(1.1),Health expenditure and financing,I,NLD,Netherlands,A,Annual,EXP_HEALTH,Expenditure,USD_PPP_PS,"US dollars per person, PPP converted",_T,Total,_Z,Not application,_T,Total,_T,Total,_T,Total,_Z,Not applicable,_Z,Not applicable,Q,Constant prices,2022,,6448.482,,2020,,,,,,,,,,0,Units,1,One
DATAFLOW,OECD.ELS.HD:DSD_SHA@DF_SHA(1.1),Health expenditure and financing,I,NLD,Netherlands,A,Annual,EXP_HEALTH,Expenditure,USD_PPP_PS,"US dollars per person, PPP converted",_T,Total,_Z,Not application,_T,Total,_T,Total,_T,Total,_Z,Not applicable,_Z,Not applicable,Q,Constant prices,2023,,6293.97,,2020,,,,,,,,,,0,Units,1,One
DATAFLOW,OECD.ELS.HD:DSD_SHA@DF_SHA(1.1),Health expenditure and financing,I,NLD,Netherlands,A,Annual,EXP_HEALTH,Expenditure,USD_PPP_PS,"US dollars per person, PPP converted",HF1,Government/compulsory schemes,_Z,Not application,_T,Total,_T,Total,_T,Total,_Z,Not applicable,_Z,Not applicable,Q,Constant prices,2023,,5195.303,,2020,,,,,,,,,,0,Units,1,One
DATAFLOW,OECD.ELS.HD:DSD_SHA@DF_SHA(1.1),Health expenditure and financing,I,NLD,Netherlands,A,Annual,EXP_HEALTH,Expenditure,USD_PPP_PS,"US dollars per person, PPP converted",HF2HF3,Voluntary schemes/household out-of-pocket payments,_Z,Not application,_T,Total,_T,Total,_T,Total,_Z,Not applicable,_Z,Not applicable,Q,Constant prices,2023,,1098.726,,2020,,,,,,,,,,0,Units,1,One
DATAFLOW,OECD.ELS.HD:DSD_SHA@DF_SHA(1.1),Health expenditure and financing,I,NLD,Netherlands,A,Annual,EXP_HEALTH,Expenditure,USD_PPP_PS,"US dollars per person, PPP converted",HF2HF3,Voluntary schemes/household out-of-pocket payments,_Z,Not application,_T,Total,_T,Total,_T,Total,_Z,Not applicable,_Z,Not applicable,Q,Constant prices,2024,,1101.621,,2020,,,,,,,,,,0,Units,1,One
DATAFLOW,OECD.ELS.HD:DSD_SHA@DF_SHA(1.1),Health expenditure and financing,I,NLD,Netherlands,A,Annual,EXP_HEALTH,Expenditure,USD_PPP_PS,"US dollars per person, PPP converted",HF1,Government/compulsory schemes,_Z,Not application,_T,Total,_T,Total,_T,Total,_Z,Not applicable,_Z,Not applicable,Q,Constant prices,2024,,5392.589,,2020,,,,,,,,,,0,Units,1,One
DATAFLOW,OECD.ELS.HD:DSD_SHA@DF_SHA(1.1),Health expenditure and financing,I,NLD,Netherlands,A,Annual,EXP_HEALTH,Expenditure,USD_PPP_PS,"US dollars per person, PPP converted",_T,Total,_Z,Not application,_T,Total,_T,Total,_T,Total,_Z,Not applicable,_Z,Not applicable,Q,Constant prices,2024,,6494.21,,2020,,,,,,,,,,0,Units,1,One
DATAFLOW,OECD.ELS.HD:DSD_SHA@DF_SHA(1.1),Health expenditure and financing,I,NLD,Netherlands,A,Annual,EXP_HEALTH,Expenditure,USD_PPP_PS,"US dollars per person, PPP converted",_T,Total,_Z,Not application,_T,Total,_T,Total,_T,Total,_Z,Not applicable,_Z,Not applicable,Q,Constant prices,2015,,5882.047,,2020,,,,,,,,,,0,Units,1,One
DATAFLOW,OECD.ELS.HD:DSD_SHA@DF_SHA(1.1),Health expenditure and financing,I,NLD,Netherlands,A,Annual,EXP_HEALTH,Expenditure,USD_PPP_PS,"US dollars per person, PPP converted",HF1,Government/compulsory schemes,_Z,Not application,_T,Total,_T,Total,_T,Total,_Z,Not applicable,_Z,Not applicable,Q,Constant prices,2015,,4786.822,,2020,,,,,,,,,,0,Units,1,One
DATAFLOW,OECD.ELS.HD:DSD_SHA@DF_SHA(1.1),Health expenditure and financing,I,NLD,Netherlands,A,Annual,EXP_HEALTH,Expenditure,USD_PPP_PS,"US dollars per person, PPP converted",HF2HF3,Voluntary schemes/household out-of-pocket payments,_Z,Not application,_T,Total,_T,Total,_T,Total,_Z,Not applicable,_Z,Not applicable,Q,Constant prices,2015,,1095.143,,2020,,,,,,,,,,0,Units,1,One
DATAFLOW,OECD.ELS.HD:DSD_SHA@DF_SHA(1.1),Health expenditure and financing,I,NLD,Netherlands,A,Annual,EXP_HEALTH,Expenditure,USD_PPP_PS,"US dollars per person, PPP converted",HF1,Government/compulsory schemes,_Z,Not application,_T,Total,_T,Total,_T,Total,_Z,Not applicable,_Z,Not applicable,Q,Constant prices,2025,,5554.04,,2020,,,,,,,,,,0,Units,1,One
DATAFLOW,OECD.ELS.HD:DSD_SHA@DF_SHA(1.1),Health expenditure and financing,I,NLD,Netherlands,A,Annual,EXP_HEALTH,Expenditure,USD_PPP_PS,"US dollars per person, PPP converted",HF2HF3,Voluntary schemes/household out-of-pocket payments,_Z,Not application,_T,Total,_T,Total,_T,Total,_Z,Not applicable,_Z,Not applicable,Q,Constant prices,2025,,1129.056,,2020,,,,,,,,,,0,Units,1,One
DATAFLOW,OECD.ELS.HD:DSD_SHA@DF_SHA(1.1),Health expenditure and financing,I,NLD,Netherlands,A,Annual,EXP_HEALTH,Expenditure,PT_B1GQ,Percentage of GDP,HF2HF3,Voluntary schemes/household out-of-pocket payments,_Z,Not application,_T,Total,_T,Total,_T,Total,_Z,Not applicable,_Z,Not applicable,_Z,Not applicable,2025,,1.722,,,,,,,,,,,,0,Units,1,One
DATAFLOW,OECD.ELS.HD:DSD_SHA@DF_SHA(1.1),Health expenditure and financing,I,NLD,Netherlands,A,Annual,EXP_HEALTH,Expenditure,PT_B1GQ,Percentage of GDP,HF1,Government/compulsory schemes,_Z,Not application,_T,Total,_T,Total,_T,Total,_Z,Not applicable,_Z,Not applicable,_Z,Not applicable,2025,,8.469,,,,,,,,,,,,0,Units,1,One
DATAFLOW,OECD.ELS.HD:DSD_SHA@DF_SHA(1.1),Health expenditure and financing,I,NLD,Netherlands,A,Annual,EXP_HEALTH,Expenditure,PT_B1GQ,Percentage of GDP,_T,Total,_Z,Not application,_T,Total,_T,Total,_T,Total,_Z,Not applicable,_Z,Not applicable,_Z,Not applicable,2015,,10.189,,,,,,,,,,,,0,Units,1,One
DATAFLOW,OECD.ELS.HD:DSD_SHA@DF_SHA(1.1),Health expenditure and financing,I,NLD,Netherlands,A,Annual,EXP_HEALTH,Expenditure,PT_B1GQ,Percentage of GDP,HF2HF3,Voluntary schemes/household out-of-pocket payments,_Z,Not application,_T,Total,_T,Total,_T,Total,_Z,Not applicable,_Z,Not applicable,_Z,Not applicable,2015,,1.897,,,,,,,,,,,,0,Units,1,One
DATAFLOW,OECD.ELS.HD:DSD_SHA@DF_SHA(1.1),Health expenditure and financing,I,NLD,Netherlands,A,Annual,EXP_HEALTH,Expenditure,PT_B1GQ,Percentage of GDP,HF1,Government/compulsory schemes,_Z,Not application,_T,Total,_T,Total,_T,Total,_Z,Not applicable,_Z,Not applicable,_Z,Not applicable,2015,,8.291,,,,,,,,,,,,0,Units,1,One
DATAFLOW,OECD.ELS.HD:DSD_SHA@DF_SHA(1.1),Health expenditure and financing,I,NLD,Netherlands,A,Annual,EXP_HEALTH,Expenditure,PT_B1GQ,Percentage of GDP,HF1,Government/compulsory schemes,_Z,Not application,_T,Total,_T,Total,_T,Total,_Z,Not applicable,_Z,Not applicable,_Z,Not applicable,2024,,8.387,,,,,,,,,,,,0,Units,1,One
DATAFLOW,OECD.ELS.HD:DSD_SHA@DF_SHA(1.1),Health expenditure and financing,I,NLD,Netherlands,A,Annual,EXP_HEALTH,Expenditure,PT_B1GQ,Percentage of GDP,HF2HF3,Voluntary schemes/household out-of-pocket payments,_Z,Not application,_T,Total,_T,Total,_T,Total,_Z,Not applicable,_Z,Not applicable,_Z,Not applicable,2024,,1.713,,,,,,,,,,,,0,Units,1,One
DATAFLOW,OECD.ELS.HD:DSD_SHA@DF_SHA(1.1),Health expenditure and financing,I,NLD,Netherlands,A,Annual,EXP_HEALTH,Expenditure,PT_B1GQ,Percentage of GDP,_T,Total,_Z,Not application,_T,Total,_T,Total,_T,Total,_Z,Not applicable,_Z,Not applicable,_Z,Not applicable,2024,,10.1,,,,,,,,,,,,0,Units,1,One
DATAFLOW,OECD.ELS.HD:DSD_SHA@DF_SHA(1.1),Health expenditure and financing,I,NLD,Netherlands,A,Annual,EXP_HEALTH,Expenditure,PT_B1GQ,Percentage of GDP,_T,Total,_Z,Not application,_T,Total,_T,Total,_T,Total,_Z,Not applicable,_Z,Not applicable,_Z,Not applicable,2023,,10.037,,,,,,,,,,,,0,Units,1,One
DATAFLOW,OECD.ELS.HD:DSD_SHA@DF_SHA(1.1),Health expenditure and financing,I,NLD,Netherlands,A,Annual,EXP_HEALTH,Expenditure,PT_B1GQ,Percentage of GDP,HF2HF3,Voluntary schemes/household out-of-pocket payments,_Z,Not application,_T,Total,_T,Total,_T,Total,_Z,Not applicable,_Z,Not applicable,_Z,Not applicable,2023,,1.752,,,,,,,,,,,,0,Units,1,One
DATAFLOW,OECD.ELS.HD:DSD_SHA@DF_SHA(1.1),Health expenditure and financing,I,NLD,Netherlands,A,Annual,EXP_HEALTH,Expenditure,PT_B1GQ,Percentage of GDP,HF1,Government/compulsory schemes,_Z,Not application,_T,Total,_T,Total,_T,Total,_Z,Not applicable,_Z,Not applicable,_Z,Not applicable,2023,,8.285,,,,,,,,,,,,0,Units,1,One
DATAFLOW,OECD.ELS.HD:DSD_SHA@DF_SHA(1.1),Health expenditure and financing,I,NLD,Netherlands,A,Annual,EXP_HEALTH,Expenditure,PT_B1GQ,Percentage of GDP,HF1,Government/compulsory schemes,_Z,Not application,_T,Total,_T,Total,_T,Total,_Z,Not applicable,_Z,Not applicable,_Z,Not applicable,2022,,8.355,,,,,,,,,,,,0,Units,1,One
DATAFLOW,OECD.ELS.HD:DSD_SHA@DF_SHA(1.1),Health expenditure and financing,I,NLD,Netherlands,A,Annual,EXP_HEALTH,Expenditure,PT_B1GQ,Percentage of GDP,HF2HF3,Voluntary schemes/household out-of-pocket payments,_Z,Not application,_T,Total,_T,Total,_T,Total,_Z,Not applicable,_Z,Not applicable,_Z,Not applicable,2022,,1.721,,,,,,,,,,,,0,Units,1,One
DATAFLOW,OECD.ELS.HD:DSD_SHA@DF_SHA(1.1),Health expenditure and financing,I,NLD,Netherlands,A,Annual,EXP_HEALTH,Expenditure,PT_B1GQ,Percentage of GDP,_T,Total,_Z,Not application,_T,Total,_T,Total,_T,Total,_Z,Not applicable,_Z,Not applicable,_Z,Not applicable,2022,,10.076,,,,,,,,,,,,0,Units,1,One
DATAFLOW,OECD.ELS.HD:DSD_SHA@DF_SHA(1.1),Health expenditure and financing,I,NLD,Netherlands,A,Annual,EXP_HEALTH,Expenditure,PT_B1GQ,Percentage of GDP,HF1,Government/compulsory schemes,_Z,Not application,_T,Total,_T,Total,_T,Total,_Z,Not applicable,_Z,Not applicable,_Z,Not applicable,2016,,8.22,,,,,,,,,,,,0,Units,1,One
DATAFLOW,OECD.ELS.HD:DSD_SHA@DF_SHA(1.1),Health expenditure and financing,I,NLD,Netherlands,A,Annual,EXP_HEALTH,Expenditure,PT_B1GQ,Percentage of GDP,HF2HF3,Voluntary schemes/household out-of-pocket payments,_Z,Not application,_T,Total,_T,Total,_T,Total,_Z,Not applicable,_Z,Not applicable,_Z,Not applicable,2016,,1.905,,,,,,,,,,,,0,Units,1,One
DATAFLOW,OECD.ELS.HD:DSD_SHA@DF_SHA(1.1),Health expenditure and financing,I,NLD,Netherlands,A,Annual,EXP_HEALTH,Expenditure,PT_B1GQ,Percentage of GDP,_T,Total,_Z,Not application,_T,Total,_T,Total,_T,Total,_Z,Not applicable,_Z,Not applicable,_Z,Not applicable,2016,,10.125,,,,,,,,,,,,0,Units,1,One
DATAFLOW,OECD.ELS.HD:DSD_SHA@DF_SHA(1.1),Health expenditure and financing,I,NLD,Netherlands,A,Annual,EXP_HEALTH,Expenditure,PT_B1GQ,Percentage of GDP,_T,Total,_Z,Not application,_T,Total,_T,Total,_T,Total,_Z,Not applicable,_Z,Not applicable,_Z,Not applicable,2019,,9.936,,,,,,,,,,,,0,Units,1,One
DATAFLOW,OECD.ELS.HD:DSD_SHA@DF_SHA(1.1),Health expenditure and financing,I,NLD,Netherlands,A,Annual,EXP_HEALTH,Expenditure,PT_B1GQ,Percentage of GDP,HF2HF3,Voluntary schemes/household out-of-pocket payments,_Z,Not application,_T,Total,_T,Total,_T,Total,_Z,Not applicable,_Z,Not applicable,_Z,Not applicable,2019,,1.709,,,,,,,,,,,,0,Units,1,One
DATAFLOW,OECD.ELS.HD:DSD_SHA@DF_SHA(1.1),Health expenditure and financing,I,NLD,Netherlands,A,Annual,EXP_HEALTH,Expenditure,PT_B1GQ,Percentage of GDP,HF1,Government/compulsory schemes,_Z,Not application,_T,Total,_T,Total,_T,Total,_Z,Not applicable,_Z,Not applicable,_Z,Not applicable,2019,,8.227,,,,,,,,,,,,0,Units,1,One
DATAFLOW,OECD.ELS.HD:DSD_SHA@DF_SHA(1.1),Health expenditure and financing,I,NLD,Netherlands,A,Annual,EXP_HEALTH,Expenditure,PT_B1GQ,Percentage of GDP,HF1,Government/compulsory schemes,_Z,Not application,_T,Total,_T,Total,_T,Total,_Z,Not applicable,_Z,Not applicable,_Z,Not applicable,2018,,8.088,,,,,,,,,,,,0,Units,1,One
DATAFLOW,OECD.ELS.HD:DSD_SHA@DF_SHA(1.1),Health expenditure and financing,I,NLD,Netherlands,A,Annual,EXP_HEALTH,Expenditure,PT_B1GQ,Percentage of GDP,HF2HF3,Voluntary schemes/household out-of-pocket payments,_Z,Not application,_T,Total,_T,Total,_T,Total,_Z,Not applicable,_Z,Not applicable,_Z,Not applicable,2018,,1.763,,,,,,,,,,,,0,Units,1,One
DATAFLOW,OECD.ELS.HD:DSD_SHA@DF_SHA(1.1),Health expenditure and financing,I,NLD,Netherlands,A,Annual,EXP_HEALTH,Expenditure,PT_B1GQ,Percentage of GDP,_T,Total,_Z,Not application,_T,Total,_T,Total,_T,Total,_Z,Not applicable,_Z,Not applicable,_Z,Not applicable,2018,,9.851,,,,,,,,,,,,0,Units,1,One
DATAFLOW,OECD.ELS.HD:DSD_SHA@DF_SHA(1.1),Health expenditure and financing,I,NLD,Netherlands,A,Annual,EXP_HEALTH,Expenditure,PT_B1GQ,Percentage of GDP,_T,Total,_Z,Not application,_T,Total,_T,Total,_T,Total,_Z,Not applicable,_Z,Not applicable,_Z,Not applicable,2017,,9.937,,,,,,,,,,,,0,Units,1,One
DATAFLOW,OECD.ELS.HD:DSD_SHA@DF_SHA(1.1),Health expenditure and financing,I,NLD,Netherlands,A,Annual,EXP_HEALTH,Expenditure,PT_B1GQ,Percentage of GDP,HF2HF3,Voluntary schemes/household out-of-pocket payments,_Z,Not application,_T,Total,_T,Total,_T,Total,_Z,Not applicable,_Z,Not applicable,_Z,Not applicable,2017,,1.82,,,,,,,,,,,,0,Units,1,One
DATAFLOW,OECD.ELS.HD:DSD_SHA@DF_SHA(1.1),Health expenditure and financing,I,NLD,Netherlands,A,Annual,EXP_HEALTH,Expenditure,PT_B1GQ,Percentage of GDP,HF1,Government/compulsory schemes,_Z,Not application,_T,Total,_T,Total,_T,Total,_Z,Not applicable,_Z,Not applicable,_Z,Not applicable,2017,,8.117,,,,,,,,,,,,0,Units,1,One
DATAFLOW,OECD.ELS.HD:DSD_SHA@DF_SHA(1.1),Health expenditure and financing,I,NLD,Netherlands,A,Annual,EXP_HEALTH,Expenditure,PT_B1GQ,Percentage of GDP,HF1,Government/compulsory schemes,_Z,Not application,_T,Total,_T,Total,_T,Total,_Z,Not applicable,_Z,Not applicable,_Z,Not applicable,2020,,9.304,,,,,,,,,,,,0,Units,1,One
DATAFLOW,OECD.ELS.HD:DSD_SHA@DF_SHA(1.1),Health expenditure and financing,I,NLD,Netherlands,A,Annual,EXP_HEALTH,Expenditure,PT_B1GQ,Percentage of GDP,HF2HF3,Voluntary schemes/household out-of-pocket payments,_Z,Not application,_T,Total,_T,Total,_T,Total,_Z,Not applicable,_Z,Not applicable,_Z,Not applicable,2020,,1.646,,,,,,,,,,,,0,Units,1,One
DATAFLOW,OECD.ELS.HD:DSD_SHA@DF_SHA(1.1),Health expenditure and financing,I,NLD,Netherlands,A,Annual,EXP_HEALTH,Expenditure,PT_B1GQ,Percentage of GDP,_T,Total,_Z,Not application,_T,Total,_T,Total,_T,Total,_Z,Not applicable,_Z,Not applicable,_Z,Not applicable,2020,,10.95,,,,,,,,,,,,0,Units,1,One
DATAFLOW,OECD.ELS.HD:DSD_SHA@DF_SHA(1.1),Health expenditure and financing,I,NLD,Netherlands,A,Annual,EXP_HEALTH,Expenditure,USD_PPP_PS,"US dollars per person, PPP converted",HF1,Government/compulsory schemes,_Z,Not application,_T,Total,_T,Total,_T,Total,_Z,Not applicable,_Z,Not applicable,V,Current prices,2025,,7450.854,,,,,,,,,,,,0,Units,1,One
DATAFLOW,OECD.ELS.HD:DSD_SHA@DF_SHA(1.1),Health expenditure and financing,I,NLD,Netherlands,A,Annual,EXP_HEALTH,Expenditure,USD_PPP_PS,"US dollars per person, PPP converted",HF2HF3,Voluntary schemes/household out-of-pocket payments,_Z,Not application,_T,Total,_T,Total,_T,Total,_Z,Not applicable,_Z,Not applicable,V,Current prices,2025,,1514.651,,,,,,,,,,,,0,Units,1,One
DATAFLOW,OECD.ELS.HD:DSD_SHA@DF_SHA(1.1),Health expenditure and financing,I,NLD,Netherlands,A,Annual,EXP_HEALTH,Expenditure,USD_PPP_PS,"US dollars per person, PPP converted",HF1,Government/compulsory schemes,_Z,Not application,_T,Total,_T,Total,_T,Total,_Z,Not applicable,_Z,Not applicable,V,Current prices,2015,,4009.687,,,,,,,,,,,,0,Units,1,One
DATAFLOW,OECD.ELS.HD:DSD_SHA@DF_SHA(1.1),Health expenditure and financing,I,NLD,Netherlands,A,Annual,EXP_HEALTH,Expenditure,USD_PPP_PS,"US dollars per person, PPP converted",HF2HF3,Voluntary schemes/household out-of-pocket payments,_Z,Not application,_T,Total,_T,Total,_T,Total,_Z,Not applicable,_Z,Not applicable,V,Current prices,2015,,917.348,,,,,,,,,,,,0,Units,1,One
DATAFLOW,OECD.ELS.HD:DSD_SHA@DF_SHA(1.1),Health expenditure and financing,I,NLD,Netherlands,A,Annual,EXP_HEALTH,Expenditure,USD_PPP_PS,"US dollars per person, PPP converted",_T,Total,_Z,Not application,_T,Total,_T,Total,_T,Total,_Z,Not applicable,_Z,Not applicable,V,Current prices,2015,,4927.104,,,,,,,,,,,,0,Units,1,One
DATAFLOW,OECD.ELS.HD:DSD_SHA@DF_SHA(1.1),Health expenditure and financing,I,NLD,Netherlands,A,Annual,EXP_HEALTH,Expenditure,USD_PPP_PS,"US dollars per person, PPP converted",_T,Total,_Z,Not application,_T,Total,_T,Total,_T,Total,_Z,Not applicable,_Z,Not applicable,V,Current prices,2024,,8695.625,,,,,,,,,,,,0,Units,1,One
DATAFLOW,OECD.ELS.HD:DSD_SHA@DF_SHA(1.1),Health expenditure and financing,I,NLD,Netherlands,A,Annual,EXP_HEALTH,Expenditure,USD_PPP_PS,"US dollars per person, PPP converted",HF2HF3,Voluntary schemes/household out-of-pocket payments,_Z,Not application,_T,Total,_T,Total,_T,Total,_Z,Not applicable,_Z,Not applicable,V,Current prices,2024,,1475.05,,,,,,,,,,,,0,Units,1,One
DATAFLOW,OECD.ELS.HD:DSD_SHA@DF_SHA(1.1),Health expenditure and financing,I,NLD,Netherlands,A,Annual,EXP_HEALTH,Expenditure,USD_PPP_PS,"US dollars per person, PPP converted",HF1,Government/compulsory schemes,_Z,Not application,_T,Total,_T,Total,_T,Total,_Z,Not applicable,_Z,Not applicable,V,Current prices,2024,,7220.575,,,,,,,,,,,,0,Units,1,One
DATAFLOW,OECD.ELS.HD:DSD_SHA@DF_SHA(1.1),Health expenditure and financing,I,NLD,Netherlands,A,Annual,EXP_HEALTH,Expenditure,USD_PPP_PS,"US dollars per person, PPP converted",HF1,Government/compulsory schemes,_Z,Not application,_T,Total,_T,Total,_T,Total,_Z,Not applicable,_Z,Not applicable,V,Current prices,2023,,6728.475,,,,,,,,,,,,0,Units,1,One
DATAFLOW,OECD.ELS.HD:DSD_SHA@DF_SHA(1.1),Health expenditure and financing,I,NLD,Netherlands,A,Annual,EXP_HEALTH,Expenditure,USD_PPP_PS,"US dollars per person, PPP converted",HF2HF3,Voluntary schemes/household out-of-pocket payments,_Z,Not application,_T,Total,_T,Total,_T,Total,_Z,Not applicable,_Z,Not applicable,V,Current prices,2023,,1422.968,,,,,,,,,,,,0,Units,1,One
DATAFLOW,OECD.ELS.HD:DSD_SHA@DF_SHA(1.1),Health expenditure and financing,I,NLD,Netherlands,A,Annual,EXP_HEALTH,Expenditure,USD_PPP_PS,"US dollars per person, PPP converted",_T,Total,_Z,Not application,_T,Total,_T,Total,_T,Total,_Z,Not applicable,_Z,Not applicable,V,Current prices,2023,,8151.366,,,,,,,,,,,,0,Units,1,One
DATAFLOW,OECD.ELS.HD:DSD_SHA@DF_SHA(1.1),Health expenditure and financing,I,NLD,Netherlands,A,Annual,EXP_HEALTH,Expenditure,USD_PPP_PS,"US dollars per person, PPP converted",_T,Total,_Z,Not application,_T,Total,_T,Total,_T,Total,_Z,Not applicable,_Z,Not applicable,V,Current prices,2022,,7726.056,,,,,,,,,,,,0,Units,1,One
DATAFLOW,OECD.ELS.HD:DSD_SHA@DF_SHA(1.1),Health expenditure and financing,I,NLD,Netherlands,A,Annual,EXP_HEALTH,Expenditure,USD_PPP_PS,"US dollars per person, PPP converted",HF2HF3,Voluntary schemes/household out-of-pocket payments,_Z,Not application,_T,Total,_T,Total,_T,Total,_Z,Not applicable,_Z,Not applicable,V,Current prices,2022,,1319.632,,,,,,,,,,,,0,Units,1,One
DATAFLOW,OECD.ELS.HD:DSD_SHA@DF_SHA(1.1),Health expenditure and financing,I,NLD,Netherlands,A,Annual,EXP_HEALTH,Expenditure,USD_PPP_PS,"US dollars per person, PPP converted",HF1,Government/compulsory schemes,_Z,Not application,_T,Total,_T,Total,_T,Total,_Z,Not applicable,_Z,Not applicable,V,Current prices,2022,,6406.424,,,,,,,,,,,,0,Units,1,One
DATAFLOW,OECD.ELS.HD:DSD_SHA@DF_SHA(1.1),Health expenditure and financing,I,NLD,Netherlands,A,Annual,EXP_HEALTH,Expenditure,USD_PPP_PS,"US dollars per person, PPP converted",_T,Total,_Z,Not application,_T,Total,_T,Total,_T,Total,_Z,Not applicable,_Z,Not applicable,V,Current prices,2016,,5095.836,,,,,,,,,,,,0,Units,1,One
DATAFLOW,OECD.ELS.HD:DSD_SHA@DF_SHA(1.1),Health expenditure and financing,I,NLD,Netherlands,A,Annual,EXP_HEALTH,Expenditure,USD_PPP_PS,"US dollars per person, PPP converted",HF2HF3,Voluntary schemes/household out-of-pocket payments,_Z,Not application,_T,Total,_T,Total,_T,Total,_Z,Not applicable,_Z,Not applicable,V,Current prices,2016,,958.605,,,,,,,,,,,,0,Units,1,One
DATAFLOW,OECD.ELS.HD:DSD_SHA@DF_SHA(1.1),Health expenditure and financing,I,NLD,Netherlands,A,Annual,EXP_HEALTH,Expenditure,USD_PPP_PS,"US dollars per person, PPP converted",HF1,Government/compulsory schemes,_Z,Not application,_T,Total,_T,Total,_T,Total,_Z,Not applicable,_Z,Not applicable,V,Current prices,2016,,4137.231,,,,,,,,,,,,0,Units,1,One
DATAFLOW,OECD.ELS.HD:DSD_SHA@DF_SHA(1.1),Health expenditure and financing,I,NLD,Netherlands,A,Annual,EXP_HEALTH,Expenditure,USD_PPP_PS,"US dollars per person, PPP converted",HF1,Government/compulsory schemes,_Z,Not application,_T,Total,_T,Total,_T,Total,_Z,Not applicable,_Z,Not applicable,V,Current prices,2019,,4892.209,,,,,,,,,,,,0,Units,1,One
DATAFLOW,OECD.ELS.HD:DSD_SHA@DF_SHA(1.1),Health expenditure and financing,I,NLD,Netherlands,A,Annual,EXP_HEALTH,Expenditure,USD_PPP_PS,"US dollars per person, PPP converted",HF2HF3,Voluntary schemes/household out-of-pocket payments,_Z,Not application,_T,Total,_T,Total,_T,Total,_Z,Not applicable,_Z,Not applicable,V,Current prices,2019,,1016.179,,,,,,,,,,,,0,Units,1,One
DATAFLOW,OECD.ELS.HD:DSD_SHA@DF_SHA(1.1),Health expenditure and financing,I,NLD,Netherlands,A,Annual,EXP_HEALTH,Expenditure,USD_PPP_PS,"US dollars per person, PPP converted",_T,Total,_Z,Not application,_T,Total,_T,Total,_T,Total,_Z,Not applicable,_Z,Not applicable,V,Current prices,2019,,5908.388,,,,,,,,,,,,0,Units,1,One
DATAFLOW,OECD.ELS.HD:DSD_SHA@DF_SHA(1.1),Health expenditure and financing,I,NLD,Netherlands,A,Annual,EXP_HEALTH,Expenditure,USD_PPP_PS,"US dollars per person, PPP converted",_T,Total,_Z,Not application,_T,Total,_T,Total,_T,Total,_Z,Not applicable,_Z,Not applicable,V,Current prices,2018,,5482.27,,,,,,,,,,,,0,Units,1,One
DATAFLOW,OECD.ELS.HD:DSD_SHA@DF_SHA(1.1),Health expenditure and financing,I,NLD,Netherlands,A,Annual,EXP_HEALTH,Expenditure,USD_PPP_PS,"US dollars per person, PPP converted",HF2HF3,Voluntary schemes/household out-of-pocket payments,_Z,Not application,_T,Total,_T,Total,_T,Total,_Z,Not applicable,_Z,Not applicable,V,Current prices,2018,,981.045,,,,,,,,,,,,0,Units,1,One
DATAFLOW,OECD.ELS.HD:DSD_SHA@DF_SHA(1.1),Health expenditure and financing,I,NLD,Netherlands,A,Annual,EXP_HEALTH,Expenditure,USD_PPP_PS,"US dollars per person, PPP converted",HF1,Government/compulsory schemes,_Z,Not application,_T,Total,_T,Total,_T,Total,_Z,Not applicable,_Z,Not applicable,V,Current prices,2018,,4501.226,,,,,,,,,,,,0,Units,1,One
DATAFLOW,OECD.ELS.HD:DSD_SHA@DF_SHA(1.1),Health expenditure and financing,I,NLD,Netherlands,A,Annual,EXP_HEALTH,Expenditure,USD_PPP_PS,"US dollars per person, PPP converted",HF1,Government/compulsory schemes,_Z,Not application,_T,Total,_T,Total,_T,Total,_Z,Not applicable,_Z,Not applicable,V,Current prices,2017,,4291.725,,,,,,,,,,,,0,Units,1,One
DATAFLOW,OECD.ELS.HD:DSD_SHA@DF_SHA(1.1),Health expenditure and financing,I,NLD,Netherlands,A,Annual,EXP_HEALTH,Expenditure,USD_PPP_PS,"US dollars per person, PPP converted",HF2HF3,Voluntary schemes/household out-of-pocket payments,_Z,Not application,_T,Total,_T,Total,_T,Total,_Z,Not applicable,_Z,Not applicable,V,Current prices,2017,,962.049,,,,,,,,,,,,0,Units,1,One
DATAFLOW,OECD.ELS.HD:DSD_SHA@DF_SHA(1.1),Health expenditure and financing,I,NLD,Netherlands,A,Annual,EXP_HEALTH,Expenditure,USD_PPP_PS,"US dollars per person, PPP converted",_T,Total,_Z,Not application,_T,Total,_T,Total,_T,Total,_Z,Not applicable,_Z,Not applicable,V,Current prices,2017,,5253.774,,,,,,,,,,,,0,Units,1,One
DATAFLOW,OECD.ELS.HD:DSD_SHA@DF_SHA(1.1),Health expenditure and financing,I,NLD,Netherlands,A,Annual,EXP_HEALTH,Expenditure,USD_PPP_PS,"US dollars per person, PPP converted",_T,Total,_Z,Not application,_T,Total,_T,Total,_T,Total,_Z,Not applicable,_Z,Not applicable,V,Current prices,2020,,6515.942,,,,,,,,,,,,0,Units,1,One
DATAFLOW,OECD.ELS.HD:DSD_SHA@DF_SHA(1.1),Health expenditure and financing,I,NLD,Netherlands,A,Annual,EXP_HEALTH,Expenditure,USD_PPP_PS,"US dollars per person, PPP converted",HF2HF3,Voluntary schemes/household out-of-pocket payments,_Z,Not application,_T,Total,_T,Total,_T,Total,_Z,Not applicable,_Z,Not applicable,V,Current prices,2020,,979.589,,,,,,,,,,,,0,Units,1,One
DATAFLOW,OECD.ELS.HD:DSD_SHA@DF_SHA(1.1),Health expenditure and financing,I,NLD,Netherlands,A,Annual,EXP_HEALTH,Expenditure,USD_PPP_PS,"US dollars per person, PPP converted",HF1,Government/compulsory schemes,_Z,Not application,_T,Total,_T,Total,_T,Total,_Z,Not applicable,_Z,Not applicable,V,Current prices,2020,,5536.426,,,,,,,,,,,,0,Units,1,One
DATAFLOW,OECD.ELS.HD:DSD_SHA@DF_SHA(1.1),Health expenditure and financing,I,NLD,Netherlands,A,Annual,EXP_HEALTH,Expenditure,USD_PPP_PS,"US dollars per person, PPP converted",_T,Total,_Z,Not application,_T,Total,_T,Total,_T,Total,_Z,Not applicable,_Z,Not applicable,V,Current prices,2025,,8965.505,,,,,,P,Provisional value,,,,,0,Units,1,One
DATAFLOW,OECD.ELS.HD:DSD_SHA@DF_SHA(1.1),Health expenditure and financing,I,NLD,Netherlands,A,Annual,EXP_HEALTH,Expenditure,PT_B1GQ,Percentage of GDP,_T,Total,_Z,Not application,_T,Total,_T,Total,_T,Total,_Z,Not applicable,_Z,Not applicable,_Z,Not applicable,2025,,10.191,,,,,,P,Provisional value,,,,,0,Units,1,One
DATAFLOW,OECD.ELS.HD:DSD_SHA@DF_SHA(1.1),Health expenditure and financing,I,NLD,Netherlands,A,Annual,EXP_HEALTH,Expenditure,USD_PPP_PS,"US dollars per person, PPP converted",_T,Total,_Z,Not application,_T,Total,_T,Total,_T,Total,_Z,Not applicable,_Z,Not applicable,Q,Constant prices,2025,,6683.096,,2020,,,,P,Provisional value,,,,,0,Units,1,One
DATAFLOW,OECD.ELS.HD:DSD_SHA@DF_SHA(1.1),Health expenditure and financing,I,NLD,Netherlands,A,Annual,EXP_HEALTH,Expenditure,USD_PPP_PS,"US dollars per person, PPP converted",_T,Total,_Z,Not application,_T,Total,_T,Total,_T,Total,_Z,Not applicable,_Z,Not applicable,Q,Constant prices,2021,,6921.786,,2020,,,,B,Time series break,,,,,0,Units,1,One
DATAFLOW,OECD.ELS.HD:DSD_SHA@DF_SHA(1.1),Health expenditure and financing,I,NLD,Netherlands,A,Annual,EXP_HEALTH,Expenditure,USD_PPP_PS,"US dollars per person, PPP converted",HF1,Government/compulsory schemes,_Z,Not application,_T,Total,_T,Total,_T,Total,_Z,Not applicable,_Z,Not applicable,Q,Constant prices,2021,,5797.422,,2020,,,,B,Time series break,,,,,0,Units,1,One
DATAFLOW,OECD.ELS.HD:DSD_SHA@DF_SHA(1.1),Health expenditure and financing,I,NLD,Netherlands,A,Annual,EXP_HEALTH,Expenditure,USD_PPP_PS,"US dollars per person, PPP converted",HF2HF3,Voluntary schemes/household out-of-pocket payments,_Z,Not application,_T,Total,_T,Total,_T,Total,_Z,Not applicable,_Z,Not applicable,Q,Constant prices,2021,,1124.364,,2020,,,,B,Time series break,,,,,0,Units,1,One
DATAFLOW,OECD.ELS.HD:DSD_SHA@DF_SHA(1.1),Health expenditure and financing,I,NLD,Netherlands,A,Annual,EXP_HEALTH,Expenditure,PT_B1GQ,Percentage of GDP,_T,Total,_Z,Not application,_T,Total,_T,Total,_T,Total,_Z,Not applicable,_Z,Not applicable,_Z,Not applicable,2021,,11.159,,,,,,B,Time series break,,,,,0,Units,1,One
DATAFLOW,OECD.ELS.HD:DSD_SHA@DF_SHA(1.1),Health expenditure and financing,I,NLD,Netherlands,A,Annual,EXP_HEALTH,Expenditure,PT_B1GQ,Percentage of GDP,HF2HF3,Voluntary schemes/household out-of-pocket payments,_Z,Not application,_T,Total,_T,Total,_T,Total,_Z,Not applicable,_Z,Not applicable,_Z,Not applicable,2021,,1.813,,,,,,B,Time series break,,,,,0,Units,1,One
DATAFLOW,OECD.ELS.HD:DSD_SHA@DF_SHA(1.1),Health expenditure and financing,I,NLD,Netherlands,A,Annual,EXP_HEALTH,Expenditure,PT_B1GQ,Percentage of GDP,HF1,Government/compulsory schemes,_Z,Not application,_T,Total,_T,Total,_T,Total,_Z,Not applicable,_Z,Not applicable,_Z,Not applicable,2021,,9.347,,,,,,B,Time series break,,,,,0,Units,1,One
DATAFLOW,OECD.ELS.HD:DSD_SHA@DF_SHA(1.1),Health expenditure and financing,I,NLD,Netherlands,A,Annual,EXP_HEALTH,Expenditure,USD_PPP_PS,"US dollars per person, PPP converted",HF1,Government/compulsory schemes,_Z,Not application,_T,Total,_T,Total,_T,Total,_Z,Not applicable,_Z,Not applicable,V,Current prices,2021,,6141.528,,,,,,B,Time series break,,,,,0,Units,1,One
DATAFLOW,OECD.ELS.HD:DSD_SHA@DF_SHA(1.1),Health expenditure and financing,I,NLD,Netherlands,A,Annual,EXP_HEALTH,Expenditure,USD_PPP_PS,"US dollars per person, PPP converted",HF2HF3,Voluntary schemes/household out-of-pocket payments,_Z,Not application,_T,Total,_T,Total,_T,Total,_Z,Not applicable,_Z,Not applicable,V,Current prices,2021,,1191.101,,,,,,B,Time series break,,,,,0,Units,1,One
DATAFLOW,OECD.ELS.HD:DSD_SHA@DF_SHA(1.1),Health expenditure and financing,I,NLD,Netherlands,A,Annual,EXP_HEALTH,Expenditure,USD_PPP_PS,"US dollars per person, PPP converted",_T,Total,_Z,Not application,_T,Total,_T,Total,_T,Total,_Z,Not applicable,_Z,Not applicable,V,Current prices,2021,,7332.629,,,,,,B,Time series break,,,,,0,Units,1,One
DATAFLOW,OECD.ELS.HD:DSD_SHA@DF_SHA(1.1),Health expenditure and financing,I,USA,United States,A,Annual,EXP_HEALTH,Expenditure,USD_PPP_PS,"US dollars per person, PPP converted",HF2HF3,Voluntary schemes/household out-of-pocket payments,_Z,Not application,_T,Total,_T,Total,_T,Total,_Z,Not applicable,_Z,Not applicable,Q,Constant prices,2017,,1837.007,,2020,,,,,,,,,,0,Units,1,One
DATAFLOW,OECD.ELS.HD:DSD_SHA@DF_SHA(1.1),Health expenditure and financing,I,USA,United States,A,Annual,EXP_HEALTH,Expenditure,USD_PPP_PS,"US dollars per person, PPP converted",_T,Total,_Z,Not application,_T,Total,_T,Total,_T,Total,_Z,Not applicable,_Z,Not applicable,Q,Constant prices,2017,,10548.953,,2020,,,,,,,,,,0,Units,1,One
DATAFLOW,OECD.ELS.HD:DSD_SHA@DF_SHA(1.1),Health expenditure and financing,I,USA,United States,A,Annual,EXP_HEALTH,Expenditure,USD_PPP_PS,"US dollars per person, PPP converted",HF1,Government/compulsory schemes,_Z,Not application,_T,Total,_T,Total,_T,Total,_Z,Not applicable,_Z,Not applicable,Q,Constant prices,2017,,8711.946,,2020,,,,,,,,,,0,Units,1,One
DATAFLOW,OECD.ELS.HD:DSD_SHA@DF_SHA(1.1),Health expenditure and financing,I,USA,United States,A,Annual,EXP_HEALTH,Expenditure,USD_PPP_PS,"US dollars per person, PPP converted",HF1,Government/compulsory schemes,_Z,Not application,_T,Total,_T,Total,_T,Total,_Z,Not applicable,_Z,Not applicable,Q,Constant prices,2018,,8904.51,,2020,,,,,,,,,,0,Units,1,One
DATAFLOW,OECD.ELS.HD:DSD_SHA@DF_SHA(1.1),Health expenditure and financing,I,USA,United States,A,Annual,EXP_HEALTH,Expenditure,USD_PPP_PS,"US dollars per person, PPP converted",_T,Total,_Z,Not application,_T,Total,_T,Total,_T,Total,_Z,Not applicable,_Z,Not applicable,Q,Constant prices,2018,,10774.02,,2020,,,,,,,,,,0,Units,1,One
DATAFLOW,OECD.ELS.HD:DSD_SHA@DF_SHA(1.1),Health expenditure and financing,I,USA,United States,A,Annual,EXP_HEALTH,Expenditure,USD_PPP_PS,"US dollars per person, PPP converted",HF2HF3,Voluntary schemes/household out-of-pocket payments,_Z,Not application,_T,Total,_T,Total,_T,Total,_Z,Not applicable,_Z,Not applicable,Q,Constant prices,2018,,1869.51,,2020,,,,,,,,,,0,Units,1,One
DATAFLOW,OECD.ELS.HD:DSD_SHA@DF_SHA(1.1),Health expenditure and financing,I,USA,United States,A,Annual,EXP_HEALTH,Expenditure,USD_PPP_PS,"US dollars per person, PPP converted",HF2HF3,Voluntary schemes/household out-of-pocket payments,_Z,Not application,_T,Total,_T,Total,_T,Total,_Z,Not applicable,_Z,Not applicable,Q,Constant prices,2019,,1935.815,,2020,,,,,,,,,,0,Units,1,One
DATAFLOW,OECD.ELS.HD:DSD_SHA@DF_SHA(1.1),Health expenditure and financing,I,USA,United States,A,Annual,EXP_HEALTH,Expenditure,USD_PPP_PS,"US dollars per person, PPP converted",_T,Total,_Z,Not application,_T,Total,_T,Total,_T,Total,_Z,Not applicable,_Z,Not applicable,Q,Constant prices,2019,,11066.6,,2020,,,,,,,,,,0,Units,1,One
DATAFLOW,OECD.ELS.HD:DSD_SHA@DF_SHA(1.1),Health expenditure and financing,I,USA,United States,A,Annual,EXP_HEALTH,Expenditure,USD_PPP_PS,"US dollars per person, PPP converted",HF1,Government/compulsory schemes,_Z,Not application,_T,Total,_T,Total,_T,Total,_Z,Not applicable,_Z,Not applicable,Q,Constant prices,2019,,9130.785,,2020,,,,,,,,,,0,Units,1,One
DATAFLOW,OECD.ELS.HD:DSD_SHA@DF_SHA(1.1),Health expenditure and financing,I,USA,United States,A,Annual,EXP_HEALTH,Expenditure,USD_PPP_PS,"US dollars per person, PPP converted",HF1,Government/compulsory schemes,_Z,Not application,_T,Total,_T,Total,_T,Total,_Z,Not applicable,_Z,Not applicable,Q,Constant prices,2020,,10183.869,,2020,,,,,,,,,,0,Units,1,One
DATAFLOW,OECD.ELS.HD:DSD_SHA@DF_SHA(1.1),Health expenditure and financing,I,USA,United States,A,Annual,EXP_HEALTH,Expenditure,USD_PPP_PS,"US dollars per person, PPP converted",_T,Total,_Z,Not application,_T,Total,_T,Total,_T,Total,_Z,Not applicable,_Z,Not applicable,Q,Constant prices,2020,,12076.794,,2020,,,,,,,,,,0,Units,1,One
DATAFLOW,OECD.ELS.HD:DSD_SHA@DF_SHA(1.1),Health expenditure and financing,I,USA,United States,A,Annual,EXP_HEALTH,Expenditure,USD_PPP_PS,"US dollars per person, PPP converted",HF2HF3,Voluntary schemes/household out-of-pocket payments,_Z,Not application,_T,Total,_T,Total,_T,Total,_Z,Not applicable,_Z,Not applicable,Q,Constant prices,2020,,1892.925,,2020,,,,,,,,,,0,Units,1,One
DATAFLOW,OECD.ELS.HD:DSD_SHA@DF_SHA(1.1),Health expenditure and financing,I,USA,United States,A,Annual,EXP_HEALTH,Expenditure,USD_PPP_PS,"US dollars per person, PPP converted",HF2HF3,Voluntary schemes/household out-of-pocket payments,_Z,Not application,_T,Total,_T,Total,_T,Total,_Z,Not applicable,_Z,Not applicable,Q,Constant prices,2021,,1980.38,,2020,,,,,,,,,,0,Units,1,One
DATAFLOW,OECD.ELS.HD:DSD_SHA@DF_SHA(1.1),Health expenditure and financing,I,USA,United States,A,Annual,EXP_HEALTH,Expenditure,USD_PPP_PS,"US dollars per person, PPP converted",_T,Total,_Z,Not application,_T,Total,_T,Total,_T,Total,_Z,Not applicable,_Z,Not applicable,Q,Constant prices,2021,,12007.415,,2020,,,,,,,,,,0,Units,1,One
DATAFLOW,OECD.ELS.HD:DSD_SHA@DF_SHA(1.1),Health expenditure and financing,I,USA,United States,A,Annual,EXP_HEALTH,Expenditure,USD_PPP_PS,"US dollars per person, PPP converted",HF1,Government/compulsory schemes,_Z,Not application,_T,Total,_T,Total,_T,Total,_Z,Not applicable,_Z,Not applicable,Q,Constant prices,2021,,10027.034,,2020,,,,,,,,,,0,Units,1,One
DATAFLOW,OECD.ELS.HD:DSD_SHA@DF_SHA(1.1),Health expenditure and financing,I,USA,United States,A,Annual,EXP_HEALTH,Expenditure,USD_PPP_PS,"US dollars per person, PPP converted",HF1,Government/compulsory schemes,_Z,Not application,_T,Total,_T,Total,_T,Total,_Z,Not applicable,_Z,Not applicable,Q,Constant prices,2022,,9833.002,,2020,,,,,,,,,,0,Units,1,One
DATAFLOW,OECD.ELS.HD:DSD_SHA@DF_SHA(1.1),Health expenditure and financing,I,USA,United States,A,Annual,EXP_HEALTH,Expenditure,USD_PPP_PS,"US dollars per person, PPP converted",_T,Total,_Z,Not application,_T,Total,_T,Total,_T,Total,_Z,Not applicable,_Z,Not applicable,Q,Constant prices,2022,,11753.68,,2020,,,,,,,,,,0,Units,1,One
DATAFLOW,OECD.ELS.HD:DSD_SHA@DF_SHA(1.1),Health expenditure and financing,I,USA,United States,A,Annual,EXP_HEALTH,Expenditure,USD_PPP_PS,"US dollars per person, PPP converted",HF2HF3,Voluntary schemes/household out-of-pocket payments,_Z,Not application,_T,Total,_T,Total,_T,Total,_Z,Not applicable,_Z,Not applicable,Q,Constant prices,2022,,1920.678,,2020,,,,,,,,,,0,Units,1,One
DATAFLOW,OECD.ELS.HD:DSD_SHA@DF_SHA(1.1),Health expenditure and financing,I,USA,United States,A,Annual,EXP_HEALTH,Expenditure,USD_PPP_PS,"US dollars per person, PPP converted",HF2HF3,Voluntary schemes/household out-of-pocket payments,_Z,Not application,_T,Total,_T,Total,_T,Total,_Z,Not applicable,_Z,Not applicable,Q,Constant prices,2023,,2019.854,,2020,,,,,,,,,,0,Units,1,One
DATAFLOW,OECD.ELS.HD:DSD_SHA@DF_SHA(1.1),Health expenditure and financing,I,USA,United States,A,Annual,EXP_HEALTH,Expenditure,USD_PPP_PS,"US dollars per person, PPP converted",_T,Total,_Z,Not application,_T,Total,_T,Total,_T,Total,_Z,Not applicable,_Z,Not applicable,Q,Constant prices,2023,,12098.848,,2020,,,,,,,,,,0,Units,1,One
DATAFLOW,OECD.ELS.HD:DSD_SHA@DF_SHA(1.1),Health expenditure and financing,I,USA,United States,A,Annual,EXP_HEALTH,Expenditure,USD_PPP_PS,"US dollars per person, PPP converted",HF1,Government/compulsory schemes,_Z,Not application,_T,Total,_T,Total,_T,Total,_Z,Not applicable,_Z,Not applicable,Q,Constant prices,2023,,10078.994,,2020,,,,,,,,,,0,Units,1,One
DATAFLOW,OECD.ELS.HD:DSD_SHA@DF_SHA(1.1),Health expenditure and financing,I,USA,United States,A,Annual,EXP_HEALTH,Expenditure,USD_PPP_PS,"US dollars per person, PPP converted",HF1,Government/compulsory schemes,_Z,Not application,_T,Total,_T,Total,_T,Total,_Z,Not applicable,_Z,Not applicable,Q,Constant prices,2024,,10435.036,,2020,,,,,,,,,,0,Units,1,One
DATAFLOW,OECD.ELS.HD:DSD_SHA@DF_SHA(1.1),Health expenditure and financing,I,USA,United States,A,Annual,EXP_HEALTH,Expenditure,USD_PPP_PS,"US dollars per person, PPP converted",_T,Total,_Z,Not application,_T,Total,_T,Total,_T,Total,_Z,Not applicable,_Z,Not applicable,Q,Constant prices,2024,,12550.859,,2020,,,,,,,,,,0,Units,1,One
DATAFLOW,OECD.ELS.HD:DSD_SHA@DF_SHA(1.1),Health expenditure and financing,I,USA,United States,A,Annual,EXP_HEALTH,Expenditure,USD_PPP_PS,"US dollars per person, PPP converted",HF2HF3,Voluntary schemes/household out-of-pocket payments,_Z,Not application,_T,Total,_T,Total,_T,Total,_Z,Not applicable,_Z,Not applicable,Q,Constant prices,2024,,2115.822,,2020,,,,,,,,,,0,Units,1,One
DATAFLOW,OECD.ELS.HD:DSD_SHA@DF_SHA(1.1),Health expenditure and financing,I,USA,United States,A,Annual,EXP_HEALTH,Expenditure,PT_B1GQ,Percentage of GDP,HF1,Government/compulsory schemes,_Z,Not application,_T,Total,_T,Total,_T,Total,_Z,Not applicable,_Z,Not applicable,_Z,Not applicable,2016,,13.873,,,,,,,,,,,,0,Units,1,One
DATAFLOW,OECD.ELS.HD:DSD_SHA@DF_SHA(1.1),Health expenditure and financing,I,USA,United States,A,Annual,EXP_HEALTH,Expenditure,PT_B1GQ,Percentage of GDP,HF2HF3,Voluntary schemes/household out-of-pocket payments,_Z,Not application,_T,Total,_T,Total,_T,Total,_Z,Not applicable,_Z,Not applicable,_Z,Not applicable,2016,,2.904,,,,,,,,,,,,0,Units,1,One
DATAFLOW,OECD.ELS.HD:DSD_SHA@DF_SHA(1.1),Health expenditure and financing,I,USA,United States,A,Annual,EXP_HEALTH,Expenditure,PT_B1GQ,Percentage of GDP,HF2HF3,Voluntary schemes/household out-of-pocket payments,_Z,Not application,_T,Total,_T,Total,_T,Total,_Z,Not applicable,_Z,Not applicable,_Z,Not applicable,2017,,2.913,,,,,,,,,,,,0,Units,1,One
DATAFLOW,OECD.ELS.HD:DSD_SHA@DF_SHA(1.1),Health expenditure and financing,I,USA,United States,A,Annual,EXP_HEALTH,Expenditure,PT_B1GQ,Percentage of GDP,HF1,Government/compulsory schemes,_Z,Not application,_T,Total,_T,Total,_T,Total,_Z,Not applicable,_Z,Not applicable,_Z,Not applicable,2017,,13.816,,,,,,,,,,,,0,Units,1,One
DATAFLOW,OECD.ELS.HD:DSD_SHA@DF_SHA(1.1),Health expenditure and financing,I,USA,United States,A,Annual,EXP_HEALTH,Expenditure,PT_B1GQ,Percentage of GDP,_T,Total,_Z,Not application,_T,Total,_T,Total,_T,Total,_Z,Not applicable,_Z,Not applicable,_Z,Not applicable,2017,,16.729,,,,,,,,,,,,0,Units,1,One
DATAFLOW,OECD.ELS.HD:DSD_SHA@DF_SHA(1.1),Health expenditure and financing,I,USA,United States,A,Annual,EXP_HEALTH,Expenditure,PT_B1GQ,Percentage of GDP,_T,Total,_Z,Not application,_T,Total,_T,Total,_T,Total,_Z,Not applicable,_Z,Not applicable,_Z,Not applicable,2018,,16.677,,,,,,,,,,,,0,Units,1,One
DATAFLOW,OECD.ELS.HD:DSD_SHA@DF_SHA(1.1),Health expenditure and financing,I,USA,United States,A,Annual,EXP_HEALTH,Expenditure,PT_B1GQ,Percentage of GDP,HF1,Government/compulsory schemes,_Z,Not application,_T,Total,_T,Total,_T,Total,_Z,Not applicable,_Z,Not applicable,_Z,Not applicable,2018,,13.784,,,,,,,,,,,,0,Units,1,One
DATAFLOW,OECD.ELS.HD:DSD_SHA@DF_SHA(1.1),Health expenditure and financing,I,USA,United States,A,Annual,EXP_HEALTH,Expenditure,PT_B1GQ,Percentage of GDP,HF2HF3,Voluntary schemes/household out-of-pocket payments,_Z,Not application,_T,Total,_T,Total,_T,Total,_Z,Not applicable,_Z,Not applicable,_Z,Not applicable,2018,,2.894,,,,,,,,,,,,0,Units,1,One
DATAFLOW,OECD.ELS.HD:DSD_SHA@DF_SHA(1.1),Health expenditure and financing,I,USA,United States,A,Annual,EXP_HEALTH,Expenditure,PT_B1GQ,Percentage of GDP,HF2HF3,Voluntary schemes/household out-of-pocket payments,_Z,Not application,_T,Total,_T,Total,_T,Total,_Z,Not applicable,_Z,Not applicable,_Z,Not applicable,2019,,2.929,,,,,,,,,,,,0,Units,1,One
DATAFLOW,OECD.ELS.HD:DSD_SHA@DF_SHA(1.1),Health expenditure and financing,I,USA,United States,A,Annual,EXP_HEALTH,Expenditure,PT_B1GQ,Percentage of GDP,HF1,Government/compulsory schemes,_Z,Not application,_T,Total,_T,Total,_T,Total,_Z,Not applicable,_Z,Not applicable,_Z,Not applicable,2019,,13.816,,,,,,,,,,,,0,Units,1,One
DATAFLOW,OECD.ELS.HD:DSD_SHA@DF_SHA(1.1),Health expenditure and financing,I,USA,United States,A,Annual,EXP_HEALTH,Expenditure,PT_B1GQ,Percentage of GDP,_T,Total,_Z,Not application,_T,Total,_T,Total,_T,Total,_Z,Not applicable,_Z,Not applicable,_Z,Not applicable,2019,,16.745,,,,,,,,,,,,0,Units,1,One
DATAFLOW,OECD.ELS.HD:DSD_SHA@DF_SHA(1.1),Health expenditure and financing,I,USA,United States,A,Annual,EXP_HEALTH,Expenditure,PT_B1GQ,Percentage of GDP,_T,Total,_Z,Not application,_T,Total,_T,Total,_T,Total,_Z,Not applicable,_Z,Not applicable,_Z,Not applicable,2020,,18.734,,,,,,,,,,,,0,Units,1,One
DATAFLOW,OECD.ELS.HD:DSD_SHA@DF_SHA(1.1),Health expenditure and financing,I,USA,United States,A,Annual,EXP_HEALTH,Expenditure,PT_B1GQ,Percentage of GDP,HF1,Government/compulsory schemes,_Z,Not application,_T,Total,_T,Total,_T,Total,_Z,Not applicable,_Z,Not applicable,_Z,Not applicable,2020,,15.797,,,,,,,,,,,,0,Units,1,One
DATAFLOW,OECD.ELS.HD:DSD_SHA@DF_SHA(1.1),Health expenditure and financing,I,USA,United States,A,Annual,EXP_HEALTH,Expenditure,PT_B1GQ,Percentage of GDP,HF2HF3,Voluntary schemes/household out-of-pocket payments,_Z,Not application,_T,Total,_T,Total,_T,Total,_Z,Not applicable,_Z,Not applicable,_Z,Not applicable,2020,,2.936,,,,,,,,,,,,0,Units,1,One
DATAFLOW,OECD.ELS.HD:DSD_SHA@DF_SHA(1.1),Health expenditure and financing,I,USA,United States,A,Annual,EXP_HEALTH,Expenditure,PT_B1GQ,Percentage of GDP,HF2HF3,Voluntary schemes/household out-of-pocket payments,_Z,Not application,_T,Total,_T,Total,_T,Total,_Z,Not applicable,_Z,Not applicable,_Z,Not applicable,2021,,2.891,,,,,,,,,,,,0,Units,1,One
DATAFLOW,OECD.ELS.HD:DSD_SHA@DF_SHA(1.1),Health expenditure and financing,I,USA,United States,A,Annual,EXP_HEALTH,Expenditure,PT_B1GQ,Percentage of GDP,HF1,Government/compulsory schemes,_Z,Not application,_T,Total,_T,Total,_T,Total,_Z,Not applicable,_Z,Not applicable,_Z,Not applicable,2021,,14.639,,,,,,,,,,,,0,Units,1,One
DATAFLOW,OECD.ELS.HD:DSD_SHA@DF_SHA(1.1),Health expenditure and financing,I,USA,United States,A,Annual,EXP_HEALTH,Expenditure,PT_B1GQ,Percentage of GDP,_T,Total,_Z,Not application,_T,Total,_T,Total,_T,Total,_Z,Not applicable,_Z,Not applicable,_Z,Not applicable,2021,,17.53,,,,,,,,,,,,0,Units,1,One
DATAFLOW,OECD.ELS.HD:DSD_SHA@DF_SHA(1.1),Health expenditure and financing,I,USA,United States,A,Annual,EXP_HEALTH,Expenditure,PT_B1GQ,Percentage of GDP,_T,Total,_Z,Not application,_T,Total,_T,Total,_T,Total,_Z,Not applicable,_Z,Not applicable,_Z,Not applicable,2022,,16.744,,,,,,,,,,,,0,Units,1,One
DATAFLOW,OECD.ELS.HD:DSD_SHA@DF_SHA(1.1),Health expenditure and financing,I,USA,United States,A,Annual,EXP_HEALTH,Expenditure,PT_B1GQ,Percentage of GDP,HF1,Government/compulsory schemes,_Z,Not application,_T,Total,_T,Total,_T,Total,_Z,Not applicable,_Z,Not applicable,_Z,Not applicable,2022,,14.008,,,,,,,,,,,,0,Units,1,One
DATAFLOW,OECD.ELS.HD:DSD_SHA@DF_SHA(1.1),Health expenditure and financing,I,USA,United States,A,Annual,EXP_HEALTH,Expenditure,PT_B1GQ,Percentage of GDP,HF2HF3,Voluntary schemes/household out-of-pocket payments,_Z,Not application,_T,Total,_T,Total,_T,Total,_Z,Not applicable,_Z,Not applicable,_Z,Not applicable,2022,,2.736,,,,,,,,,,,,0,Units,1,One
DATAFLOW,OECD.ELS.HD:DSD_SHA@DF_SHA(1.1),Health expenditure and financing,I,USA,United States,A,Annual,EXP_HEALTH,Expenditure,PT_B1GQ,Percentage of GDP,HF2HF3,Voluntary schemes/household out-of-pocket payments,_Z,Not application,_T,Total,_T,Total,_T,Total,_Z,Not applicable,_Z,Not applicable,_Z,Not applicable,2023,,2.816,,,,,,,,,,,,0,Units,1,One
DATAFLOW,OECD.ELS.HD:DSD_SHA@DF_SHA(1.1),Health expenditure and financing,I,USA,United States,A,Annual,EXP_HEALTH,Expenditure,PT_B1GQ,Percentage of GDP,HF1,Government/compulsory schemes,_Z,Not application,_T,Total,_T,Total,_T,Total,_Z,Not applicable,_Z,Not applicable,_Z,Not applicable,2023,,14.054,,,,,,,,,,,,0,Units,1,One
DATAFLOW,OECD.ELS.HD:DSD_SHA@DF_SHA(1.1),Health expenditure and financing,I,USA,United States,A,Annual,EXP_HEALTH,Expenditure,PT_B1GQ,Percentage of GDP,_T,Total,_Z,Not application,_T,Total,_T,Total,_T,Total,_Z,Not applicable,_Z,Not applicable,_Z,Not applicable,2023,,16.87,,,,,,,,,,,,0,Units,1,One
DATAFLOW,OECD.ELS.HD:DSD_SHA@DF_SHA(1.1),Health expenditure and financing,I,USA,United States,A,Annual,EXP_HEALTH,Expenditure,PT_B1GQ,Percentage of GDP,_T,Total,_Z,Not application,_T,Total,_T,Total,_T,Total,_Z,Not applicable,_Z,Not applicable,_Z,Not applicable,2024,,17.202,,,,,,,,,,,,0,Units,1,One
DATAFLOW,OECD.ELS.HD:DSD_SHA@DF_SHA(1.1),Health expenditure and financing,I,USA,United States,A,Annual,EXP_HEALTH,Expenditure,PT_B1GQ,Percentage of GDP,HF1,Government/compulsory schemes,_Z,Not application,_T,Total,_T,Total,_T,Total,_Z,Not applicable,_Z,Not applicable,_Z,Not applicable,2024,,14.302,,,,,,,,,,,,0,Units,1,One
DATAFLOW,OECD.ELS.HD:DSD_SHA@DF_SHA(1.1),Health expenditure and financing,I,USA,United States,A,Annual,EXP_HEALTH,Expenditure,PT_B1GQ,Percentage of GDP,HF2HF3,Voluntary schemes/household out-of-pocket payments,_Z,Not application,_T,Total,_T,Total,_T,Total,_Z,Not applicable,_Z,Not applicable,_Z,Not applicable,2024,,2.9,,,,,,,,,,,,0,Units,1,One
DATAFLOW,OECD.ELS.HD:DSD_SHA@DF_SHA(1.1),Health expenditure and financing,I,USA,United States,A,Annual,EXP_HEALTH,Expenditure,USD_PPP_PS,"US dollars per person, PPP converted",_T,Total,_Z,Not application,_T,Total,_T,Total,_T,Total,_Z,Not applicable,_Z,Not applicable,V,Current prices,2017,,10045.443,,,,,,,,,,,,0,Units,1,One
DATAFLOW,OECD.ELS.HD:DSD_SHA@DF_SHA(1.1),Health expenditure and financing,I,USA,United States,A,Annual,EXP_HEALTH,Expenditure,USD_PPP_PS,"US dollars per person, PPP converted",HF1,Government/compulsory schemes,_Z,Not application,_T,Total,_T,Total,_T,Total,_Z,Not applicable,_Z,Not applicable,V,Current prices,2017,,8296.118,,,,,,,,,,,,0,Units,1,One
DATAFLOW,OECD.ELS.HD:DSD_SHA@DF_SHA(1.1),Health expenditure and financing,I,USA,United States,A,Annual,EXP_HEALTH,Expenditure,USD_PPP_PS,"US dollars per person, PPP converted",HF2HF3,Voluntary schemes/household out-of-pocket payments,_Z,Not application,_T,Total,_T,Total,_T,Total,_Z,Not applicable,_Z,Not applicable,V,Current prices,2017,,1749.325,,,,,,,,,,,,0,Units,1,One
DATAFLOW,OECD.ELS.HD:DSD_SHA@DF_SHA(1.1),Health expenditure and financing,I,USA,United States,A,Annual,EXP_HEALTH,Expenditure,USD_PPP_PS,"US dollars per person, PPP converted",HF2HF3,Voluntary schemes/household out-of-pocket payments,_Z,Not application,_T,Total,_T,Total,_T,Total,_Z,Not applicable,_Z,Not applicable,V,Current prices,2018,,1819.544,,,,,,,,,,,,0,Units,1,One
DATAFLOW,OECD.ELS.HD:DSD_SHA@DF_SHA(1.1),Health expenditure and financing,I,USA,United States,A,Annual,EXP_HEALTH,Expenditure,USD_PPP_PS,"US dollars per person, PPP converted",HF1,Government/compulsory schemes,_Z,Not application,_T,Total,_T,Total,_T,Total,_Z,Not applicable,_Z,Not applicable,V,Current prices,2018,,8666.524,,,,,,,,,,,,0,Units,1,One
DATAFLOW,OECD.ELS.HD:DSD_SHA@DF_SHA(1.1),Health expenditure and financing,I,USA,United States,A,Annual,EXP_HEALTH,Expenditure,USD_PPP_PS,"US dollars per person, PPP converted",_T,Total,_Z,Not application,_T,Total,_T,Total,_T,Total,_Z,Not applicable,_Z,Not applicable,V,Current prices,2018,,10486.068,,,,,,,,,,,,0,Units,1,One
DATAFLOW,OECD.ELS.HD:DSD_SHA@DF_SHA(1.1),Health expenditure and financing,I,USA,United States,A,Annual,EXP_HEALTH,Expenditure,USD_PPP_PS,"US dollars per person, PPP converted",_T,Total,_Z,Not application,_T,Total,_T,Total,_T,Total,_Z,Not applicable,_Z,Not applicable,V,Current prices,2019,,10922.221,,,,,,,,,,,,0,Units,1,One
DATAFLOW,OECD.ELS.HD:DSD_SHA@DF_SHA(1.1),Health expenditure and financing,I,USA,United States,A,Annual,EXP_HEALTH,Expenditure,USD_PPP_PS,"US dollars per person, PPP converted",HF1,Government/compulsory schemes,_Z,Not application,_T,Total,_T,Total,_T,Total,_Z,Not applicable,_Z,Not applicable,V,Current prices,2019,,9011.661,,,,,,,,,,,,0,Units,1,One
DATAFLOW,OECD.ELS.HD:DSD_SHA@DF_SHA(1.1),Health expenditure and financing,I,USA,United States,A,Annual,EXP_HEALTH,Expenditure,USD_PPP_PS,"US dollars per person, PPP converted",HF2HF3,Voluntary schemes/household out-of-pocket payments,_Z,Not application,_T,Total,_T,Total,_T,Total,_Z,Not applicable,_Z,Not applicable,V,Current prices,2019,,1910.559,,,,,,,,,,,,0,Units,1,One
DATAFLOW,OECD.ELS.HD:DSD_SHA@DF_SHA(1.1),Health expenditure and financing,I,USA,United States,A,Annual,EXP_HEALTH,Expenditure,USD_PPP_PS,"US dollars per person, PPP converted",HF2HF3,Voluntary schemes/household out-of-pocket payments,_Z,Not application,_T,Total,_T,Total,_T,Total,_Z,Not applicable,_Z,Not applicable,V,Current prices,2020,,1892.925,,,,,,,,,,,,0,Units,1,One
DATAFLOW,OECD.ELS.HD:DSD_SHA@DF_SHA(1.1),Health expenditure and financing,I,USA,United States,A,Annual,EXP_HEALTH,Expenditure,USD_PPP_PS,"US dollars per person, PPP converted",HF1,Government/compulsory schemes,_Z,Not application,_T,Total,_T,Total,_T,Total,_Z,Not applicable,_Z,Not applicable,V,Current prices,2020,,10183.869,,,,,,,,,,,,0,Units,1,One
DATAFLOW,OECD.ELS.HD:DSD_SHA@DF_SHA(1.1),Health expenditure and financing,I,USA,United States,A,Annual,EXP_HEALTH,Expenditure,USD_PPP_PS,"US dollars per person, PPP converted",_T,Total,_Z,Not application,_T,Total,_T,Total,_T,Total,_Z,Not applicable,_Z,Not applicable,V,Current prices,2020,,12076.794,,,,,,,,,,,,0,Units,1,One
DATAFLOW,OECD.ELS.HD:DSD_SHA@DF_SHA(1.1),Health expenditure and financing,I,USA,United States,A,Annual,EXP_HEALTH,Expenditure,USD_PPP_PS,"US dollars per person, PPP converted",_T,Total,_Z,Not application,_T,Total,_T,Total,_T,Total,_Z,Not applicable,_Z,Not applicable,V,Current prices,2021,,12523.743,,,,,,,,,,,,0,Units,1,One
DATAFLOW,OECD.ELS.HD:DSD_SHA@DF_SHA(1.1),Health expenditure and financing,I,USA,United States,A,Annual,EXP_HEALTH,Expenditure,USD_PPP_PS,"US dollars per person, PPP converted",HF1,Government/compulsory schemes,_Z,Not application,_T,Total,_T,Total,_T,Total,_Z,Not applicable,_Z,Not applicable,V,Current prices,2021,,10458.205,,,,,,,,,,,,0,Units,1,One
DATAFLOW,OECD.ELS.HD:DSD_SHA@DF_SHA(1.1),Health expenditure and financing,I,USA,United States,A,Annual,EXP_HEALTH,Expenditure,USD_PPP_PS,"US dollars per person, PPP converted",HF2HF3,Voluntary schemes/household out-of-pocket payments,_Z,Not application,_T,Total,_T,Total,_T,Total,_Z,Not applicable,_Z,Not applicable,V,Current prices,2021,,2065.538,,,,,,,,,,,,0,Units,1,One
DATAFLOW,OECD.ELS.HD:DSD_SHA@DF_SHA(1.1),Health expenditure and financing,I,USA,United States,A,Annual,EXP_HEALTH,Expenditure,USD_PPP_PS,"US dollars per person, PPP converted",HF2HF3,Voluntary schemes/household out-of-pocket payments,_Z,Not application,_T,Total,_T,Total,_T,Total,_Z,Not applicable,_Z,Not applicable,V,Current prices,2022,,2134.463,,,,,,,,,,,,0,Units,1,One
DATAFLOW,OECD.ELS.HD:DSD_SHA@DF_SHA(1.1),Health expenditure and financing,I,USA,United States,A,Annual,EXP_HEALTH,Expenditure,USD_PPP_PS,"US dollars per person, PPP converted",HF1,Government/compulsory schemes,_Z,Not application,_T,Total,_T,Total,_T,Total,_Z,Not applicable,_Z,Not applicable,V,Current prices,2022,,10927.486,,,,,,,,,,,,0,Units,1,One
DATAFLOW,OECD.ELS.HD:DSD_SHA@DF_SHA(1.1),Health expenditure and financing,I,USA,United States,A,Annual,EXP_HEALTH,Expenditure,USD_PPP_PS,"US dollars per person, PPP converted",_T,Total,_Z,Not application,_T,Total,_T,Total,_T,Total,_Z,Not applicable,_Z,Not applicable,V,Current prices,2022,,13061.949,,,,,,,,,,,,0,Units,1,One
DATAFLOW,OECD.ELS.HD:DSD_SHA@DF_SHA(1.1),Health expenditure and financing,I,USA,United States,A,Annual,EXP_HEALTH,Expenditure,USD_PPP_PS,"US dollars per person, PPP converted",_T,Total,_Z,Not application,_T,Total,_T,Total,_T,Total,_Z,Not applicable,_Z,Not applicable,V,Current prices,2023,,13932.605,,,,,,,,,,,,0,Units,1,One
DATAFLOW,OECD.ELS.HD:DSD_SHA@DF_SHA(1.1),Health expenditure and financing,I,USA,United States,A,Annual,EXP_HEALTH,Expenditure,USD_PPP_PS,"US dollars per person, PPP converted",HF1,Government/compulsory schemes,_Z,Not application,_T,Total,_T,Total,_T,Total,_Z,Not applicable,_Z,Not applicable,V,Current prices,2023,,11606.613,,,,,,,,,,,,0,Units,1,One
DATAFLOW,OECD.ELS.HD:DSD_SHA@DF_SHA(1.1),Health expenditure and financing,I,USA,United States,A,Annual,EXP_HEALTH,Expenditure,USD_PPP_PS,"US dollars per person, PPP converted",HF2HF3,Voluntary schemes/household out-of-pocket payments,_Z,Not application,_T,Total,_T,Total,_T,Total,_Z,Not applicable,_Z,Not applicable,V,Current prices,2023,,2325.992,,,,,,,,,,,,0,Units,1,One
DATAFLOW,OECD.ELS.HD:DSD_SHA@DF_SHA(1.1),Health expenditure and financing,I,USA,United States,A,Annual,EXP_HEALTH,Expenditure,USD_PPP_PS,"US dollars per person, PPP converted",HF2HF3,Voluntary schemes/household out-of-pocket payments,_Z,Not application,_T,Total,_T,Total,_T,Total,_Z,Not applicable,_Z,Not applicable,V,Current prices,2024,,2498.883,,,,,,,,,,,,0,Units,1,One
DATAFLOW,OECD.ELS.HD:DSD_SHA@DF_SHA(1.1),Health expenditure and financing,I,USA,United States,A,Annual,EXP_HEALTH,Expenditure,USD_PPP_PS,"US dollars per person, PPP converted",HF1,Government/compulsory schemes,_Z,Not application,_T,Total,_T,Total,_T,Total,_Z,Not applicable,_Z,Not applicable,V,Current prices,2024,,12324.256,,,,,,,,,,,,0,Units,1,One
DATAFLOW,OECD.ELS.HD:DSD_SHA@DF_SHA(1.1),Health expenditure and financing,I,USA,United States,A,Annual,EXP_HEALTH,Expenditure,USD_PPP_PS,"US dollars per person, PPP converted",_T,Total,_Z,Not application,_T,Total,_T,Total,_T,Total,_Z,Not applicable,_Z,Not applicable,V,Current prices,2024,,14823.139,,,,,,,,,,,,0,Units,1,One
DATAFLOW,OECD.ELS.HD:DSD_SHA@DF_SHA(1.1),Health expenditure and financing,I,USA,United States,A,Annual,EXP_HEALTH,Expenditure,PT_B1GQ,Percentage of GDP,HF2HF3,Voluntary schemes/household out-of-pocket payments,_Z,Not application,_T,Total,_T,Total,_T,Total,_Z,Not applicable,_Z,Not applicable,_Z,Not applicable,2025,,2.957,,,,,,E,Estimated value,,,,,0,Units,1,One
DATAFLOW,OECD.ELS.HD:DSD_SHA@DF_SHA(1.1),Health expenditure and financing,I,USA,United States,A,Annual,EXP_HEALTH,Expenditure,PT_B1GQ,Percentage of GDP,HF1,Government/compulsory schemes,_Z,Not application,_T,Total,_T,Total,_T,Total,_Z,Not applicable,_Z,Not applicable,_Z,Not applicable,2025,,14.641,,,,,,E,Estimated value,,,,,0,Units,1,One
DATAFLOW,OECD.ELS.HD:DSD_SHA@DF_SHA(1.1),Health expenditure and financing,I,USA,United States,A,Annual,EXP_HEALTH,Expenditure,USD_PPP_PS,"US dollars per person, PPP converted",_T,Total,_Z,Not application,_T,Total,_T,Total,_T,Total,_Z,Not applicable,_Z,Not applicable,V,Current prices,2025,,15843.279,,,,,,E,Estimated value,,,,,0,Units,1,One
DATAFLOW,OECD.ELS.HD:DSD_SHA@DF_SHA(1.1),Health expenditure and financing,I,USA,United States,A,Annual,EXP_HEALTH,Expenditure,USD_PPP_PS,"US dollars per person, PPP converted",HF2HF3,Voluntary schemes/household out-of-pocket payments,_Z,Not application,_T,Total,_T,Total,_T,Total,_Z,Not applicable,_Z,Not applicable,Q,Constant prices,2025,,2192.906,,2020,,,,E,Estimated value,,,,,0,Units,1,One
DATAFLOW,OECD.ELS.HD:DSD_SHA@DF_SHA(1.1),Health expenditure and financing,I,USA,United States,A,Annual,EXP_HEALTH,Expenditure,USD_PPP_PS,"US dollars per person, PPP converted",HF1,Government/compulsory schemes,_Z,Not application,_T,Total,_T,Total,_T,Total,_Z,Not applicable,_Z,Not applicable,V,Current prices,2025,,13180.807,,,,,,E,Estimated value,,,,,0,Units,1,One
DATAFLOW,OECD.ELS.HD:DSD_SHA@DF_SHA(1.1),Health expenditure and financing,I,USA,United States,A,Annual,EXP_HEALTH,Expenditure,PT_B1GQ,Percentage of GDP,_T,Total,_Z,Not application,_T,Total,_T,Total,_T,Total,_Z,Not applicable,_Z,Not applicable,_Z,Not applicable,2025,,17.598,,,,,,E,Estimated value,,,,,0,Units,1,One
DATAFLOW,OECD.ELS.HD:DSD_SHA@DF_SHA(1.1),Health expenditure and financing,I,USA,United States,A,Annual,EXP_HEALTH,Expenditure,USD_PPP_PS,"US dollars per person, PPP converted",_T,Total,_Z,Not application,_T,Total,_T,Total,_T,Total,_Z,Not applicable,_Z,Not applicable,Q,Constant prices,2025,,13049.083,,2020,,,,E,Estimated value,,,,,0,Units,1,One
DATAFLOW,OECD.ELS.HD:DSD_SHA@DF_SHA(1.1),Health expenditure and financing,I,USA,United States,A,Annual,EXP_HEALTH,Expenditure,USD_PPP_PS,"US dollars per person, PPP converted",HF2HF3,Voluntary schemes/household out-of-pocket payments,_Z,Not application,_T,Total,_T,Total,_T,Total,_Z,Not applicable,_Z,Not applicable,V,Current prices,2025,,2662.472,,,,,,E,Estimated value,,,,,0,Units,1,One
DATAFLOW,OECD.ELS.HD:DSD_SHA@DF_SHA(1.1),Health expenditure and financing,I,USA,United States,A,Annual,EXP_HEALTH,Expenditure,USD_PPP_PS,"US dollars per person, PPP converted",HF1,Government/compulsory schemes,_Z,Not application,_T,Total,_T,Total,_T,Total,_Z,Not applicable,_Z,Not applicable,Q,Constant prices,2025,,10856.177,,2020,,,,E,Estimated value,,,,,0,Units,1,One
DATAFLOW,OECD.ELS.HD:DSD_SHA@DF_SHA(1.1),Health expenditure and financing,I,SWE,Sweden,A,Annual,EXP_HEALTH,Expenditure,USD_PPP_PS,"US dollars per person, PPP converted",HF2HF3,Voluntary schemes/household out-of-pocket payments,_Z,Not application,_T,Total,_T,Total,_T,Total,_Z,Not applicable,_Z,Not applicable,Q,Constant prices,2015,,936.244,,2020,,,,,,,,,,0,Units,1,One
DATAFLOW,OECD.ELS.HD:DSD_SHA@DF_SHA(1.1),Health expenditure and financing,I,SWE,Sweden,A,Annual,EXP_HEALTH,Expenditure,USD_PPP_PS,"US dollars per person, PPP converted",HF2HF3,Voluntary schemes/household out-of-pocket payments,_Z,Not application,_T,Total,_T,Total,_T,Total,_Z,Not applicable,_Z,Not applicable,Q,Constant prices,2016,,932.856,,2020,,,,,,,,,,0,Units,1,One
DATAFLOW,OECD.ELS.HD:DSD_SHA@DF_SHA(1.1),Health expenditure and financing,I,SWE,Sweden,A,Annual,EXP_HEALTH,Expenditure,USD_PPP_PS,"US dollars per person, PPP converted",HF2HF3,Voluntary schemes/household out-of-pocket payments,_Z,Not application,_T,Total,_T,Total,_T,Total,_Z,Not applicable,_Z,Not applicable,Q,Constant prices,2017,,909.04,,2020,,,,,,,,,,0,Units,1,One
DATAFLOW,OECD.ELS.HD:DSD_SHA@DF_SHA(1.1),Health expenditure and financing,I,SWE,Sweden,A,Annual,EXP_HEALTH,Expenditure,USD_PPP_PS,"US dollars per person, PPP converted",HF1,Government/compulsory schemes,_Z,Not application,_T,Total,_T,Total,_T,Total,_Z,Not applicable,_Z,Not applicable,Q,Constant prices,2015,,4845.785,,2020,,,,,,,,,,0,Units,1,One
DATAFLOW,OECD.ELS.HD:DSD_SHA@DF_SHA(1.1),Health expenditure and financing,I,SWE,Sweden,A,Annual,EXP_HEALTH,Expenditure,USD_PPP_PS,"US dollars per person, PPP converted",HF1,Government/compulsory schemes,_Z,Not application,_T,Total,_T,Total,_T,Total,_Z,Not applicable,_Z,Not applicable,Q,Constant prices,2016,,4933.265,,2020,,,,,,,,,,0,Units,1,One
DATAFLOW,OECD.ELS.HD:DSD_SHA@DF_SHA(1.1),Health expenditure and financing,I,SWE,Sweden,A,Annual,EXP_HEALTH,Expenditure,USD_PPP_PS,"US dollars per person, PPP converted",HF1,Government/compulsory schemes,_Z,Not application,_T,Total,_T,Total,_T,Total,_Z,Not applicable,_Z,Not applicable,Q,Constant prices,2017,,4976.169,,2020,,,,,,,,,,0,Units,1,One
DATAFLOW,OECD.ELS.HD:DSD_SHA@DF_SHA(1.1),Health expenditure and financing,I,SWE,Sweden,A,Annual,EXP_HEALTH,Expenditure,USD_PPP_PS,"US dollars per person, PPP converted",_T,Total,_Z,Not application,_T,Total,_T,Total,_T,Total,_Z,Not applicable,_Z,Not applicable,Q,Constant prices,2015,,5782.029,,2020,,,,,,,,,,0,Units,1,One
DATAFLOW,OECD.ELS.HD:DSD_SHA@DF_SHA(1.1),Health expenditure and financing,I,SWE,Sweden,A,Annual,EXP_HEALTH,Expenditure,USD_PPP_PS,"US dollars per person, PPP converted",_T,Total,_Z,Not application,_T,Total,_T,Total,_T,Total,_Z,Not applicable,_Z,Not applicable,Q,Constant prices,2016,,5866.121,,2020,,,,,,,,,,0,Units,1,One
DATAFLOW,OECD.ELS.HD:DSD_SHA@DF_SHA(1.1),Health expenditure and financing,I,SWE,Sweden,A,Annual,EXP_HEALTH,Expenditure,USD_PPP_PS,"US dollars per person, PPP converted",_T,Total,_Z,Not application,_T,Total,_T,Total,_T,Total,_Z,Not applicable,_Z,Not applicable,Q,Constant prices,2017,,5885.21,,2020,,,,,,,,,,0,Units,1,One
DATAFLOW,OECD.ELS.HD:DSD_SHA@DF_SHA(1.1),Health expenditure and financing,I,SWE,Sweden,A,Annual,EXP_HEALTH,Expenditure,PT_B1GQ,Percentage of GDP,HF1,Government/compulsory schemes,_Z,Not application,_T,Total,_T,Total,_T,Total,_Z,Not applicable,_Z,Not applicable,_Z,Not applicable,2015,,9.163,,,,,,,,,,,,0,Units,1,One
DATAFLOW,OECD.ELS.HD:DSD_SHA@DF_SHA(1.1),Health expenditure and financing,I,SWE,Sweden,A,Annual,EXP_HEALTH,Expenditure,PT_B1GQ,Percentage of GDP,HF1,Government/compulsory schemes,_Z,Not application,_T,Total,_T,Total,_T,Total,_Z,Not applicable,_Z,Not applicable,_Z,Not applicable,2016,,9.234,,,,,,,,,,,,0,Units,1,One
DATAFLOW,OECD.ELS.HD:DSD_SHA@DF_SHA(1.1),Health expenditure and financing,I,SWE,Sweden,A,Annual,EXP_HEALTH,Expenditure,PT_B1GQ,Percentage of GDP,HF1,Government/compulsory schemes,_Z,Not application,_T,Total,_T,Total,_T,Total,_Z,Not applicable,_Z,Not applicable,_Z,Not applicable,2017,,9.271,,,,,,,,,,,,0,Units,1,One
DATAFLOW,OECD.ELS.HD:DSD_SHA@DF_SHA(1.1),Health expenditure and financing,I,SWE,Sweden,A,Annual,EXP_HEALTH,Expenditure,PT_B1GQ,Percentage of GDP,HF2HF3,Voluntary schemes/household out-of-pocket payments,_Z,Not application,_T,Total,_T,Total,_T,Total,_Z,Not applicable,_Z,Not applicable,_Z,Not applicable,2015,,1.77,,,,,,,,,,,,0,Units,1,One
DATAFLOW,OECD.ELS.HD:DSD_SHA@DF_SHA(1.1),Health expenditure and financing,I,SWE,Sweden,A,Annual,EXP_HEALTH,Expenditure,PT_B1GQ,Percentage of GDP,HF2HF3,Voluntary schemes/household out-of-pocket payments,_Z,Not application,_T,Total,_T,Total,_T,Total,_Z,Not applicable,_Z,Not applicable,_Z,Not applicable,2016,,1.746,,,,,,,,,,,,0,Units,1,One
DATAFLOW,OECD.ELS.HD:DSD_SHA@DF_SHA(1.1),Health expenditure and financing,I,SWE,Sweden,A,Annual,EXP_HEALTH,Expenditure,PT_B1GQ,Percentage of GDP,HF2HF3,Voluntary schemes/household out-of-pocket payments,_Z,Not application,_T,Total,_T,Total,_T,Total,_Z,Not applicable,_Z,Not applicable,_Z,Not applicable,2017,,1.694,,,,,,,,,,,,0,Units,1,One
DATAFLOW,OECD.ELS.HD:DSD_SHA@DF_SHA(1.1),Health expenditure and financing,I,SWE,Sweden,A,Annual,EXP_HEALTH,Expenditure,PT_B1GQ,Percentage of GDP,_T,Total,_Z,Not application,_T,Total,_T,Total,_T,Total,_Z,Not applicable,_Z,Not applicable,_Z,Not applicable,2015,,10.933,,,,,,,,,,,,0,Units,1,One
DATAFLOW,OECD.ELS.HD:DSD_SHA@DF_SHA(1.1),Health expenditure and financing,I,SWE,Sweden,A,Annual,EXP_HEALTH,Expenditure,PT_B1GQ,Percentage of GDP,_T,Total,_Z,Not application,_T,Total,_T,Total,_T,Total,_Z,Not applicable,_Z,Not applicable,_Z,Not applicable,2016,,10.98,,,,,,,,,,,,0,Units,1,One
DATAFLOW,OECD.ELS.HD:DSD_SHA@DF_SHA(1.1),Health expenditure and financing,I,SWE,Sweden,A,Annual,EXP_HEALTH,Expenditure,PT_B1GQ,Percentage of GDP,_T,Total,_Z,Not application,_T,Total,_T,Total,_T,Total,_Z,Not applicable,_Z,Not applicable,_Z,Not applicable,2017,,10.964,,,,,,,,,,,,0,Units,1,One
DATAFLOW,OECD.ELS.HD:DSD_SHA@DF_SHA(1.1),Health expenditure and financing,I,SWE,Sweden,A,Annual,EXP_HEALTH,Expenditure,USD_PPP_PS,"US dollars per person, PPP converted",HF2HF3,Voluntary schemes/household out-of-pocket payments,_Z,Not application,_T,Total,_T,Total,_T,Total,_Z,Not applicable,_Z,Not applicable,V,Current prices,2015,,814.245,,,,,,,,,,,,0,Units,1,One
DATAFLOW,OECD.ELS.HD:DSD_SHA@DF_SHA(1.1),Health expenditure and financing,I,SWE,Sweden,A,Annual,EXP_HEALTH,Expenditure,USD_PPP_PS,"US dollars per person, PPP converted",HF2HF3,Voluntary schemes/household out-of-pocket payments,_Z,Not application,_T,Total,_T,Total,_T,Total,_Z,Not applicable,_Z,Not applicable,V,Current prices,2016,,820.809,,,,,,,,,,,,0,Units,1,One
DATAFLOW,OECD.ELS.HD:DSD_SHA@DF_SHA(1.1),Health expenditure and financing,I,SWE,Sweden,A,Annual,EXP_HEALTH,Expenditure,USD_PPP_PS,"US dollars per person, PPP converted",HF2HF3,Voluntary schemes/household out-of-pocket payments,_Z,Not application,_T,Total,_T,Total,_T,Total,_Z,Not applicable,_Z,Not applicable,V,Current prices,2017,,810.743,,,,,,,,,,,,0,Units,1,One
DATAFLOW,OECD.ELS.HD:DSD_SHA@DF_SHA(1.1),Health expenditure and financing,I,SWE,Sweden,A,Annual,EXP_HEALTH,Expenditure,USD_PPP_PS,"US dollars per person, PPP converted",HF1,Government/compulsory schemes,_Z,Not application,_T,Total,_T,Total,_T,Total,_Z,Not applicable,_Z,Not applicable,V,Current prices,2015,,4214.346,,,,,,,,,,,,0,Units,1,One
DATAFLOW,OECD.ELS.HD:DSD_SHA@DF_SHA(1.1),Health expenditure and financing,I,SWE,Sweden,A,Annual,EXP_HEALTH,Expenditure,USD_PPP_PS,"US dollars per person, PPP converted",HF1,Government/compulsory schemes,_Z,Not application,_T,Total,_T,Total,_T,Total,_Z,Not applicable,_Z,Not applicable,V,Current prices,2016,,4340.724,,,,,,,,,,,,0,Units,1,One
DATAFLOW,OECD.ELS.HD:DSD_SHA@DF_SHA(1.1),Health expenditure and financing,I,SWE,Sweden,A,Annual,EXP_HEALTH,Expenditure,USD_PPP_PS,"US dollars per person, PPP converted",HF1,Government/compulsory schemes,_Z,Not application,_T,Total,_T,Total,_T,Total,_Z,Not applicable,_Z,Not applicable,V,Current prices,2017,,4438.081,,,,,,,,,,,,0,Units,1,One
DATAFLOW,OECD.ELS.HD:DSD_SHA@DF_SHA(1.1),Health expenditure and financing,I,SWE,Sweden,A,Annual,EXP_HEALTH,Expenditure,USD_PPP_PS,"US dollars per person, PPP converted",_T,Total,_Z,Not application,_T,Total,_T,Total,_T,Total,_Z,Not applicable,_Z,Not applicable,V,Current prices,2015,,5028.591,,,,,,,,,,,,0,Units,1,One
DATAFLOW,OECD.ELS.HD:DSD_SHA@DF_SHA(1.1),Health expenditure and financing,I,SWE,Sweden,A,Annual,EXP_HEALTH,Expenditure,USD_PPP_PS,"US dollars per person, PPP converted",_T,Total,_Z,Not application,_T,Total,_T,Total,_T,Total,_Z,Not applicable,_Z,Not applicable,V,Current prices,2016,,5161.533,,,,,,,,,,,,0,Units,1,One
DATAFLOW,OECD.ELS.HD:DSD_SHA@DF_SHA(1.1),Health expenditure and financing,I,SWE,Sweden,A,Annual,EXP_HEALTH,Expenditure,USD_PPP_PS,"US dollars per person, PPP converted",_T,Total,_Z,Not application,_T,Total,_T,Total,_T,Total,_Z,Not applicable,_Z,Not applicable,V,Current prices,2017,,5248.824,,,,,,,,,,,,0,Units,1,One
DATAFLOW,OECD.ELS.HD:DSD_SHA@DF_SHA(1.1),Health expenditure and financing,I,POL,Poland,A,Annual,EXP_HEALTH,Expenditure,USD_PPP_PS,"US dollars per person, PPP converted",HF2HF3,Voluntary schemes/household out-of-pocket payments,_Z,Not application,_T,Total,_T,Total,_T,Total,_Z,Not applicable,_Z,Not applicable,Q,Constant prices,2015,,620.789,,2020,,,,,,,,,,0,Units,1,One
DATAFLOW,OECD.ELS.HD:DSD_SHA@DF_SHA(1.1),Health expenditure and financing,I,POL,Poland,A,Annual,EXP_HEALTH,Expenditure,USD_PPP_PS,"US dollars per person, PPP converted",HF1,Government/compulsory schemes,_Z,Not application,_T,Total,_T,Total,_T,Total,_Z,Not applicable,_Z,Not applicable,Q,Constant prices,2015,,1431.004,,2020,,,,,,,,,,0,Units,1,One
DATAFLOW,OECD.ELS.HD:DSD_SHA@DF_SHA(1.1),Health expenditure and financing,I,POL,Poland,A,Annual,EXP_HEALTH,Expenditure,USD_PPP_PS,"US dollars per person, PPP converted",_T,Total,_Z,Not application,_T,Total,_T,Total,_T,Total,_Z,Not applicable,_Z,Not applicable,Q,Constant prices,2015,,2051.793,,2020,,,,,,,,,,0,Units,1,One
DATAFLOW,OECD.ELS.HD:DSD_SHA@DF_SHA(1.1),Health expenditure and financing,I,POL,Poland,A,Annual,EXP_HEALTH,Expenditure,PT_B1GQ,Percentage of GDP,HF2HF3,Voluntary schemes/household out-of-pocket payments,_Z,Not application,_T,Total,_T,Total,_T,Total,_Z,Not applicable,_Z,Not applicable,_Z,Not applicable,2015,,1.926,,,,,,,,,,,,0,Units,1,One
DATAFLOW,OECD.ELS.HD:DSD_SHA@DF_SHA(1.1),Health expenditure and financing,I,POL,Poland,A,Annual,EXP_HEALTH,Expenditure,PT_B1GQ,Percentage of GDP,_T,Total,_Z,Not application,_T,Total,_T,Total,_T,Total,_Z,Not applicable,_Z,Not applicable,_Z,Not applicable,2015,,6.365,,,,,,,,,,,,0,Units,1,One
DATAFLOW,OECD.ELS.HD:DSD_SHA@DF_SHA(1.1),Health expenditure and financing,I,POL,Poland,A,Annual,EXP_HEALTH,Expenditure,PT_B1GQ,Percentage of GDP,HF1,Government/compulsory schemes,_Z,Not application,_T,Total,_T,Total,_T,Total,_Z,Not applicable,_Z,Not applicable,_Z,Not applicable,2015,,4.439,,,,,,,,,,,,0,Units,1,One
DATAFLOW,OECD.ELS.HD:DSD_SHA@DF_SHA(1.1),Health expenditure and financing,I,POL,Poland,A,Annual,EXP_HEALTH,Expenditure,USD_PPP_PS,"US dollars per person, PPP converted",HF1,Government/compulsory schemes,_Z,Not application,_T,Total,_T,Total,_T,Total,_Z,Not applicable,_Z,Not applicable,V,Current prices,2015,,1268.563,,,,,,,,,,,,0,Units,1,One
DATAFLOW,OECD.ELS.HD:DSD_SHA@DF_SHA(1.1),Health expenditure and financing,I,POL,Poland,A,Annual,EXP_HEALTH,Expenditure,USD_PPP_PS,"US dollars per person, PPP converted",_T,Total,_Z,Not application,_T,Total,_T,Total,_T,Total,_Z,Not applicable,_Z,Not applicable,V,Current prices,2015,,1818.883,,,,,,,,,,,,0,Units,1,One
DATAFLOW,OECD.ELS.HD:DSD_SHA@DF_SHA(1.1),Health expenditure and financing,I,POL,Poland,A,Annual,EXP_HEALTH,Expenditure,USD_PPP_PS,"US dollars per person, PPP converted",HF2HF3,Voluntary schemes/household out-of-pocket payments,_Z,Not application,_T,Total,_T,Total,_T,Total,_Z,Not applicable,_Z,Not applicable,V,Current prices,2015,,550.32,,,,,,,,,,,,0,Units,1,One
DATAFLOW,OECD.ELS.HD:DSD_SHA@DF_SHA(1.1),Health expenditure and financing,I,JPN,Japan,A,Annual,EXP_HEALTH,Expenditure,PT_B1GQ,Percentage of GDP,HF1,Government/compulsory schemes,_Z,Not application,_T,Total,_T,Total,_T,Total,_Z,Not applicable,_Z,Not applicable,_Z,Not applicable,2015,,8.86,,,,,,,,,,,,0,Units,1,One
DATAFLOW,OECD.ELS.HD:DSD_SHA@DF_SHA(1.1),Health expenditure and financing,I,JPN,Japan,A,Annual,EXP_HEALTH,Expenditure,PT_B1GQ,Percentage of GDP,HF1,Government/compulsory schemes,_Z,Not application,_T,Total,_T,Total,_T,Total,_Z,Not applicable,_Z,Not applicable,_Z,Not applicable,2016,,8.77,,,,,,,,,,,,0,Units,1,One
DATAFLOW,OECD.ELS.HD:DSD_SHA@DF_SHA(1.1),Health expenditure and financing,I,JPN,Japan,A,Annual,EXP_HEALTH,Expenditure,PT_B1GQ,Percentage of GDP,HF1,Government/compulsory schemes,_Z,Not application,_T,Total,_T,Total,_T,Total,_Z,Not applicable,_Z,Not applicable,_Z,Not applicable,2017,,8.783,,,,,,,,,,,,0,Units,1,One
DATAFLOW,OECD.ELS.HD:DSD_SHA@DF_SHA(1.1),Health expenditure and financing,I,JPN,Japan,A,Annual,EXP_HEALTH,Expenditure,PT_B1GQ,Percentage of GDP,HF1,Government/compulsory schemes,_Z,Not application,_T,Total,_T,Total,_T,Total,_Z,Not applicable,_Z,Not applicable,_Z,Not applicable,2018,,8.799,,,,,,,,,,,,0,Units,1,One
DATAFLOW,OECD.ELS.HD:DSD_SHA@DF_SHA(1.1),Health expenditure and financing,I,JPN,Japan,A,Annual,EXP_HEALTH,Expenditure,PT_B1GQ,Percentage of GDP,HF1,Government/compulsory schemes,_Z,Not application,_T,Total,_T,Total,_T,Total,_Z,Not applicable,_Z,Not applicable,_Z,Not applicable,2019,,8.987,,,,,,,,,,,,0,Units,1,One
DATAFLOW,OECD.ELS.HD:DSD_SHA@DF_SHA(1.1),Health expenditure and financing,I,JPN,Japan,A,Annual,EXP_HEALTH,Expenditure,PT_B1GQ,Percentage of GDP,HF1,Government/compulsory schemes,_Z,Not application,_T,Total,_T,Total,_T,Total,_Z,Not applicable,_Z,Not applicable,_Z,Not applicable,2020,,9.524,,,,,,,,,,,,0,Units,1,One
DATAFLOW,OECD.ELS.HD:DSD_SHA@DF_SHA(1.1),Health expenditure and financing,I,JPN,Japan,A,Annual,EXP_HEALTH,Expenditure,PT_B1GQ,Percentage of GDP,HF1,Government/compulsory schemes,_Z,Not application,_T,Total,_T,Total,_T,Total,_Z,Not applicable,_Z,Not applicable,_Z,Not applicable,2021,,10.111,,,,,,,,,,,,0,Units,1,One
DATAFLOW,OECD.ELS.HD:DSD_SHA@DF_SHA(1.1),Health expenditure and financing,I,JPN,Japan,A,Annual,EXP_HEALTH,Expenditure,PT_B1GQ,Percentage of GDP,HF1,Government/compulsory schemes,_Z,Not application,_T,Total,_T,Total,_T,Total,_Z,Not applicable,_Z,Not applicable,_Z,Not applicable,2022,,10.066,,,,,,,,,,,,0,Units,1,One
DATAFLOW,OECD.ELS.HD:DSD_SHA@DF_SHA(1.1),Health expenditure and financing,I,JPN,Japan,A,Annual,EXP_HEALTH,Expenditure,PT_B1GQ,Percentage of GDP,HF1,Government/compulsory schemes,_Z,Not application,_T,Total,_T,Total,_T,Total,_Z,Not applicable,_Z,Not applicable,_Z,Not applicable,2023,,9.159,,,,,,,,,,,,0,Units,1,One
DATAFLOW,OECD.ELS.HD:DSD_SHA@DF_SHA(1.1),Health expenditure and financing,I,JPN,Japan,A,Annual,EXP_HEALTH,Expenditure,PT_B1GQ,Percentage of GDP,HF2HF3,Voluntary schemes/household out-of-pocket payments,_Z,Not application,_T,Total,_T,Total,_T,Total,_Z,Not applicable,_Z,Not applicable,_Z,Not applicable,2015,,1.677,,,,,,,,,,,,0,Units,1,One
DATAFLOW,OECD.ELS.HD:DSD_SHA@DF_SHA(1.1),Health expenditure and financing,I,JPN,Japan,A,Annual,EXP_HEALTH,Expenditure,PT_B1GQ,Percentage of GDP,HF2HF3,Voluntary schemes/household out-of-pocket payments,_Z,Not application,_T,Total,_T,Total,_T,Total,_Z,Not applicable,_Z,Not applicable,_Z,Not applicable,2016,,1.666,,,,,,,,,,,,0,Units,1,One
DATAFLOW,OECD.ELS.HD:DSD_SHA@DF_SHA(1.1),Health expenditure and financing,I,JPN,Japan,A,Annual,EXP_HEALTH,Expenditure,PT_B1GQ,Percentage of GDP,HF2HF3,Voluntary schemes/household out-of-pocket payments,_Z,Not application,_T,Total,_T,Total,_T,Total,_Z,Not applicable,_Z,Not applicable,_Z,Not applicable,2017,,1.646,,,,,,,,,,,,0,Units,1,One
DATAFLOW,OECD.ELS.HD:DSD_SHA@DF_SHA(1.1),Health expenditure and financing,I,JPN,Japan,A,Annual,EXP_HEALTH,Expenditure,PT_B1GQ,Percentage of GDP,HF2HF3,Voluntary schemes/household out-of-pocket payments,_Z,Not application,_T,Total,_T,Total,_T,Total,_Z,Not applicable,_Z,Not applicable,_Z,Not applicable,2018,,1.705,,,,,,,,,,,,0,Units,1,One
DATAFLOW,OECD.ELS.HD:DSD_SHA@DF_SHA(1.1),Health expenditure and financing,I,JPN,Japan,A,Annual,EXP_HEALTH,Expenditure,PT_B1GQ,Percentage of GDP,HF2HF3,Voluntary schemes/household out-of-pocket payments,_Z,Not application,_T,Total,_T,Total,_T,Total,_Z,Not applicable,_Z,Not applicable,_Z,Not applicable,2019,,1.716,,,,,,,,,,,,0,Units,1,One
DATAFLOW,OECD.ELS.HD:DSD_SHA@DF_SHA(1.1),Health expenditure and financing,I,JPN,Japan,A,Annual,EXP_HEALTH,Expenditure,PT_B1GQ,Percentage of GDP,HF2HF3,Voluntary schemes/household out-of-pocket payments,_Z,Not application,_T,Total,_T,Total,_T,Total,_Z,Not applicable,_Z,Not applicable,_Z,Not applicable,2020,,1.633,,,,,,,,,,,,0,Units,1,One
DATAFLOW,OECD.ELS.HD:DSD_SHA@DF_SHA(1.1),Health expenditure and financing,I,JPN,Japan,A,Annual,EXP_HEALTH,Expenditure,PT_B1GQ,Percentage of GDP,HF2HF3,Voluntary schemes/household out-of-pocket payments,_Z,Not application,_T,Total,_T,Total,_T,Total,_Z,Not applicable,_Z,Not applicable,_Z,Not applicable,2021,,1.596,,,,,,,,,,,,0,Units,1,One
DATAFLOW,OECD.ELS.HD:DSD_SHA@DF_SHA(1.1),Health expenditure and financing,I,JPN,Japan,A,Annual,EXP_HEALTH,Expenditure,PT_B1GQ,Percentage of GDP,HF2HF3,Voluntary schemes/household out-of-pocket payments,_Z,Not application,_T,Total,_T,Total,_T,Total,_Z,Not applicable,_Z,Not applicable,_Z,Not applicable,2022,,1.625,,,,,,,,,,,,0,Units,1,One
DATAFLOW,OECD.ELS.HD:DSD_SHA@DF_SHA(1.1),Health expenditure and financing,I,JPN,Japan,A,Annual,EXP_HEALTH,Expenditure,PT_B1GQ,Percentage of GDP,HF2HF3,Voluntary schemes/household out-of-pocket payments,_Z,Not application,_T,Total,_T,Total,_T,Total,_Z,Not applicable,_Z,Not applicable,_Z,Not applicable,2023,,1.595,,,,,,,,,,,,0,Units,1,One
DATAFLOW,OECD.ELS.HD:DSD_SHA@DF_SHA(1.1),Health expenditure and financing,I,JPN,Japan,A,Annual,EXP_HEALTH,Expenditure,PT_B1GQ,Percentage of GDP,_T,Total,_Z,Not application,_T,Total,_T,Total,_T,Total,_Z,Not applicable,_Z,Not applicable,_Z,Not applicable,2015,,10.538,,,,,,,,,,,,0,Units,1,One
DATAFLOW,OECD.ELS.HD:DSD_SHA@DF_SHA(1.1),Health expenditure and financing,I,JPN,Japan,A,Annual,EXP_HEALTH,Expenditure,PT_B1GQ,Percentage of GDP,_T,Total,_Z,Not application,_T,Total,_T,Total,_T,Total,_Z,Not applicable,_Z,Not applicable,_Z,Not applicable,2016,,10.436,,,,,,,,,,,,0,Units,1,One
DATAFLOW,OECD.ELS.HD:DSD_SHA@DF_SHA(1.1),Health expenditure and financing,I,JPN,Japan,A,Annual,EXP_HEALTH,Expenditure,PT_B1GQ,Percentage of GDP,_T,Total,_Z,Not application,_T,Total,_T,Total,_T,Total,_Z,Not applicable,_Z,Not applicable,_Z,Not applicable,2017,,10.429,,,,,,,,,,,,0,Units,1,One
DATAFLOW,OECD.ELS.HD:DSD_SHA@DF_SHA(1.1),Health expenditure and financing,I,JPN,Japan,A,Annual,EXP_HEALTH,Expenditure,PT_B1GQ,Percentage of GDP,_T,Total,_Z,Not application,_T,Total,_T,Total,_T,Total,_Z,Not applicable,_Z,Not applicable,_Z,Not applicable,2018,,10.504,,,,,,,,,,,,0,Units,1,One
DATAFLOW,OECD.ELS.HD:DSD_SHA@DF_SHA(1.1),Health expenditure and financing,I,JPN,Japan,A,Annual,EXP_HEALTH,Expenditure,PT_B1GQ,Percentage of GDP,_T,Total,_Z,Not application,_T,Total,_T,Total,_T,Total,_Z,Not applicable,_Z,Not applicable,_Z,Not applicable,2019,,10.703,,,,,,,,,,,,0,Units,1,One
DATAFLOW,OECD.ELS.HD:DSD_SHA@DF_SHA(1.1),Health expenditure and financing,I,JPN,Japan,A,Annual,EXP_HEALTH,Expenditure,PT_B1GQ,Percentage of GDP,_T,Total,_Z,Not application,_T,Total,_T,Total,_T,Total,_Z,Not applicable,_Z,Not applicable,_Z,Not applicable,2020,,11.157,,,,,,,,,,,,0,Units,1,One
DATAFLOW,OECD.ELS.HD:DSD_SHA@DF_SHA(1.1),Health expenditure and financing,I,JPN,Japan,A,Annual,EXP_HEALTH,Expenditure,PT_B1GQ,Percentage of GDP,_T,Total,_Z,Not application,_T,Total,_T,Total,_T,Total,_Z,Not applicable,_Z,Not applicable,_Z,Not applicable,2021,,11.708,,,,,,,,,,,,0,Units,1,One
DATAFLOW,OECD.ELS.HD:DSD_SHA@DF_SHA(1.1),Health expenditure and financing,I,JPN,Japan,A,Annual,EXP_HEALTH,Expenditure,PT_B1GQ,Percentage of GDP,_T,Total,_Z,Not application,_T,Total,_T,Total,_T,Total,_Z,Not applicable,_Z,Not applicable,_Z,Not applicable,2022,,11.691,,,,,,,,,,,,0,Units,1,One
DATAFLOW,OECD.ELS.HD:DSD_SHA@DF_SHA(1.1),Health expenditure and financing,I,JPN,Japan,A,Annual,EXP_HEALTH,Expenditure,PT_B1GQ,Percentage of GDP,_T,Total,_Z,Not application,_T,Total,_T,Total,_T,Total,_Z,Not applicable,_Z,Not applicable,_Z,Not applicable,2023,,10.754,,,,,,,,,,,,0,Units,1,One
DATAFLOW,OECD.ELS.HD:DSD_SHA@DF_SHA(1.1),Health expenditure and financing,I,JPN,Japan,A,Annual,EXP_HEALTH,Expenditure,USD_PPP_PS,"US dollars per person, PPP converted",HF2HF3,Voluntary schemes/household out-of-pocket payments,_Z,Not application,_T,Total,_T,Total,_T,Total,_Z,Not applicable,_Z,Not applicable,V,Current prices,2015,,718.742,,,,,,,,,,,,0,Units,1,One
DATAFLOW,OECD.ELS.HD:DSD_SHA@DF_SHA(1.1),Health expenditure and financing,I,JPN,Japan,A,Annual,EXP_HEALTH,Expenditure,USD_PPP_PS,"US dollars per person, PPP converted",HF2HF3,Voluntary schemes/household out-of-pocket payments,_Z,Not application,_T,Total,_T,Total,_T,Total,_Z,Not applicable,_Z,Not applicable,V,Current prices,2016,,685.15,,,,,,,,,,,,0,Units,1,One
DATAFLOW,OECD.ELS.HD:DSD_SHA@DF_SHA(1.1),Health expenditure and financing,I,JPN,Japan,A,Annual,EXP_HEALTH,Expenditure,USD_PPP_PS,"US dollars per person, PPP converted",HF2HF3,Voluntary schemes/household out-of-pocket payments,_Z,Not application,_T,Total,_T,Total,_T,Total,_Z,Not applicable,_Z,Not applicable,V,Current prices,2017,,695.417,,,,,,,,,,,,0,Units,1,One
DATAFLOW,OECD.ELS.HD:DSD_SHA@DF_SHA(1.1),Health expenditure and financing,I,JPN,Japan,A,Annual,EXP_HEALTH,Expenditure,USD_PPP_PS,"US dollars per person, PPP converted",HF2HF3,Voluntary schemes/household out-of-pocket payments,_Z,Not application,_T,Total,_T,Total,_T,Total,_Z,Not applicable,_Z,Not applicable,V,Current prices,2018,,737.335,,,,,,,,,,,,0,Units,1,One
DATAFLOW,OECD.ELS.HD:DSD_SHA@DF_SHA(1.1),Health expenditure and financing,I,JPN,Japan,A,Annual,EXP_HEALTH,Expenditure,USD_PPP_PS,"US dollars per person, PPP converted",HF2HF3,Voluntary schemes/household out-of-pocket payments,_Z,Not application,_T,Total,_T,Total,_T,Total,_Z,Not applicable,_Z,Not applicable,V,Current prices,2019,,747.212,,,,,,,,,,,,0,Units,1,One
DATAFLOW,OECD.ELS.HD:DSD_SHA@DF_SHA(1.1),Health expenditure and financing,I,JPN,Japan,A,Annual,EXP_HEALTH,Expenditure,USD_PPP_PS,"US dollars per person, PPP converted",HF2HF3,Voluntary schemes/household out-of-pocket payments,_Z,Not application,_T,Total,_T,Total,_T,Total,_Z,Not applicable,_Z,Not applicable,V,Current prices,2020,,710.987,,,,,,,,,,,,0,Units,1,One
DATAFLOW,OECD.ELS.HD:DSD_SHA@DF_SHA(1.1),Health expenditure and financing,I,JPN,Japan,A,Annual,EXP_HEALTH,Expenditure,USD_PPP_PS,"US dollars per person, PPP converted",HF2HF3,Voluntary schemes/household out-of-pocket payments,_Z,Not application,_T,Total,_T,Total,_T,Total,_Z,Not applicable,_Z,Not applicable,V,Current prices,2021,,745.179,,,,,,,,,,,,0,Units,1,One
DATAFLOW,OECD.ELS.HD:DSD_SHA@DF_SHA(1.1),Health expenditure and financing,I,JPN,Japan,A,Annual,EXP_HEALTH,Expenditure,USD_PPP_PS,"US dollars per person, PPP converted",HF2HF3,Voluntary schemes/household out-of-pocket payments,_Z,Not application,_T,Total,_T,Total,_T,Total,_Z,Not applicable,_Z,Not applicable,V,Current prices,2022,,816.835,,,,,,,,,,,,0,Units,1,One
DATAFLOW,OECD.ELS.HD:DSD_SHA@DF_SHA(1.1),Health expenditure and financing,I,JPN,Japan,A,Annual,EXP_HEALTH,Expenditure,USD_PPP_PS,"US dollars per person, PPP converted",HF2HF3,Voluntary schemes/household out-of-pocket payments,_Z,Not application,_T,Total,_T,Total,_T,Total,_Z,Not applicable,_Z,Not applicable,V,Current prices,2023,,884.559,,,,,,,,,,,,0,Units,1,One
DATAFLOW,OECD.ELS.HD:DSD_SHA@DF_SHA(1.1),Health expenditure and financing,I,JPN,Japan,A,Annual,EXP_HEALTH,Expenditure,USD_PPP_PS,"US dollars per person, PPP converted",HF1,Government/compulsory schemes,_Z,Not application,_T,Total,_T,Total,_T,Total,_Z,Not applicable,_Z,Not applicable,V,Current prices,2015,,3796.814,,,,,,,,,,,,0,Units,1,One
DATAFLOW,OECD.ELS.HD:DSD_SHA@DF_SHA(1.1),Health expenditure and financing,I,JPN,Japan,A,Annual,EXP_HEALTH,Expenditure,USD_PPP_PS,"US dollars per person, PPP converted",HF1,Government/compulsory schemes,_Z,Not application,_T,Total,_T,Total,_T,Total,_Z,Not applicable,_Z,Not applicable,V,Current prices,2016,,3607.021,,,,,,,,,,,,0,Units,1,One
DATAFLOW,OECD.ELS.HD:DSD_SHA@DF_SHA(1.1),Health expenditure and financing,I,JPN,Japan,A,Annual,EXP_HEALTH,Expenditure,USD_PPP_PS,"US dollars per person, PPP converted",HF1,Government/compulsory schemes,_Z,Not application,_T,Total,_T,Total,_T,Total,_Z,Not applicable,_Z,Not applicable,V,Current prices,2017,,3710.052,,,,,,,,,,,,0,Units,1,One
DATAFLOW,OECD.ELS.HD:DSD_SHA@DF_SHA(1.1),Health expenditure and financing,I,JPN,Japan,A,Annual,EXP_HEALTH,Expenditure,USD_PPP_PS,"US dollars per person, PPP converted",HF1,Government/compulsory schemes,_Z,Not application,_T,Total,_T,Total,_T,Total,_Z,Not applicable,_Z,Not applicable,V,Current prices,2018,,3805.97,,,,,,,,,,,,0,Units,1,One
DATAFLOW,OECD.ELS.HD:DSD_SHA@DF_SHA(1.1),Health expenditure and financing,I,JPN,Japan,A,Annual,EXP_HEALTH,Expenditure,USD_PPP_PS,"US dollars per person, PPP converted",HF1,Government/compulsory schemes,_Z,Not application,_T,Total,_T,Total,_T,Total,_Z,Not applicable,_Z,Not applicable,V,Current prices,2019,,3912.367,,,,,,,,,,,,0,Units,1,One
DATAFLOW,OECD.ELS.HD:DSD_SHA@DF_SHA(1.1),Health expenditure and financing,I,JPN,Japan,A,Annual,EXP_HEALTH,Expenditure,USD_PPP_PS,"US dollars per person, PPP converted",HF1,Government/compulsory schemes,_Z,Not application,_T,Total,_T,Total,_T,Total,_Z,Not applicable,_Z,Not applicable,V,Current prices,2020,,4147.524,,,,,,,,,,,,0,Units,1,One
DATAFLOW,OECD.ELS.HD:DSD_SHA@DF_SHA(1.1),Health expenditure and financing,I,JPN,Japan,A,Annual,EXP_HEALTH,Expenditure,USD_PPP_PS,"US dollars per person, PPP converted",HF1,Government/compulsory schemes,_Z,Not application,_T,Total,_T,Total,_T,Total,_Z,Not applicable,_Z,Not applicable,V,Current prices,2021,,4719.861,,,,,,,,,,,,0,Units,1,One
DATAFLOW,OECD.ELS.HD:DSD_SHA@DF_SHA(1.1),Health expenditure and financing,I,JPN,Japan,A,Annual,EXP_HEALTH,Expenditure,USD_PPP_PS,"US dollars per person, PPP converted",HF1,Government/compulsory schemes,_Z,Not application,_T,Total,_T,Total,_T,Total,_Z,Not applicable,_Z,Not applicable,V,Current prices,2022,,5061.395,,,,,,,,,,,,0,Units,1,One
DATAFLOW,OECD.ELS.HD:DSD_SHA@DF_SHA(1.1),Health expenditure and financing,I,JPN,Japan,A,Annual,EXP_HEALTH,Expenditure,USD_PPP_PS,"US dollars per person, PPP converted",HF1,Government/compulsory schemes,_Z,Not application,_T,Total,_T,Total,_T,Total,_Z,Not applicable,_Z,Not applicable,V,Current prices,2023,,5078.998,,,,,,,,,,,,0,Units,1,One
DATAFLOW,OECD.ELS.HD:DSD_SHA@DF_SHA(1.1),Health expenditure and financing,I,JPN,Japan,A,Annual,EXP_HEALTH,Expenditure,USD_PPP_PS,"US dollars per person, PPP converted",_T,Total,_Z,Not application,_T,Total,_T,Total,_T,Total,_Z,Not applicable,_Z,Not applicable,V,Current prices,2015,,4515.556,,,,,,,,,,,,0,Units,1,One
DATAFLOW,OECD.ELS.HD:DSD_SHA@DF_SHA(1.1),Health expenditure and financing,I,JPN,Japan,A,Annual,EXP_HEALTH,Expenditure,USD_PPP_PS,"US dollars per person, PPP converted",_T,Total,_Z,Not application,_T,Total,_T,Total,_T,Total,_Z,Not applicable,_Z,Not applicable,V,Current prices,2016,,4292.171,,,,,,,,,,,,0,Units,1,One
DATAFLOW,OECD.ELS.HD:DSD_SHA@DF_SHA(1.1),Health expenditure and financing,I,JPN,Japan,A,Annual,EXP_HEALTH,Expenditure,USD_PPP_PS,"US dollars per person, PPP converted",_T,Total,_Z,Not application,_T,Total,_T,Total,_T,Total,_Z,Not applicable,_Z,Not applicable,V,Current prices,2017,,4405.469,,,,,,,,,,,,0,Units,1,One
DATAFLOW,OECD.ELS.HD:DSD_SHA@DF_SHA(1.1),Health expenditure and financing,I,JPN,Japan,A,Annual,EXP_HEALTH,Expenditure,USD_PPP_PS,"US dollars per person, PPP converted",_T,Total,_Z,Not application,_T,Total,_T,Total,_T,Total,_Z,Not applicable,_Z,Not applicable,V,Current prices,2018,,4543.305,,,,,,,,,,,,0,Units,1,One
DATAFLOW,OECD.ELS.HD:DSD_SHA@DF_SHA(1.1),Health expenditure and financing,I,JPN,Japan,A,Annual,EXP_HEALTH,Expenditure,USD_PPP_PS,"US dollars per person, PPP converted",_T,Total,_Z,Not application,_T,Total,_T,Total,_T,Total,_Z,Not applicable,_Z,Not applicable,V,Current prices,2019,,4659.58,,,,,,,,,,,,0,Units,1,One
DATAFLOW,OECD.ELS.HD:DSD_SHA@DF_SHA(1.1),Health expenditure and financing,I,JPN,Japan,A,Annual,EXP_HEALTH,Expenditure,USD_PPP_PS,"US dollars per person, PPP converted",_T,Total,_Z,Not application,_T,Total,_T,Total,_T,Total,_Z,Not applicable,_Z,Not applicable,V,Current prices,2020,,4858.511,,,,,,,,,,,,0,Units,1,One
DATAFLOW,OECD.ELS.HD:DSD_SHA@DF_SHA(1.1),Health expenditure and financing,I,JPN,Japan,A,Annual,EXP_HEALTH,Expenditure,USD_PPP_PS,"US dollars per person, PPP converted",_T,Total,_Z,Not application,_T,Total,_T,Total,_T,Total,_Z,Not applicable,_Z,Not applicable,V,Current prices,2021,,5465.04,,,,,,,,,,,,0,Units,1,One
DATAFLOW,OECD.ELS.HD:DSD_SHA@DF_SHA(1.1),Health expenditure and financing,I,JPN,Japan,A,Annual,EXP_HEALTH,Expenditure,USD_PPP_PS,"US dollars per person, PPP converted",_T,Total,_Z,Not application,_T,Total,_T,Total,_T,Total,_Z,Not applicable,_Z,Not applicable,V,Current prices,2022,,5878.23,,,,,,,,,,,,0,Units,1,One
DATAFLOW,OECD.ELS.HD:DSD_SHA@DF_SHA(1.1),Health expenditure and financing,I,JPN,Japan,A,Annual,EXP_HEALTH,Expenditure,USD_PPP_PS,"US dollars per person, PPP converted",_T,Total,_Z,Not application,_T,Total,_T,Total,_T,Total,_Z,Not applicable,_Z,Not applicable,V,Current prices,2023,,5963.557,,,,,,,,,,,,0,Units,1,One
DATAFLOW,OECD.ELS.HD:DSD_SHA@DF_SHA(1.1),Health expenditure and financing,I,JPN,Japan,A,Annual,EXP_HEALTH,Expenditure,USD_PPP_PS,"US dollars per person, PPP converted",_T,Total,_Z,Not application,_T,Total,_T,Total,_T,Total,_Z,Not applicable,_Z,Not applicable,Q,Constant prices,2015,,4605.609,,2020,,,,,,,,,,0,Units,1,One
DATAFLOW,OECD.ELS.HD:DSD_SHA@DF_SHA(1.1),Health expenditure and financing,I,JPN,Japan,A,Annual,EXP_HEALTH,Expenditure,USD_PPP_PS,"US dollars per person, PPP converted",_T,Total,_Z,Not application,_T,Total,_T,Total,_T,Total,_Z,Not applicable,_Z,Not applicable,Q,Constant prices,2016,,4635.302,,2020,,,,,,,,,,0,Units,1,One
DATAFLOW,OECD.ELS.HD:DSD_SHA@DF_SHA(1.1),Health expenditure and financing,I,JPN,Japan,A,Annual,EXP_HEALTH,Expenditure,USD_PPP_PS,"US dollars per person, PPP converted",_T,Total,_Z,Not application,_T,Total,_T,Total,_T,Total,_Z,Not applicable,_Z,Not applicable,Q,Constant prices,2017,,4694.512,,2020,,,,,,,,,,0,Units,1,One
DATAFLOW,OECD.ELS.HD:DSD_SHA@DF_SHA(1.1),Health expenditure and financing,I,JPN,Japan,A,Annual,EXP_HEALTH,Expenditure,USD_PPP_PS,"US dollars per person, PPP converted",_T,Total,_Z,Not application,_T,Total,_T,Total,_T,Total,_Z,Not applicable,_Z,Not applicable,Q,Constant prices,2018,,4741.327,,2020,,,,,,,,,,0,Units,1,One
DATAFLOW,OECD.ELS.HD:DSD_SHA@DF_SHA(1.1),Health expenditure and financing,I,JPN,Japan,A,Annual,EXP_HEALTH,Expenditure,USD_PPP_PS,"US dollars per person, PPP converted",_T,Total,_Z,Not application,_T,Total,_T,Total,_T,Total,_Z,Not applicable,_Z,Not applicable,Q,Constant prices,2019,,4826.319,,2020,,,,,,,,,,0,Units,1,One
DATAFLOW,OECD.ELS.HD:DSD_SHA@DF_SHA(1.1),Health expenditure and financing,I,JPN,Japan,A,Annual,EXP_HEALTH,Expenditure,USD_PPP_PS,"US dollars per person, PPP converted",_T,Total,_Z,Not application,_T,Total,_T,Total,_T,Total,_Z,Not applicable,_Z,Not applicable,Q,Constant prices,2020,,4858.511,,2020,,,,,,,,,,0,Units,1,One
DATAFLOW,OECD.ELS.HD:DSD_SHA@DF_SHA(1.1),Health expenditure and financing,I,JPN,Japan,A,Annual,EXP_HEALTH,Expenditure,USD_PPP_PS,"US dollars per person, PPP converted",_T,Total,_Z,Not application,_T,Total,_T,Total,_T,Total,_Z,Not applicable,_Z,Not applicable,Q,Constant prices,2021,,5264.429,,2020,,,,,,,,,,0,Units,1,One
DATAFLOW,OECD.ELS.HD:DSD_SHA@DF_SHA(1.1),Health expenditure and financing,I,JPN,Japan,A,Annual,EXP_HEALTH,Expenditure,USD_PPP_PS,"US dollars per person, PPP converted",_T,Total,_Z,Not application,_T,Total,_T,Total,_T,Total,_Z,Not applicable,_Z,Not applicable,Q,Constant prices,2022,,5244.311,,2020,,,,,,,,,,0,Units,1,One
DATAFLOW,OECD.ELS.HD:DSD_SHA@DF_SHA(1.1),Health expenditure and financing,I,JPN,Japan,A,Annual,EXP_HEALTH,Expenditure,USD_PPP_PS,"US dollars per person, PPP converted",_T,Total,_Z,Not application,_T,Total,_T,Total,_T,Total,_Z,Not applicable,_Z,Not applicable,Q,Constant prices,2023,,4960.415,,2020,,,,,,,,,,0,Units,1,One
DATAFLOW,OECD.ELS.HD:DSD_SHA@DF_SHA(1.1),Health expenditure and financing,I,JPN,Japan,A,Annual,EXP_HEALTH,Expenditure,USD_PPP_PS,"US dollars per person, PPP converted",HF1,Government/compulsory schemes,_Z,Not application,_T,Total,_T,Total,_T,Total,_Z,Not applicable,_Z,Not applicable,Q,Constant prices,2015,,3872.534,,2020,,,,,,,,,,0,Units,1,One
DATAFLOW,OECD.ELS.HD:DSD_SHA@DF_SHA(1.1),Health expenditure and financing,I,JPN,Japan,A,Annual,EXP_HEALTH,Expenditure,USD_PPP_PS,"US dollars per person, PPP converted",HF1,Government/compulsory schemes,_Z,Not application,_T,Total,_T,Total,_T,Total,_Z,Not applicable,_Z,Not applicable,Q,Constant prices,2016,,3895.378,,2020,,,,,,,,,,0,Units,1,One
DATAFLOW,OECD.ELS.HD:DSD_SHA@DF_SHA(1.1),Health expenditure and financing,I,JPN,Japan,A,Annual,EXP_HEALTH,Expenditure,USD_PPP_PS,"US dollars per person, PPP converted",HF1,Government/compulsory schemes,_Z,Not application,_T,Total,_T,Total,_T,Total,_Z,Not applicable,_Z,Not applicable,Q,Constant prices,2017,,3953.469,,2020,,,,,,,,,,0,Units,1,One
DATAFLOW,OECD.ELS.HD:DSD_SHA@DF_SHA(1.1),Health expenditure and financing,I,JPN,Japan,A,Annual,EXP_HEALTH,Expenditure,USD_PPP_PS,"US dollars per person, PPP converted",HF1,Government/compulsory schemes,_Z,Not application,_T,Total,_T,Total,_T,Total,_Z,Not applicable,_Z,Not applicable,Q,Constant prices,2018,,3971.855,,2020,,,,,,,,,,0,Units,1,One
DATAFLOW,OECD.ELS.HD:DSD_SHA@DF_SHA(1.1),Health expenditure and financing,I,JPN,Japan,A,Annual,EXP_HEALTH,Expenditure,USD_PPP_PS,"US dollars per person, PPP converted",HF1,Government/compulsory schemes,_Z,Not application,_T,Total,_T,Total,_T,Total,_Z,Not applicable,_Z,Not applicable,Q,Constant prices,2019,,4052.368,,2020,,,,,,,,,,0,Units,1,One
DATAFLOW,OECD.ELS.HD:DSD_SHA@DF_SHA(1.1),Health expenditure and financing,I,JPN,Japan,A,Annual,EXP_HEALTH,Expenditure,USD_PPP_PS,"US dollars per person, PPP converted",HF1,Government/compulsory schemes,_Z,Not application,_T,Total,_T,Total,_T,Total,_Z,Not applicable,_Z,Not applicable,Q,Constant prices,2020,,4147.524,,2020,,,,,,,,,,0,Units,1,One
DATAFLOW,OECD.ELS.HD:DSD_SHA@DF_SHA(1.1),Health expenditure and financing,I,JPN,Japan,A,Annual,EXP_HEALTH,Expenditure,USD_PPP_PS,"US dollars per person, PPP converted",HF1,Government/compulsory schemes,_Z,Not application,_T,Total,_T,Total,_T,Total,_Z,Not applicable,_Z,Not applicable,Q,Constant prices,2021,,4546.604,,2020,,,,,,,,,,0,Units,1,One
DATAFLOW,OECD.ELS.HD:DSD_SHA@DF_SHA(1.1),Health expenditure and financing,I,JPN,Japan,A,Annual,EXP_HEALTH,Expenditure,USD_PPP_PS,"US dollars per person, PPP converted",HF1,Government/compulsory schemes,_Z,Not application,_T,Total,_T,Total,_T,Total,_Z,Not applicable,_Z,Not applicable,Q,Constant prices,2022,,4515.565,,2020,,,,,,,,,,0,Units,1,One
DATAFLOW,OECD.ELS.HD:DSD_SHA@DF_SHA(1.1),Health expenditure and financing,I,JPN,Japan,A,Annual,EXP_HEALTH,Expenditure,USD_PPP_PS,"US dollars per person, PPP converted",HF1,Government/compulsory schemes,_Z,Not application,_T,Total,_T,Total,_T,Total,_Z,Not applicable,_Z,Not applicable,Q,Constant prices,2023,,4224.649,,2020,,,,,,,,,,0,Units,1,One
DATAFLOW,OECD.ELS.HD:DSD_SHA@DF_SHA(1.1),Health expenditure and financing,I,JPN,Japan,A,Annual,EXP_HEALTH,Expenditure,USD_PPP_PS,"US dollars per person, PPP converted",HF2HF3,Voluntary schemes/household out-of-pocket payments,_Z,Not application,_T,Total,_T,Total,_T,Total,_Z,Not applicable,_Z,Not applicable,Q,Constant prices,2015,,733.076,,2020,,,,,,,,,,0,Units,1,One
DATAFLOW,OECD.ELS.HD:DSD_SHA@DF_SHA(1.1),Health expenditure and financing,I,JPN,Japan,A,Annual,EXP_HEALTH,Expenditure,USD_PPP_PS,"US dollars per person, PPP converted",HF2HF3,Voluntary schemes/household out-of-pocket payments,_Z,Not application,_T,Total,_T,Total,_T,Total,_Z,Not applicable,_Z,Not applicable,Q,Constant prices,2016,,739.923,,2020,,,,,,,,,,0,Units,1,One
DATAFLOW,OECD.ELS.HD:DSD_SHA@DF_SHA(1.1),Health expenditure and financing,I,JPN,Japan,A,Annual,EXP_HEALTH,Expenditure,USD_PPP_PS,"US dollars per person, PPP converted",HF2HF3,Voluntary schemes/household out-of-pocket payments,_Z,Not application,_T,Total,_T,Total,_T,Total,_Z,Not applicable,_Z,Not applicable,Q,Constant prices,2017,,741.043,,2020,,,,,,,,,,0,Units,1,One
DATAFLOW,OECD.ELS.HD:DSD_SHA@DF_SHA(1.1),Health expenditure and financing,I,JPN,Japan,A,Annual,EXP_HEALTH,Expenditure,USD_PPP_PS,"US dollars per person, PPP converted",HF2HF3,Voluntary schemes/household out-of-pocket payments,_Z,Not application,_T,Total,_T,Total,_T,Total,_Z,Not applicable,_Z,Not applicable,Q,Constant prices,2018,,769.472,,2020,,,,,,,,,,0,Units,1,One
DATAFLOW,OECD.ELS.HD:DSD_SHA@DF_SHA(1.1),Health expenditure and financing,I,JPN,Japan,A,Annual,EXP_HEALTH,Expenditure,USD_PPP_PS,"US dollars per person, PPP converted",HF2HF3,Voluntary schemes/household out-of-pocket payments,_Z,Not application,_T,Total,_T,Total,_T,Total,_Z,Not applicable,_Z,Not applicable,Q,Constant prices,2019,,773.951,,2020,,,,,,,,,,0,Units,1,One
DATAFLOW,OECD.ELS.HD:DSD_SHA@DF_SHA(1.1),Health expenditure and financing,I,JPN,Japan,A,Annual,EXP_HEALTH,Expenditure,USD_PPP_PS,"US dollars per person, PPP converted",HF2HF3,Voluntary schemes/household out-of-pocket payments,_Z,Not application,_T,Total,_T,Total,_T,Total,_Z,Not applicable,_Z,Not applicable,Q,Constant prices,2020,,710.987,,2020,,,,,,,,,,0,Units,1,One
DATAFLOW,OECD.ELS.HD:DSD_SHA@DF_SHA(1.1),Health expenditure and financing,I,JPN,Japan,A,Annual,EXP_HEALTH,Expenditure,USD_PPP_PS,"US dollars per person, PPP converted",HF2HF3,Voluntary schemes/household out-of-pocket payments,_Z,Not application,_T,Total,_T,Total,_T,Total,_Z,Not applicable,_Z,Not applicable,Q,Constant prices,2021,,717.825,,2020,,,,,,,,,,0,Units,1,One
DATAFLOW,OECD.ELS.HD:DSD_SHA@DF_SHA(1.1),Health expenditure and financing,I,JPN,Japan,A,Annual,EXP_HEALTH,Expenditure,USD_PPP_PS,"US dollars per person, PPP converted",HF2HF3,Voluntary schemes/household out-of-pocket payments,_Z,Not application,_T,Total,_T,Total,_T,Total,_Z,Not applicable,_Z,Not applicable,Q,Constant prices,2022,,728.746,,2020,,,,,,,,,,0,Units,1,One
DATAFLOW,OECD.ELS.HD:DSD_SHA@DF_SHA(1.1),Health expenditure and financing,I,JPN,Japan,A,Annual,EXP_HEALTH,Expenditure,USD_PPP_PS,"US dollars per person, PPP converted",HF2HF3,Voluntary schemes/household out-of-pocket payments,_Z,Not application,_T,Total,_T,Total,_T,Total,_Z,Not applicable,_Z,Not applicable,Q,Constant prices,2023,,735.766,,2020,,,,,,,,,,0,Units,1,One
DATAFLOW,OECD.ELS.HD:DSD_SHA@DF_SHA(1.1),Health expenditure and financing,I,FRA,France,A,Annual,EXP_HEALTH,Expenditure,USD_PPP_PS,"US dollars per person, PPP converted",HF2HF3,Voluntary schemes/household out-of-pocket payments,_Z,Not application,_T,Total,_T,Total,_T,Total,_Z,Not applicable,_Z,Not applicable,Q,Constant prices,2023,,989.69,,2020,,,,,,,,,,0,Units,1,One
DATAFLOW,OECD.ELS.HD:DSD_SHA@DF_SHA(1.1),Health expenditure and financing,I,FRA,France,A,Annual,EXP_HEALTH,Expenditure,USD_PPP_PS,"US dollars per person, PPP converted",_T,Total,_Z,Not application,_T,Total,_T,Total,_T,Total,_Z,Not applicable,_Z,Not applicable,Q,Constant prices,2023,,5937.124,,2020,,,,,,,,,,0,Units,1,One
DATAFLOW,OECD.ELS.HD:DSD_SHA@DF_SHA(1.1),Health expenditure and financing,I,FRA,France,A,Annual,EXP_HEALTH,Expenditure,USD_PPP_PS,"US dollars per person, PPP converted",HF1,Government/compulsory schemes,_Z,Not application,_T,Total,_T,Total,_T,Total,_Z,Not applicable,_Z,Not applicable,Q,Constant prices,2023,,4947.434,,2020,,,,,,,,,,0,Units,1,One
DATAFLOW,OECD.ELS.HD:DSD_SHA@DF_SHA(1.1),Health expenditure and financing,I,FRA,France,A,Annual,EXP_HEALTH,Expenditure,USD_PPP_PS,"US dollars per person, PPP converted",HF2HF3,Voluntary schemes/household out-of-pocket payments,_Z,Not application,_T,Total,_T,Total,_T,Total,_Z,Not applicable,_Z,Not applicable,Q,Constant prices,2021,,1048.848,,2020,,,,,,,,,,0,Units,1,One
DATAFLOW,OECD.ELS.HD:DSD_SHA@DF_SHA(1.1),Health expenditure and financing,I,FRA,France,A,Annual,EXP_HEALTH,Expenditure,USD_PPP_PS,"US dollars per person, PPP converted",_T,Total,_Z,Not application,_T,Total,_T,Total,_T,Total,_Z,Not applicable,_Z,Not applicable,Q,Constant prices,2021,,6237.002,,2020,,,,,,,,,,0,Units,1,One
DATAFLOW,OECD.ELS.HD:DSD_SHA@DF_SHA(1.1),Health expenditure and financing,I,FRA,France,A,Annual,EXP_HEALTH,Expenditure,USD_PPP_PS,"US dollars per person, PPP converted",HF1,Government/compulsory schemes,_Z,Not application,_T,Total,_T,Total,_T,Total,_Z,Not applicable,_Z,Not applicable,Q,Constant prices,2021,,5188.155,,2020,,,,,,,,,,0,Units,1,One
DATAFLOW,OECD.ELS.HD:DSD_SHA@DF_SHA(1.1),Health expenditure and financing,I,FRA,France,A,Annual,EXP_HEALTH,Expenditure,USD_PPP_PS,"US dollars per person, PPP converted",HF1,Government/compulsory schemes,_Z,Not application,_T,Total,_T,Total,_T,Total,_Z,Not applicable,_Z,Not applicable,Q,Constant prices,2022,,5095.659,,2020,,,,,,,,,,0,Units,1,One
DATAFLOW,OECD.ELS.HD:DSD_SHA@DF_SHA(1.1),Health expenditure and financing,I,FRA,France,A,Annual,EXP_HEALTH,Expenditure,USD_PPP_PS,"US dollars per person, PPP converted",_T,Total,_Z,Not application,_T,Total,_T,Total,_T,Total,_Z,Not applicable,_Z,Not applicable,Q,Constant prices,2022,,6125.395,,2020,,,,,,,,,,0,Units,1,One
DATAFLOW,OECD.ELS.HD:DSD_SHA@DF_SHA(1.1),Health expenditure and financing,I,FRA,France,A,Annual,EXP_HEALTH,Expenditure,USD_PPP_PS,"US dollars per person, PPP converted",HF2HF3,Voluntary schemes/household out-of-pocket payments,_Z,Not application,_T,Total,_T,Total,_T,Total,_Z,Not applicable,_Z,Not applicable,Q,Constant prices,2022,,1029.736,,2020,,,,,,,,,,0,Units,1,One
DATAFLOW,OECD.ELS.HD:DSD_SHA@DF_SHA(1.1),Health expenditure and financing,I,DEU,Germany,A,Annual,EXP_HEALTH,Expenditure,USD_PPP_PS,"US dollars per person, PPP converted",HF1,Government/compulsory schemes,_Z,Not application,_T,Total,_T,Total,_T,Total,_Z,Not applicable,_Z,Not applicable,Q,Constant prices,2018,,5729.951,,2020,,,,,,,,,,0,Units,1,One
DATAFLOW,OECD.ELS.HD:DSD_SHA@DF_SHA(1.1),Health expenditure and financing,I,DEU,Germany,A,Annual,EXP_HEALTH,Expenditure,USD_PPP_PS,"US dollars per person, PPP converted",_T,Total,_Z,Not application,_T,Total,_T,Total,_T,Total,_Z,Not applicable,_Z,Not applicable,Q,Constant prices,2018,,6763.583,,2020,,,,,,,,,,0,Units,1,One
DATAFLOW,OECD.ELS.HD:DSD_SHA@DF_SHA(1.1),Health expenditure and financing,I,DEU,Germany,A,Annual,EXP_HEALTH,Expenditure,USD_PPP_PS,"US dollars per person, PPP converted",HF2HF3,Voluntary schemes/household out-of-pocket payments,_Z,Not application,_T,Total,_T,Total,_T,Total,_Z,Not applicable,_Z,Not applicable,Q,Constant prices,2018,,1033.65,,2020,,,,,,,,,,0,Units,1,One
DATAFLOW,OECD.ELS.HD:DSD_SHA@DF_SHA(1.1),Health expenditure and financing,I,DEU,Germany,A,Annual,EXP_HEALTH,Expenditure,USD_PPP_PS,"US dollars per person, PPP converted",HF2HF3,Voluntary schemes/household out-of-pocket payments,_Z,Not application,_T,Total,_T,Total,_T,Total,_Z,Not applicable,_Z,Not applicable,Q,Constant prices,2015,,970.868,,2020,,,,,,,,,,0,Units,1,One
DATAFLOW,OECD.ELS.HD:DSD_SHA@DF_SHA(1.1),Health expenditure and financing,I,DEU,Germany,A,Annual,EXP_HEALTH,Expenditure,USD_PPP_PS,"US dollars per person, PPP converted",_T,Total,_Z,Not application,_T,Total,_T,Total,_T,Total,_Z,Not applicable,_Z,Not applicable,Q,Constant prices,2015,,6296.315,,2020,,,,,,,,,,0,Units,1,One
DATAFLOW,OECD.ELS.HD:DSD_SHA@DF_SHA(1.1),Health expenditure and financing,I,DEU,Germany,A,Annual,EXP_HEALTH,Expenditure,USD_PPP_PS,"US dollars per person, PPP converted",HF1,Government/compulsory schemes,_Z,Not application,_T,Total,_T,Total,_T,Total,_Z,Not applicable,_Z,Not applicable,Q,Constant prices,2015,,5325.447,,2020,,,,,,,,,,0,Units,1,One
DATAFLOW,OECD.ELS.HD:DSD_SHA@DF_SHA(1.1),Health expenditure and financing,I,DEU,Germany,A,Annual,EXP_HEALTH,Expenditure,USD_PPP_PS,"US dollars per person, PPP converted",HF2HF3,Voluntary schemes/household out-of-pocket payments,_Z,Not application,_T,Total,_T,Total,_T,Total,_Z,Not applicable,_Z,Not applicable,Q,Constant prices,2017,,1000.714,,2020,,,,,,,,,,0,Units,1,One
DATAFLOW,OECD.ELS.HD:DSD_SHA@DF_SHA(1.1),Health expenditure and financing,I,DEU,Germany,A,Annual,EXP_HEALTH,Expenditure,USD_PPP_PS,"US dollars per person, PPP converted",_T,Total,_Z,Not application,_T,Total,_T,Total,_T,Total,_Z,Not applicable,_Z,Not applicable,Q,Constant prices,2017,,6627.465,,2020,,,,,,,,,,0,Units,1,One
DATAFLOW,OECD.ELS.HD:DSD_SHA@DF_SHA(1.1),Health expenditure and financing,I,DEU,Germany,A,Annual,EXP_HEALTH,Expenditure,USD_PPP_PS,"US dollars per person, PPP converted",HF1,Government/compulsory schemes,_Z,Not application,_T,Total,_T,Total,_T,Total,_Z,Not applicable,_Z,Not applicable,Q,Constant prices,2017,,5626.732,,2020,,,,,,,,,,0,Units,1,One
DATAFLOW,OECD.ELS.HD:DSD_SHA@DF_SHA(1.1),Health expenditure and financing,I,DEU,Germany,A,Annual,EXP_HEALTH,Expenditure,USD_PPP_PS,"US dollars per person, PPP converted",HF1,Government/compulsory schemes,_Z,Not application,_T,Total,_T,Total,_T,Total,_Z,Not applicable,_Z,Not applicable,Q,Constant prices,2016,,5469.927,,2020,,,,,,,,,,0,Units,1,One
DATAFLOW,OECD.ELS.HD:DSD_SHA@DF_SHA(1.1),Health expenditure and financing,I,DEU,Germany,A,Annual,EXP_HEALTH,Expenditure,USD_PPP_PS,"US dollars per person, PPP converted",_T,Total,_Z,Not application,_T,Total,_T,Total,_T,Total,_Z,Not applicable,_Z,Not applicable,Q,Constant prices,2016,,6452.71,,2020,,,,,,,,,,0,Units,1,One
DATAFLOW,OECD.ELS.HD:DSD_SHA@DF_SHA(1.1),Health expenditure and financing,I,DEU,Germany,A,Annual,EXP_HEALTH,Expenditure,USD_PPP_PS,"US dollars per person, PPP converted",HF2HF3,Voluntary schemes/household out-of-pocket payments,_Z,Not application,_T,Total,_T,Total,_T,Total,_Z,Not applicable,_Z,Not applicable,Q,Constant prices,2016,,982.783,,2020,,,,,,,,,,0,Units,1,One
DATAFLOW,OECD.ELS.HD:DSD_SHA@DF_SHA(1.1),Health expenditure and financing,I,DEU,Germany,A,Annual,EXP_HEALTH,Expenditure,PT_B1GQ,Percentage of GDP,HF2HF3,Voluntary schemes/household out-of-pocket payments,_Z,Not application,_T,Total,_T,Total,_T,Total,_Z,Not applicable,_Z,Not applicable,_Z,Not applicable,2018,,1.708,,,,,,,,,,,,0,Units,1,One
DATAFLOW,OECD.ELS.HD:DSD_SHA@DF_SHA(1.1),Health expenditure and financing,I,DEU,Germany,A,Annual,EXP_HEALTH,Expenditure,PT_B1GQ,Percentage of GDP,HF1,Government/compulsory schemes,_Z,Not application,_T,Total,_T,Total,_T,Total,_Z,Not applicable,_Z,Not applicable,_Z,Not applicable,2018,,9.467,,,,,,,,,,,,0,Units,1,One
DATAFLOW,OECD.ELS.HD:DSD_SHA@DF_SHA(1.1),Health expenditure and financing,I,DEU,Germany,A,Annual,EXP_HEALTH,Expenditure,PT_B1GQ,Percentage of GDP,_T,Total,_Z,Not application,_T,Total,_T,Total,_T,Total,_Z,Not applicable,_Z,Not applicable,_Z,Not applicable,2018,,11.174,,,,,,,,,,,,0,Units,1,One
DATAFLOW,OECD.ELS.HD:DSD_SHA@DF_SHA(1.1),Health expenditure and financing,I,DEU,Germany,A,Annual,EXP_HEALTH,Expenditure,PT_B1GQ,Percentage of GDP,_T,Total,_Z,Not application,_T,Total,_T,Total,_T,Total,_Z,Not applicable,_Z,Not applicable,_Z,Not applicable,2015,,10.918,,,,,,,,,,,,0,Units,1,One
DATAFLOW,OECD.ELS.HD:DSD_SHA@DF_SHA(1.1),Health expenditure and financing,I,DEU,Germany,A,Annual,EXP_HEALTH,Expenditure,PT_B1GQ,Percentage of GDP,HF1,Government/compulsory schemes,_Z,Not application,_T,Total,_T,Total,_T,Total,_Z,Not applicable,_Z,Not applicable,_Z,Not applicable,2015,,9.235,,,,,,,,,,,,0,Units,1,One
DATAFLOW,OECD.ELS.HD:DSD_SHA@DF_SHA(1.1),Health expenditure and financing,I,DEU,Germany,A,Annual,EXP_HEALTH,Expenditure,PT_B1GQ,Percentage of GDP,HF2HF3,Voluntary schemes/household out-of-pocket payments,_Z,Not application,_T,Total,_T,Total,_T,Total,_Z,Not applicable,_Z,Not applicable,_Z,Not applicable,2015,,1.684,,,,,,,,,,,,0,Units,1,One
DATAFLOW,OECD.ELS.HD:DSD_SHA@DF_SHA(1.1),Health expenditure and financing,I,DEU,Germany,A,Annual,EXP_HEALTH,Expenditure,PT_B1GQ,Percentage of GDP,_T,Total,_Z,Not application,_T,Total,_T,Total,_T,Total,_Z,Not applicable,_Z,Not applicable,_Z,Not applicable,2017,,11.044,,,,,,,,,,,,0,Units,1,One
DATAFLOW,OECD.ELS.HD:DSD_SHA@DF_SHA(1.1),Health expenditure and financing,I,DEU,Germany,A,Annual,EXP_HEALTH,Expenditure,PT_B1GQ,Percentage of GDP,HF1,Government/compulsory schemes,_Z,Not application,_T,Total,_T,Total,_T,Total,_Z,Not applicable,_Z,Not applicable,_Z,Not applicable,2017,,9.377,,,,,,,,,,,,0,Units,1,One
DATAFLOW,OECD.ELS.HD:DSD_SHA@DF_SHA(1.1),Health expenditure and financing,I,DEU,Germany,A,Annual,EXP_HEALTH,Expenditure,PT_B1GQ,Percentage of GDP,HF2HF3,Voluntary schemes/household out-of-pocket payments,_Z,Not application,_T,Total,_T,Total,_T,Total,_Z,Not applicable,_Z,Not applicable,_Z,Not applicable,2017,,1.668,,,,,,,,,,,,0,Units,1,One
DATAFLOW,OECD.ELS.HD:DSD_SHA@DF_SHA(1.1),Health expenditure and financing,I,DEU,Germany,A,Annual,EXP_HEALTH,Expenditure,PT_B1GQ,Percentage of GDP,HF2HF3,Voluntary schemes/household out-of-pocket payments,_Z,Not application,_T,Total,_T,Total,_T,Total,_Z,Not applicable,_Z,Not applicable,_Z,Not applicable,2016,,1.671,,,,,,,,,,,,0,Units,1,One
DATAFLOW,OECD.ELS.HD:DSD_SHA@DF_SHA(1.1),Health expenditure and financing,I,DEU,Germany,A,Annual,EXP_HEALTH,Expenditure,PT_B1GQ,Percentage of GDP,HF1,Government/compulsory schemes,_Z,Not application,_T,Total,_T,Total,_T,Total,_Z,Not applicable,_Z,Not applicable,_Z,Not applicable,2016,,9.303,,,,,,,,,,,,0,Units,1,One
DATAFLOW,OECD.ELS.HD:DSD_SHA@DF_SHA(1.1),Health expenditure and financing,I,DEU,Germany,A,Annual,EXP_HEALTH,Expenditure,PT_B1GQ,Percentage of GDP,_T,Total,_Z,Not application,_T,Total,_T,Total,_T,Total,_Z,Not applicable,_Z,Not applicable,_Z,Not applicable,2016,,10.974,,,,,,,,,,,,0,Units,1,One
DATAFLOW,OECD.ELS.HD:DSD_SHA@DF_SHA(1.1),Health expenditure and financing,I,FRA,France,A,Annual,EXP_HEALTH,Expenditure,PT_B1GQ,Percentage of GDP,HF2HF3,Voluntary schemes/household out-of-pocket payments,_Z,Not application,_T,Total,_T,Total,_T,Total,_Z,Not applicable,_Z,Not applicable,_Z,Not applicable,2021,,2.031,,,,,,,,,,,,0,Units,1,One
DATAFLOW,OECD.ELS.HD:DSD_SHA@DF_SHA(1.1),Health expenditure and financing,I,FRA,France,A,Annual,EXP_HEALTH,Expenditure,PT_B1GQ,Percentage of GDP,HF1,Government/compulsory schemes,_Z,Not application,_T,Total,_T,Total,_T,Total,_Z,Not applicable,_Z,Not applicable,_Z,Not applicable,2023,,9.439,,,,,,,,,,,,0,Units,1,One
DATAFLOW,OECD.ELS.HD:DSD_SHA@DF_SHA(1.1),Health expenditure and financing,I,FRA,France,A,Annual,EXP_HEALTH,Expenditure,PT_B1GQ,Percentage of GDP,_T,Total,_Z,Not application,_T,Total,_T,Total,_T,Total,_Z,Not applicable,_Z,Not applicable,_Z,Not applicable,2023,,11.327,,,,,,,,,,,,0,Units,1,One
DATAFLOW,OECD.ELS.HD:DSD_SHA@DF_SHA(1.1),Health expenditure and financing,I,FRA,France,A,Annual,EXP_HEALTH,Expenditure,PT_B1GQ,Percentage of GDP,HF2HF3,Voluntary schemes/household out-of-pocket payments,_Z,Not application,_T,Total,_T,Total,_T,Total,_Z,Not applicable,_Z,Not applicable,_Z,Not applicable,2023,,1.888,,,,,,,,,,,,0,Units,1,One
DATAFLOW,OECD.ELS.HD:DSD_SHA@DF_SHA(1.1),Health expenditure and financing,I,FRA,France,A,Annual,EXP_HEALTH,Expenditure,PT_B1GQ,Percentage of GDP,HF2HF3,Voluntary schemes/household out-of-pocket payments,_Z,Not application,_T,Total,_T,Total,_T,Total,_Z,Not applicable,_Z,Not applicable,_Z,Not applicable,2022,,1.967,,,,,,,,,,,,0,Units,1,One
DATAFLOW,OECD.ELS.HD:DSD_SHA@DF_SHA(1.1),Health expenditure and financing,I,FRA,France,A,Annual,EXP_HEALTH,Expenditure,PT_B1GQ,Percentage of GDP,_T,Total,_Z,Not application,_T,Total,_T,Total,_T,Total,_Z,Not applicable,_Z,Not applicable,_Z,Not applicable,2022,,11.698,,,,,,,,,,,,0,Units,1,One
DATAFLOW,OECD.ELS.HD:DSD_SHA@DF_SHA(1.1),Health expenditure and financing,I,FRA,France,A,Annual,EXP_HEALTH,Expenditure,PT_B1GQ,Percentage of GDP,HF1,Government/compulsory schemes,_Z,Not application,_T,Total,_T,Total,_T,Total,_Z,Not applicable,_Z,Not applicable,_Z,Not applicable,2022,,9.732,,,,,,,,,,,,0,Units,1,One
DATAFLOW,OECD.ELS.HD:DSD_SHA@DF_SHA(1.1),Health expenditure and financing,I,FRA,France,A,Annual,EXP_HEALTH,Expenditure,USD_PPP_PS,"US dollars per person, PPP converted",_T,Total,_Z,Not application,_T,Total,_T,Total,_T,Total,_Z,Not applicable,_Z,Not applicable,V,Current prices,2023,,7165.712,,,,,,,,,,,,0,Units,1,One
DATAFLOW,OECD.ELS.HD:DSD_SHA@DF_SHA(1.1),Health expenditure and financing,I,FRA,France,A,Annual,EXP_HEALTH,Expenditure,USD_PPP_PS,"US dollars per person, PPP converted",HF1,Government/compulsory schemes,_Z,Not application,_T,Total,_T,Total,_T,Total,_Z,Not applicable,_Z,Not applicable,V,Current prices,2023,,5971.223,,,,,,,,,,,,0,Units,1,One
DATAFLOW,OECD.ELS.HD:DSD_SHA@DF_SHA(1.1),Health expenditure and financing,I,FRA,France,A,Annual,EXP_HEALTH,Expenditure,USD_PPP_PS,"US dollars per person, PPP converted",HF2HF3,Voluntary schemes/household out-of-pocket payments,_Z,Not application,_T,Total,_T,Total,_T,Total,_Z,Not applicable,_Z,Not applicable,V,Current prices,2023,,1194.489,,,,,,,,,,,,0,Units,1,One
DATAFLOW,OECD.ELS.HD:DSD_SHA@DF_SHA(1.1),Health expenditure and financing,I,FRA,France,A,Annual,EXP_HEALTH,Expenditure,USD_PPP_PS,"US dollars per person, PPP converted",HF2HF3,Voluntary schemes/household out-of-pocket payments,_Z,Not application,_T,Total,_T,Total,_T,Total,_Z,Not applicable,_Z,Not applicable,V,Current prices,2021,,1059.514,,,,,,,,,,,,0,Units,1,One
DATAFLOW,OECD.ELS.HD:DSD_SHA@DF_SHA(1.1),Health expenditure and financing,I,FRA,France,A,Annual,EXP_HEALTH,Expenditure,USD_PPP_PS,"US dollars per person, PPP converted",HF2HF3,Voluntary schemes/household out-of-pocket payments,_Z,Not application,_T,Total,_T,Total,_T,Total,_Z,Not applicable,_Z,Not applicable,V,Current prices,2022,,1136.692,,,,,,,,,,,,0,Units,1,One
DATAFLOW,OECD.ELS.HD:DSD_SHA@DF_SHA(1.1),Health expenditure and financing,I,FRA,France,A,Annual,EXP_HEALTH,Expenditure,USD_PPP_PS,"US dollars per person, PPP converted",HF1,Government/compulsory schemes,_Z,Not application,_T,Total,_T,Total,_T,Total,_Z,Not applicable,_Z,Not applicable,V,Current prices,2022,,5624.935,,,,,,,,,,,,0,Units,1,One
DATAFLOW,OECD.ELS.HD:DSD_SHA@DF_SHA(1.1),Health expenditure and financing,I,FRA,France,A,Annual,EXP_HEALTH,Expenditure,USD_PPP_PS,"US dollars per person, PPP converted",_T,Total,_Z,Not application,_T,Total,_T,Total,_T,Total,_Z,Not applicable,_Z,Not applicable,V,Current prices,2022,,6761.628,,,,,,,,,,,,0,Units,1,One
DATAFLOW,OECD.ELS.HD:DSD_SHA@DF_SHA(1.1),Health expenditure and financing,I,DEU,Germany,A,Annual,EXP_HEALTH,Expenditure,USD_PPP_PS,"US dollars per person, PPP converted",_T,Total,_Z,Not application,_T,Total,_T,Total,_T,Total,_Z,Not applicable,_Z,Not applicable,V,Current prices,2018,,6247.099,,,,,,,,,,,,0,Units,1,One
DATAFLOW,OECD.ELS.HD:DSD_SHA@DF_SHA(1.1),Health expenditure and financing,I,DEU,Germany,A,Annual,EXP_HEALTH,Expenditure,USD_PPP_PS,"US dollars per person, PPP converted",HF1,Government/compulsory schemes,_Z,Not application,_T,Total,_T,Total,_T,Total,_Z,Not applicable,_Z,Not applicable,V,Current prices,2018,,5292.397,,,,,,,,,,,,0,Units,1,One
DATAFLOW,OECD.ELS.HD:DSD_SHA@DF_SHA(1.1),Health expenditure and financing,I,DEU,Germany,A,Annual,EXP_HEALTH,Expenditure,USD_PPP_PS,"US dollars per person, PPP converted",HF2HF3,Voluntary schemes/household out-of-pocket payments,_Z,Not application,_T,Total,_T,Total,_T,Total,_Z,Not applicable,_Z,Not applicable,V,Current prices,2015,,813.258,,,,,,,,,,,,0,Units,1,One
DATAFLOW,OECD.ELS.HD:DSD_SHA@DF_SHA(1.1),Health expenditure and financing,I,DEU,Germany,A,Annual,EXP_HEALTH,Expenditure,USD_PPP_PS,"US dollars per person, PPP converted",HF1,Government/compulsory schemes,_Z,Not application,_T,Total,_T,Total,_T,Total,_Z,Not applicable,_Z,Not applicable,V,Current prices,2015,,4460.919,,,,,,,,,,,,0,Units,1,One
DATAFLOW,OECD.ELS.HD:DSD_SHA@DF_SHA(1.1),Health expenditure and financing,I,DEU,Germany,A,Annual,EXP_HEALTH,Expenditure,USD_PPP_PS,"US dollars per person, PPP converted",_T,Total,_Z,Not application,_T,Total,_T,Total,_T,Total,_Z,Not applicable,_Z,Not applicable,V,Current prices,2015,,5274.178,,,,,,,,,,,,0,Units,1,One
DATAFLOW,OECD.ELS.HD:DSD_SHA@DF_SHA(1.1),Health expenditure and financing,I,DEU,Germany,A,Annual,EXP_HEALTH,Expenditure,USD_PPP_PS,"US dollars per person, PPP converted",HF2HF3,Voluntary schemes/household out-of-pocket payments,_Z,Not application,_T,Total,_T,Total,_T,Total,_Z,Not applicable,_Z,Not applicable,V,Current prices,2017,,896.928,,,,,,,,,,,,0,Units,1,One
DATAFLOW,OECD.ELS.HD:DSD_SHA@DF_SHA(1.1),Health expenditure and financing,I,DEU,Germany,A,Annual,EXP_HEALTH,Expenditure,USD_PPP_PS,"US dollars per person, PPP converted",HF1,Government/compulsory schemes,_Z,Not application,_T,Total,_T,Total,_T,Total,_Z,Not applicable,_Z,Not applicable,V,Current prices,2017,,5043.172,,,,,,,,,,,,0,Units,1,One
DATAFLOW,OECD.ELS.HD:DSD_SHA@DF_SHA(1.1),Health expenditure and financing,I,DEU,Germany,A,Annual,EXP_HEALTH,Expenditure,USD_PPP_PS,"US dollars per person, PPP converted",_T,Total,_Z,Not application,_T,Total,_T,Total,_T,Total,_Z,Not applicable,_Z,Not applicable,V,Current prices,2017,,5940.117,,,,,,,,,,,,0,Units,1,One
DATAFLOW,OECD.ELS.HD:DSD_SHA@DF_SHA(1.1),Health expenditure and financing,I,DEU,Germany,A,Annual,EXP_HEALTH,Expenditure,USD_PPP_PS,"US dollars per person, PPP converted",_T,Total,_Z,Not application,_T,Total,_T,Total,_T,Total,_Z,Not applicable,_Z,Not applicable,V,Current prices,2016,,5645.607,,,,,,,,,,,,0,Units,1,One
DATAFLOW,OECD.ELS.HD:DSD_SHA@DF_SHA(1.1),Health expenditure and financing,I,DEU,Germany,A,Annual,EXP_HEALTH,Expenditure,USD_PPP_PS,"US dollars per person, PPP converted",HF1,Government/compulsory schemes,_Z,Not application,_T,Total,_T,Total,_T,Total,_Z,Not applicable,_Z,Not applicable,V,Current prices,2016,,4785.749,,,,,,,,,,,,0,Units,1,One
DATAFLOW,OECD.ELS.HD:DSD_SHA@DF_SHA(1.1),Health expenditure and financing,I,DEU,Germany,A,Annual,EXP_HEALTH,Expenditure,USD_PPP_PS,"US dollars per person, PPP converted",HF2HF3,Voluntary schemes/household out-of-pocket payments,_Z,Not application,_T,Total,_T,Total,_T,Total,_Z,Not applicable,_Z,Not applicable,V,Current prices,2016,,859.857,,,,,,,,,,,,0,Units,1,One
DATAFLOW,OECD.ELS.HD:DSD_SHA@DF_SHA(1.1),Health expenditure and financing,I,JPN,Japan,A,Annual,EXP_HEALTH,Expenditure,PT_B1GQ,Percentage of GDP,_T,Total,_Z,Not application,_T,Total,_T,Total,_T,Total,_Z,Not applicable,_Z,Not applicable,_Z,Not applicable,2024,,10.3,,,,,,P,Provisional value,,,,,0,Units,1,One
DATAFLOW,OECD.ELS.HD:DSD_SHA@DF_SHA(1.1),Health expenditure and financing,I,JPN,Japan,A,Annual,EXP_HEALTH,Expenditure,USD_PPP_PS,"US dollars per person, PPP converted",_T,Total,_Z,Not application,_T,Total,_T,Total,_T,Total,_Z,Not applicable,_Z,Not applicable,Q,Constant prices,2024,,4808.754,,2020,,,,P,Provisional value,,,,,0,Units,1,One
DATAFLOW,OECD.ELS.HD:DSD_SHA@DF_SHA(1.1),Health expenditure and financing,I,JPN,Japan,A,Annual,EXP_HEALTH,Expenditure,USD_PPP_PS,"US dollars per person, PPP converted",HF2HF3,Voluntary schemes/household out-of-pocket payments,_Z,Not application,_T,Total,_T,Total,_T,Total,_Z,Not applicable,_Z,Not applicable,V,Current prices,2024,,833.998,,,,,,P,Provisional value,,,,,0,Units,1,One
DATAFLOW,OECD.ELS.HD:DSD_SHA@DF_SHA(1.1),Health expenditure and financing,I,JPN,Japan,A,Annual,EXP_HEALTH,Expenditure,USD_PPP_PS,"US dollars per person, PPP converted",HF2HF3,Voluntary schemes/household out-of-pocket payments,_Z,Not application,_T,Total,_T,Total,_T,Total,_Z,Not applicable,_Z,Not applicable,Q,Constant prices,2024,,681.575,,2020,,,,P,Provisional value,,,,,0,Units,1,One
DATAFLOW,OECD.ELS.HD:DSD_SHA@DF_SHA(1.1),Health expenditure and financing,I,JPN,Japan,A,Annual,EXP_HEALTH,Expenditure,USD_PPP_PS,"US dollars per person, PPP converted",_T,Total,_Z,Not application,_T,Total,_T,Total,_T,Total,_Z,Not applicable,_Z,Not applicable,V,Current prices,2024,,5884.151,,,,,,P,Provisional value,,,,,0,Units,1,One
DATAFLOW,OECD.ELS.HD:DSD_SHA@DF_SHA(1.1),Health expenditure and financing,I,JPN,Japan,A,Annual,EXP_HEALTH,Expenditure,USD_PPP_PS,"US dollars per person, PPP converted",HF1,Government/compulsory schemes,_Z,Not application,_T,Total,_T,Total,_T,Total,_Z,Not applicable,_Z,Not applicable,V,Current prices,2024,,5050.153,,,,,,P,Provisional value,,,,,0,Units,1,One
DATAFLOW,OECD.ELS.HD:DSD_SHA@DF_SHA(1.1),Health expenditure and financing,I,JPN,Japan,A,Annual,EXP_HEALTH,Expenditure,USD_PPP_PS,"US dollars per person, PPP converted",HF1,Government/compulsory schemes,_Z,Not application,_T,Total,_T,Total,_T,Total,_Z,Not applicable,_Z,Not applicable,Q,Constant prices,2024,,4127.179,,2020,,,,P,Provisional value,,,,,0,Units,1,One
DATAFLOW,OECD.ELS.HD:DSD_SHA@DF_SHA(1.1),Health expenditure and financing,I,JPN,Japan,A,Annual,EXP_HEALTH,Expenditure,PT_B1GQ,Percentage of GDP,HF1,Government/compulsory schemes,_Z,Not application,_T,Total,_T,Total,_T,Total,_Z,Not applicable,_Z,Not applicable,_Z,Not applicable,2024,,8.84,,,,,,P,Provisional value,,,,,0,Units,1,One
DATAFLOW,OECD.ELS.HD:DSD_SHA@DF_SHA(1.1),Health expenditure and financing,I,JPN,Japan,A,Annual,EXP_HEALTH,Expenditure,PT_B1GQ,Percentage of GDP,HF2HF3,Voluntary schemes/household out-of-pocket payments,_Z,Not application,_T,Total,_T,Total,_T,Total,_Z,Not applicable,_Z,Not applicable,_Z,Not applicable,2024,,1.46,,,,,,P,Provisional value,,,,,0,Units,1,One
DATAFLOW,OECD.ELS.HD:DSD_SHA@DF_SHA(1.1),Health expenditure and financing,I,JPN,Japan,A,Annual,EXP_HEALTH,Expenditure,PT_B1GQ,Percentage of GDP,HF2HF3,Voluntary schemes/household out-of-pocket payments,_Z,Not application,_T,Total,_T,Total,_T,Total,_Z,Not applicable,_Z,Not applicable,_Z,Not applicable,2025,,1.438,,,,,,E,Estimated value,,,,,0,Units,1,One
DATAFLOW,OECD.ELS.HD:DSD_SHA@DF_SHA(1.1),Health expenditure and financing,I,JPN,Japan,A,Annual,EXP_HEALTH,Expenditure,PT_B1GQ,Percentage of GDP,HF1,Government/compulsory schemes,_Z,Not application,_T,Total,_T,Total,_T,Total,_Z,Not applicable,_Z,Not applicable,_Z,Not applicable,2025,,8.658,,,,,,E,Estimated value,,,,,0,Units,1,One
DATAFLOW,OECD.ELS.HD:DSD_SHA@DF_SHA(1.1),Health expenditure and financing,I,JPN,Japan,A,Annual,EXP_HEALTH,Expenditure,USD_PPP_PS,"US dollars per person, PPP converted",HF1,Government/compulsory schemes,_Z,Not application,_T,Total,_T,Total,_T,Total,_Z,Not applicable,_Z,Not applicable,Q,Constant prices,2025,,4109.536,,2020,,,,E,Estimated value,,,,,0,Units,1,One
DATAFLOW,OECD.ELS.HD:DSD_SHA@DF_SHA(1.1),Health expenditure and financing,I,JPN,Japan,A,Annual,EXP_HEALTH,Expenditure,USD_PPP_PS,"US dollars per person, PPP converted",HF1,Government/compulsory schemes,_Z,Not application,_T,Total,_T,Total,_T,Total,_Z,Not applicable,_Z,Not applicable,V,Current prices,2025,,5036.341,,,,,,E,Estimated value,,,,,0,Units,1,One
DATAFLOW,OECD.ELS.HD:DSD_SHA@DF_SHA(1.1),Health expenditure and financing,I,JPN,Japan,A,Annual,EXP_HEALTH,Expenditure,USD_PPP_PS,"US dollars per person, PPP converted",_T,Total,_Z,Not application,_T,Total,_T,Total,_T,Total,_Z,Not applicable,_Z,Not applicable,V,Current prices,2025,,5872.61,,,,,,E,Estimated value,,,,,0,Units,1,One
DATAFLOW,OECD.ELS.HD:DSD_SHA@DF_SHA(1.1),Health expenditure and financing,I,JPN,Japan,A,Annual,EXP_HEALTH,Expenditure,USD_PPP_PS,"US dollars per person, PPP converted",HF2HF3,Voluntary schemes/household out-of-pocket payments,_Z,Not application,_T,Total,_T,Total,_T,Total,_Z,Not applicable,_Z,Not applicable,Q,Constant prices,2025,,682.376,,2020,,,,E,Estimated value,,,,,0,Units,1,One
DATAFLOW,OECD.ELS.HD:DSD_SHA@DF_SHA(1.1),Health expenditure and financing,I,JPN,Japan,A,Annual,EXP_HEALTH,Expenditure,USD_PPP_PS,"US dollars per person, PPP converted",HF2HF3,Voluntary schemes/household out-of-pocket payments,_Z,Not application,_T,Total,_T,Total,_T,Total,_Z,Not applicable,_Z,Not applicable,V,Current prices,2025,,836.269,,,,,,E,Estimated value,,,,,0,Units,1,One
DATAFLOW,OECD.ELS.HD:DSD_SHA@DF_SHA(1.1),Health expenditure and financing,I,JPN,Japan,A,Annual,EXP_HEALTH,Expenditure,USD_PPP_PS,"US dollars per person, PPP converted",_T,Total,_Z,Not application,_T,Total,_T,Total,_T,Total,_Z,Not applicable,_Z,Not applicable,Q,Constant prices,2025,,4791.912,,2020,,,,E,Estimated value,,,,,0,Units,1,One
DATAFLOW,OECD.ELS.HD:DSD_SHA@DF_SHA(1.1),Health expenditure and financing,I,JPN,Japan,A,Annual,EXP_HEALTH,Expenditure,PT_B1GQ,Percentage of GDP,_T,Total,_Z,Not application,_T,Total,_T,Total,_T,Total,_Z,Not applicable,_Z,Not applicable,_Z,Not applicable,2025,,10.095,,,,,,E,Estimated value,,,,,0,Units,1,One
DATAFLOW,OECD.ELS.HD:DSD_SHA@DF_SHA(1.1),Health expenditure and financing,I,FRA,France,A,Annual,EXP_HEALTH,Expenditure,USD_PPP_PS,"US dollars per person, PPP converted",HF1,Government/compulsory schemes,_Z,Not application,_T,Total,_T,Total,_T,Total,_Z,Not applicable,_Z,Not applicable,Q,Constant prices,2024,,4994.759,,2020,,,,,,,,,,0,Units,1,One
DATAFLOW,OECD.ELS.HD:DSD_SHA@DF_SHA(1.1),Health expenditure and financing,I,FRA,France,A,Annual,EXP_HEALTH,Expenditure,USD_PPP_PS,"US dollars per person, PPP converted",_T,Total,_Z,Not application,_T,Total,_T,Total,_T,Total,_Z,Not applicable,_Z,Not applicable,Q,Constant prices,2024,,5995.466,,2020,,,,,,,,,,0,Units,1,One
DATAFLOW,OECD.ELS.HD:DSD_SHA@DF_SHA(1.1),Health expenditure and financing,I,FRA,France,A,Annual,EXP_HEALTH,Expenditure,USD_PPP_PS,"US dollars per person, PPP converted",HF2HF3,Voluntary schemes/household out-of-pocket payments,_Z,Not application,_T,Total,_T,Total,_T,Total,_Z,Not applicable,_Z,Not applicable,Q,Constant prices,2024,,1000.707,,2020,,,,,,,,,,0,Units,1,One
DATAFLOW,OECD.ELS.HD:DSD_SHA@DF_SHA(1.1),Health expenditure and financing,I,SWE,Sweden,A,Annual,EXP_HEALTH,Expenditure,USD_PPP_PS,"US dollars per person, PPP converted",HF2HF3,Voluntary schemes/household out-of-pocket payments,_Z,Not application,_T,Total,_T,Total,_T,Total,_Z,Not applicable,_Z,Not applicable,Q,Constant prices,2022,,867.694,,2020,,,,,,,,,,0,Units,1,One
DATAFLOW,OECD.ELS.HD:DSD_SHA@DF_SHA(1.1),Health expenditure and financing,I,SWE,Sweden,A,Annual,EXP_HEALTH,Expenditure,USD_PPP_PS,"US dollars per person, PPP converted",HF1,Government/compulsory schemes,_Z,Not application,_T,Total,_T,Total,_T,Total,_Z,Not applicable,_Z,Not applicable,Q,Constant prices,2022,,5269.788,,2020,,,,,,,,,,0,Units,1,One
DATAFLOW,OECD.ELS.HD:DSD_SHA@DF_SHA(1.1),Health expenditure and financing,I,SWE,Sweden,A,Annual,EXP_HEALTH,Expenditure,USD_PPP_PS,"US dollars per person, PPP converted",_T,Total,_Z,Not application,_T,Total,_T,Total,_T,Total,_Z,Not applicable,_Z,Not applicable,Q,Constant prices,2022,,6137.483,,2020,,,,,,,,,,0,Units,1,One
DATAFLOW,OECD.ELS.HD:DSD_SHA@DF_SHA(1.1),Health expenditure and financing,I,SWE,Sweden,A,Annual,EXP_HEALTH,Expenditure,USD_PPP_PS,"US dollars per person, PPP converted",_T,Total,_Z,Not application,_T,Total,_T,Total,_T,Total,_Z,Not applicable,_Z,Not applicable,Q,Constant prices,2023,,6184.287,,2020,,,,,,,,,,0,Units,1,One
DATAFLOW,OECD.ELS.HD:DSD_SHA@DF_SHA(1.1),Health expenditure and financing,I,SWE,Sweden,A,Annual,EXP_HEALTH,Expenditure,USD_PPP_PS,"US dollars per person, PPP converted",HF2HF3,Voluntary schemes/household out-of-pocket payments,_Z,Not application,_T,Total,_T,Total,_T,Total,_Z,Not applicable,_Z,Not applicable,Q,Constant prices,2023,,851.368,,2020,,,,,,,,,,0,Units,1,One
DATAFLOW,OECD.ELS.HD:DSD_SHA@DF_SHA(1.1),Health expenditure and financing,I,SWE,Sweden,A,Annual,EXP_HEALTH,Expenditure,USD_PPP_PS,"US dollars per person, PPP converted",HF1,Government/compulsory schemes,_Z,Not application,_T,Total,_T,Total,_T,Total,_Z,Not applicable,_Z,Not applicable,Q,Constant prices,2023,,5332.918,,2020,,,,,,,,,,0,Units,1,One
DATAFLOW,OECD.ELS.HD:DSD_SHA@DF_SHA(1.1),Health expenditure and financing,I,SWE,Sweden,A,Annual,EXP_HEALTH,Expenditure,USD_PPP_PS,"US dollars per person, PPP converted",HF2HF3,Voluntary schemes/household out-of-pocket payments,_Z,Not application,_T,Total,_T,Total,_T,Total,_Z,Not applicable,_Z,Not applicable,Q,Constant prices,2024,,869.329,,2020,,,,,,,,,,0,Units,1,One
DATAFLOW,OECD.ELS.HD:DSD_SHA@DF_SHA(1.1),Health expenditure and financing,I,SWE,Sweden,A,Annual,EXP_HEALTH,Expenditure,USD_PPP_PS,"US dollars per person, PPP converted",HF1,Government/compulsory schemes,_Z,Not application,_T,Total,_T,Total,_T,Total,_Z,Not applicable,_Z,Not applicable,Q,Constant prices,2024,,5366.266,,2020,,,,,,,,,,0,Units,1,One
DATAFLOW,OECD.ELS.HD:DSD_SHA@DF_SHA(1.1),Health expenditure and financing,I,SWE,Sweden,A,Annual,EXP_HEALTH,Expenditure,USD_PPP_PS,"US dollars per person, PPP converted",_T,Total,_Z,Not application,_T,Total,_T,Total,_T,Total,_Z,Not applicable,_Z,Not applicable,Q,Constant prices,2024,,6235.595,,2020,,,,,,,,,,0,Units,1,One
DATAFLOW,OECD.ELS.HD:DSD_SHA@DF_SHA(1.1),Health expenditure and financing,I,SWE,Sweden,A,Annual,EXP_HEALTH,Expenditure,USD_PPP_PS,"US dollars per person, PPP converted",_T,Total,_Z,Not application,_T,Total,_T,Total,_T,Total,_Z,Not applicable,_Z,Not applicable,Q,Constant prices,2019,,5991.582,,2020,,,,,,,,,,0,Units,1,One
DATAFLOW,OECD.ELS.HD:DSD_SHA@DF_SHA(1.1),Health expenditure and financing,I,SWE,Sweden,A,Annual,EXP_HEALTH,Expenditure,USD_PPP_PS,"US dollars per person, PPP converted",HF2HF3,Voluntary schemes/household out-of-pocket payments,_Z,Not application,_T,Total,_T,Total,_T,Total,_Z,Not applicable,_Z,Not applicable,Q,Constant prices,2019,,905.191,,2020,,,,,,,,,,0,Units,1,One
DATAFLOW,OECD.ELS.HD:DSD_SHA@DF_SHA(1.1),Health expenditure and financing,I,SWE,Sweden,A,Annual,EXP_HEALTH,Expenditure,USD_PPP_PS,"US dollars per person, PPP converted",HF1,Government/compulsory schemes,_Z,Not application,_T,Total,_T,Total,_T,Total,_Z,Not applicable,_Z,Not applicable,Q,Constant prices,2019,,5086.391,,2020,,,,,,,,,,0,Units,1,One
DATAFLOW,OECD.ELS.HD:DSD_SHA@DF_SHA(1.1),Health expenditure and financing,I,SWE,Sweden,A,Annual,EXP_HEALTH,Expenditure,USD_PPP_PS,"US dollars per person, PPP converted",HF2HF3,Voluntary schemes/household out-of-pocket payments,_Z,Not application,_T,Total,_T,Total,_T,Total,_Z,Not applicable,_Z,Not applicable,Q,Constant prices,2018,,927.138,,2020,,,,,,,,,,0,Units,1,One
DATAFLOW,OECD.ELS.HD:DSD_SHA@DF_SHA(1.1),Health expenditure and financing,I,SWE,Sweden,A,Annual,EXP_HEALTH,Expenditure,USD_PPP_PS,"US dollars per person, PPP converted",HF1,Government/compulsory schemes,_Z,Not application,_T,Total,_T,Total,_T,Total,_Z,Not applicable,_Z,Not applicable,Q,Constant prices,2018,,5054.928,,2020,,,,,,,,,,0,Units,1,One
DATAFLOW,OECD.ELS.HD:DSD_SHA@DF_SHA(1.1),Health expenditure and financing,I,SWE,Sweden,A,Annual,EXP_HEALTH,Expenditure,USD_PPP_PS,"US dollars per person, PPP converted",_T,Total,_Z,Not application,_T,Total,_T,Total,_T,Total,_Z,Not applicable,_Z,Not applicable,Q,Constant prices,2018,,5982.065,,2020,,,,,,,,,,0,Units,1,One
DATAFLOW,OECD.ELS.HD:DSD_SHA@DF_SHA(1.1),Health expenditure and financing,I,SWE,Sweden,A,Annual,EXP_HEALTH,Expenditure,USD_PPP_PS,"US dollars per person, PPP converted",HF1,Government/compulsory schemes,_Z,Not application,_T,Total,_T,Total,_T,Total,_Z,Not applicable,_Z,Not applicable,Q,Constant prices,2020,,5222.636,,2020,,,,,,,,,,0,Units,1,One
DATAFLOW,OECD.ELS.HD:DSD_SHA@DF_SHA(1.1),Health expenditure and financing,I,SWE,Sweden,A,Annual,EXP_HEALTH,Expenditure,USD_PPP_PS,"US dollars per person, PPP converted",HF2HF3,Voluntary schemes/household out-of-pocket payments,_Z,Not application,_T,Total,_T,Total,_T,Total,_Z,Not applicable,_Z,Not applicable,Q,Constant prices,2020,,845.339,,2020,,,,,,,,,,0,Units,1,One
DATAFLOW,OECD.ELS.HD:DSD_SHA@DF_SHA(1.1),Health expenditure and financing,I,SWE,Sweden,A,Annual,EXP_HEALTH,Expenditure,USD_PPP_PS,"US dollars per person, PPP converted",_T,Total,_Z,Not application,_T,Total,_T,Total,_T,Total,_Z,Not applicable,_Z,Not applicable,Q,Constant prices,2020,,6067.976,,2020,,,,,,,,,,0,Units,1,One
DATAFLOW,OECD.ELS.HD:DSD_SHA@DF_SHA(1.1),Health expenditure and financing,I,SWE,Sweden,A,Annual,EXP_HEALTH,Expenditure,USD_PPP_PS,"US dollars per person, PPP converted",HF2HF3,Voluntary schemes/household out-of-pocket payments,_Z,Not application,_T,Total,_T,Total,_T,Total,_Z,Not applicable,_Z,Not applicable,Q,Constant prices,2021,,897.374,,2020,,,,,,,,,,0,Units,1,One
DATAFLOW,OECD.ELS.HD:DSD_SHA@DF_SHA(1.1),Health expenditure and financing,I,SWE,Sweden,A,Annual,EXP_HEALTH,Expenditure,USD_PPP_PS,"US dollars per person, PPP converted",HF1,Government/compulsory schemes,_Z,Not application,_T,Total,_T,Total,_T,Total,_Z,Not applicable,_Z,Not applicable,Q,Constant prices,2021,,5418.855,,2020,,,,,,,,,,0,Units,1,One
DATAFLOW,OECD.ELS.HD:DSD_SHA@DF_SHA(1.1),Health expenditure and financing,I,SWE,Sweden,A,Annual,EXP_HEALTH,Expenditure,USD_PPP_PS,"US dollars per person, PPP converted",_T,Total,_Z,Not application,_T,Total,_T,Total,_T,Total,_Z,Not applicable,_Z,Not applicable,Q,Constant prices,2021,,6316.23,,2020,,,,,,,,,,0,Units,1,One
DATAFLOW,OECD.ELS.HD:DSD_SHA@DF_SHA(1.1),Health expenditure and financing,I,MEX,Mexico,A,Annual,EXP_HEALTH,Expenditure,USD_PPP_PS,"US dollars per person, PPP converted",_T,Total,_Z,Not application,_T,Total,_T,Total,_T,Total,_Z,Not applicable,_Z,Not applicable,Q,Constant prices,2016,,1123.494,,2020,,,,,,,,,,0,Units,1,One
DATAFLOW,OECD.ELS.HD:DSD_SHA@DF_SHA(1.1),Health expenditure and financing,I,MEX,Mexico,A,Annual,EXP_HEALTH,Expenditure,USD_PPP_PS,"US dollars per person, PPP converted",_T,Total,_Z,Not application,_T,Total,_T,Total,_T,Total,_Z,Not applicable,_Z,Not applicable,Q,Constant prices,2017,,1116.324,,2020,,,,,,,,,,0,Units,1,One
DATAFLOW,OECD.ELS.HD:DSD_SHA@DF_SHA(1.1),Health expenditure and financing,I,MEX,Mexico,A,Annual,EXP_HEALTH,Expenditure,USD_PPP_PS,"US dollars per person, PPP converted",_T,Total,_Z,Not application,_T,Total,_T,Total,_T,Total,_Z,Not applicable,_Z,Not applicable,Q,Constant prices,2018,,1119.181,,2020,,,,,,,,,,0,Units,1,One
DATAFLOW,OECD.ELS.HD:DSD_SHA@DF_SHA(1.1),Health expenditure and financing,I,MEX,Mexico,A,Annual,EXP_HEALTH,Expenditure,USD_PPP_PS,"US dollars per person, PPP converted",_T,Total,_Z,Not application,_T,Total,_T,Total,_T,Total,_Z,Not applicable,_Z,Not applicable,Q,Constant prices,2019,,1134.141,,2020,,,,,,,,,,0,Units,1,One
DATAFLOW,OECD.ELS.HD:DSD_SHA@DF_SHA(1.1),Health expenditure and financing,I,MEX,Mexico,A,Annual,EXP_HEALTH,Expenditure,USD_PPP_PS,"US dollars per person, PPP converted",_T,Total,_Z,Not application,_T,Total,_T,Total,_T,Total,_Z,Not applicable,_Z,Not applicable,Q,Constant prices,2020,,1184.145,,2020,,,,,,,,,,0,Units,1,One
DATAFLOW,OECD.ELS.HD:DSD_SHA@DF_SHA(1.1),Health expenditure and financing,I,MEX,Mexico,A,Annual,EXP_HEALTH,Expenditure,USD_PPP_PS,"US dollars per person, PPP converted",_T,Total,_Z,Not application,_T,Total,_T,Total,_T,Total,_Z,Not applicable,_Z,Not applicable,Q,Constant prices,2021,,1202.234,,2020,,,,,,,,,,0,Units,1,One
DATAFLOW,OECD.ELS.HD:DSD_SHA@DF_SHA(1.1),Health expenditure and financing,I,MEX,Mexico,A,Annual,EXP_HEALTH,Expenditure,USD_PPP_PS,"US dollars per person, PPP converted",_T,Total,_Z,Not application,_T,Total,_T,Total,_T,Total,_Z,Not applicable,_Z,Not applicable,Q,Constant prices,2022,,1198.601,,2020,,,,,,,,,,0,Units,1,One
DATAFLOW,OECD.ELS.HD:DSD_SHA@DF_SHA(1.1),Health expenditure and financing,I,MEX,Mexico,A,Annual,EXP_HEALTH,Expenditure,USD_PPP_PS,"US dollars per person, PPP converted",_T,Total,_Z,Not application,_T,Total,_T,Total,_T,Total,_Z,Not applicable,_Z,Not applicable,Q,Constant prices,2023,,1242.889,,2020,,,,,,,,,,0,Units,1,One
DATAFLOW,OECD.ELS.HD:DSD_SHA@DF_SHA(1.1),Health expenditure and financing,I,MEX,Mexico,A,Annual,EXP_HEALTH,Expenditure,USD_PPP_PS,"US dollars per person, PPP converted",_T,Total,_Z,Not application,_T,Total,_T,Total,_T,Total,_Z,Not applicable,_Z,Not applicable,Q,Constant prices,2024,,1331.631,,2020,,,,,,,,,,0,Units,1,One
DATAFLOW,OECD.ELS.HD:DSD_SHA@DF_SHA(1.1),Health expenditure and financing,I,MEX,Mexico,A,Annual,EXP_HEALTH,Expenditure,USD_PPP_PS,"US dollars per person, PPP converted",HF2HF3,Voluntary schemes/household out-of-pocket payments,_Z,Not application,_T,Total,_T,Total,_T,Total,_Z,Not applicable,_Z,Not applicable,Q,Constant prices,2015,,530.984,,2020,,,,,,,,,,0,Units,1,One
DATAFLOW,OECD.ELS.HD:DSD_SHA@DF_SHA(1.1),Health expenditure and financing,I,MEX,Mexico,A,Annual,EXP_HEALTH,Expenditure,USD_PPP_PS,"US dollars per person, PPP converted",HF2HF3,Voluntary schemes/household out-of-pocket payments,_Z,Not application,_T,Total,_T,Total,_T,Total,_Z,Not applicable,_Z,Not applicable,Q,Constant prices,2016,,539.869,,2020,,,,,,,,,,0,Units,1,One
DATAFLOW,OECD.ELS.HD:DSD_SHA@DF_SHA(1.1),Health expenditure and financing,I,MEX,Mexico,A,Annual,EXP_HEALTH,Expenditure,USD_PPP_PS,"US dollars per person, PPP converted",HF2HF3,Voluntary schemes/household out-of-pocket payments,_Z,Not application,_T,Total,_T,Total,_T,Total,_Z,Not applicable,_Z,Not applicable,Q,Constant prices,2017,,538.503,,2020,,,,,,,,,,0,Units,1,One
DATAFLOW,OECD.ELS.HD:DSD_SHA@DF_SHA(1.1),Health expenditure and financing,I,MEX,Mexico,A,Annual,EXP_HEALTH,Expenditure,USD_PPP_PS,"US dollars per person, PPP converted",HF2HF3,Voluntary schemes/household out-of-pocket payments,_Z,Not application,_T,Total,_T,Total,_T,Total,_Z,Not applicable,_Z,Not applicable,Q,Constant prices,2018,,549.98,,2020,,,,,,,,,,0,Units,1,One
DATAFLOW,OECD.ELS.HD:DSD_SHA@DF_SHA(1.1),Health expenditure and financing,I,MEX,Mexico,A,Annual,EXP_HEALTH,Expenditure,USD_PPP_PS,"US dollars per person, PPP converted",HF2HF3,Voluntary schemes/household out-of-pocket payments,_Z,Not application,_T,Total,_T,Total,_T,Total,_Z,Not applicable,_Z,Not applicable,Q,Constant prices,2019,,562.453,,2020,,,,,,,,,,0,Units,1,One
DATAFLOW,OECD.ELS.HD:DSD_SHA@DF_SHA(1.1),Health expenditure and financing,I,MEX,Mexico,A,Annual,EXP_HEALTH,Expenditure,USD_PPP_PS,"US dollars per person, PPP converted",HF2HF3,Voluntary schemes/household out-of-pocket payments,_Z,Not application,_T,Total,_T,Total,_T,Total,_Z,Not applicable,_Z,Not applicable,Q,Constant prices,2020,,547.68,,2020,,,,,,,,,,0,Units,1,One
DATAFLOW,OECD.ELS.HD:DSD_SHA@DF_SHA(1.1),Health expenditure and financing,I,MEX,Mexico,A,Annual,EXP_HEALTH,Expenditure,USD_PPP_PS,"US dollars per person, PPP converted",HF2HF3,Voluntary schemes/household out-of-pocket payments,_Z,Not application,_T,Total,_T,Total,_T,Total,_Z,Not applicable,_Z,Not applicable,Q,Constant prices,2021,,589.422,,2020,,,,,,,,,,0,Units,1,One
DATAFLOW,OECD.ELS.HD:DSD_SHA@DF_SHA(1.1),Health expenditure and financing,I,MEX,Mexico,A,Annual,EXP_HEALTH,Expenditure,USD_PPP_PS,"US dollars per person, PPP converted",HF2HF3,Voluntary schemes/household out-of-pocket payments,_Z,Not application,_T,Total,_T,Total,_T,Total,_Z,Not applicable,_Z,Not applicable,Q,Constant prices,2022,,577.496,,2020,,,,,,,,,,0,Units,1,One
DATAFLOW,OECD.ELS.HD:DSD_SHA@DF_SHA(1.1),Health expenditure and financing,I,MEX,Mexico,A,Annual,EXP_HEALTH,Expenditure,USD_PPP_PS,"US dollars per person, PPP converted",HF2HF3,Voluntary schemes/household out-of-pocket payments,_Z,Not application,_T,Total,_T,Total,_T,Total,_Z,Not applicable,_Z,Not applicable,Q,Constant prices,2023,,609.3,,2020,,,,,,,,,,0,Units,1,One
DATAFLOW,OECD.ELS.HD:DSD_SHA@DF_SHA(1.1),Health expenditure and financing,I,MEX,Mexico,A,Annual,EXP_HEALTH,Expenditure,USD_PPP_PS,"US dollars per person, PPP converted",HF2HF3,Voluntary schemes/household out-of-pocket payments,_Z,Not application,_T,Total,_T,Total,_T,Total,_Z,Not applicable,_Z,Not applicable,Q,Constant prices,2024,,636.83,,2020,,,,,,,,,,0,Units,1,One
DATAFLOW,OECD.ELS.HD:DSD_SHA@DF_SHA(1.1),Health expenditure and financing,I,MEX,Mexico,A,Annual,EXP_HEALTH,Expenditure,USD_PPP_PS,"US dollars per person, PPP converted",HF1,Government/compulsory schemes,_Z,Not application,_T,Total,_T,Total,_T,Total,_Z,Not applicable,_Z,Not applicable,Q,Constant prices,2017,,577.822,,2020,,,,,,,,,,0,Units,1,One
DATAFLOW,OECD.ELS.HD:DSD_SHA@DF_SHA(1.1),Health expenditure and financing,I,MEX,Mexico,A,Annual,EXP_HEALTH,Expenditure,USD_PPP_PS,"US dollars per person, PPP converted",HF1,Government/compulsory schemes,_Z,Not application,_T,Total,_T,Total,_T,Total,_Z,Not applicable,_Z,Not applicable,Q,Constant prices,2018,,569.201,,2020,,,,,,,,,,0,Units,1,One
DATAFLOW,OECD.ELS.HD:DSD_SHA@DF_SHA(1.1),Health expenditure and financing,I,MEX,Mexico,A,Annual,EXP_HEALTH,Expenditure,USD_PPP_PS,"US dollars per person, PPP converted",HF1,Government/compulsory schemes,_Z,Not application,_T,Total,_T,Total,_T,Total,_Z,Not applicable,_Z,Not applicable,Q,Constant prices,2019,,571.687,,2020,,,,,,,,,,0,Units,1,One
DATAFLOW,OECD.ELS.HD:DSD_SHA@DF_SHA(1.1),Health expenditure and financing,I,MEX,Mexico,A,Annual,EXP_HEALTH,Expenditure,USD_PPP_PS,"US dollars per person, PPP converted",HF1,Government/compulsory schemes,_Z,Not application,_T,Total,_T,Total,_T,Total,_Z,Not applicable,_Z,Not applicable,Q,Constant prices,2020,,636.465,,2020,,,,,,,,,,0,Units,1,One
DATAFLOW,OECD.ELS.HD:DSD_SHA@DF_SHA(1.1),Health expenditure and financing,I,MEX,Mexico,A,Annual,EXP_HEALTH,Expenditure,USD_PPP_PS,"US dollars per person, PPP converted",HF1,Government/compulsory schemes,_Z,Not application,_T,Total,_T,Total,_T,Total,_Z,Not applicable,_Z,Not applicable,Q,Constant prices,2021,,612.812,,2020,,,,,,,,,,0,Units,1,One
DATAFLOW,OECD.ELS.HD:DSD_SHA@DF_SHA(1.1),Health expenditure and financing,I,MEX,Mexico,A,Annual,EXP_HEALTH,Expenditure,USD_PPP_PS,"US dollars per person, PPP converted",HF1,Government/compulsory schemes,_Z,Not application,_T,Total,_T,Total,_T,Total,_Z,Not applicable,_Z,Not applicable,Q,Constant prices,2022,,621.106,,2020,,,,,,,,,,0,Units,1,One
DATAFLOW,OECD.ELS.HD:DSD_SHA@DF_SHA(1.1),Health expenditure and financing,I,MEX,Mexico,A,Annual,EXP_HEALTH,Expenditure,USD_PPP_PS,"US dollars per person, PPP converted",HF1,Government/compulsory schemes,_Z,Not application,_T,Total,_T,Total,_T,Total,_Z,Not applicable,_Z,Not applicable,Q,Constant prices,2023,,633.589,,2020,,,,,,,,,,0,Units,1,One
DATAFLOW,OECD.ELS.HD:DSD_SHA@DF_SHA(1.1),Health expenditure and financing,I,MEX,Mexico,A,Annual,EXP_HEALTH,Expenditure,USD_PPP_PS,"US dollars per person, PPP converted",HF1,Government/compulsory schemes,_Z,Not application,_T,Total,_T,Total,_T,Total,_Z,Not applicable,_Z,Not applicable,Q,Constant prices,2024,,694.801,,2020,,,,,,,,,,0,Units,1,One
DATAFLOW,OECD.ELS.HD:DSD_SHA@DF_SHA(1.1),Health expenditure and financing,I,FRA,France,A,Annual,EXP_HEALTH,Expenditure,PT_B1GQ,Percentage of GDP,HF2HF3,Voluntary schemes/household out-of-pocket payments,_Z,Not application,_T,Total,_T,Total,_T,Total,_Z,Not applicable,_Z,Not applicable,_Z,Not applicable,2024,,1.89,,,,,,,,,,,,0,Units,1,One
DATAFLOW,OECD.ELS.HD:DSD_SHA@DF_SHA(1.1),Health expenditure and financing,I,SWE,Sweden,A,Annual,EXP_HEALTH,Expenditure,PT_B1GQ,Percentage of GDP,HF2HF3,Voluntary schemes/household out-of-pocket payments,_Z,Not application,_T,Total,_T,Total,_T,Total,_Z,Not applicable,_Z,Not applicable,_Z,Not applicable,2018,,1.724,,,,,,,,,,,,0,Units,1,One
DATAFLOW,OECD.ELS.HD:DSD_SHA@DF_SHA(1.1),Health expenditure and financing,I,SWE,Sweden,A,Annual,EXP_HEALTH,Expenditure,PT_B1GQ,Percentage of GDP,HF2HF3,Voluntary schemes/household out-of-pocket payments,_Z,Not application,_T,Total,_T,Total,_T,Total,_Z,Not applicable,_Z,Not applicable,_Z,Not applicable,2019,,1.656,,,,,,,,,,,,0,Units,1,One
DATAFLOW,OECD.ELS.HD:DSD_SHA@DF_SHA(1.1),Health expenditure and financing,I,SWE,Sweden,A,Annual,EXP_HEALTH,Expenditure,PT_B1GQ,Percentage of GDP,HF2HF3,Voluntary schemes/household out-of-pocket payments,_Z,Not application,_T,Total,_T,Total,_T,Total,_Z,Not applicable,_Z,Not applicable,_Z,Not applicable,2020,,1.594,,,,,,,,,,,,0,Units,1,One
DATAFLOW,OECD.ELS.HD:DSD_SHA@DF_SHA(1.1),Health expenditure and financing,I,SWE,Sweden,A,Annual,EXP_HEALTH,Expenditure,PT_B1GQ,Percentage of GDP,HF2HF3,Voluntary schemes/household out-of-pocket payments,_Z,Not application,_T,Total,_T,Total,_T,Total,_Z,Not applicable,_Z,Not applicable,_Z,Not applicable,2021,,1.609,,,,,,,,,,,,0,Units,1,One
DATAFLOW,OECD.ELS.HD:DSD_SHA@DF_SHA(1.1),Health expenditure and financing,I,SWE,Sweden,A,Annual,EXP_HEALTH,Expenditure,PT_B1GQ,Percentage of GDP,HF2HF3,Voluntary schemes/household out-of-pocket payments,_Z,Not application,_T,Total,_T,Total,_T,Total,_Z,Not applicable,_Z,Not applicable,_Z,Not applicable,2022,,1.548,,,,,,,,,,,,0,Units,1,One
DATAFLOW,OECD.ELS.HD:DSD_SHA@DF_SHA(1.1),Health expenditure and financing,I,SWE,Sweden,A,Annual,EXP_HEALTH,Expenditure,PT_B1GQ,Percentage of GDP,HF2HF3,Voluntary schemes/household out-of-pocket payments,_Z,Not application,_T,Total,_T,Total,_T,Total,_Z,Not applicable,_Z,Not applicable,_Z,Not applicable,2023,,1.548,,,,,,,,,,,,0,Units,1,One
DATAFLOW,OECD.ELS.HD:DSD_SHA@DF_SHA(1.1),Health expenditure and financing,I,SWE,Sweden,A,Annual,EXP_HEALTH,Expenditure,PT_B1GQ,Percentage of GDP,HF2HF3,Voluntary schemes/household out-of-pocket payments,_Z,Not application,_T,Total,_T,Total,_T,Total,_Z,Not applicable,_Z,Not applicable,_Z,Not applicable,2024,,1.556,,,,,,,,,,,,0,Units,1,One
DATAFLOW,OECD.ELS.HD:DSD_SHA@DF_SHA(1.1),Health expenditure and financing,I,FRA,France,A,Annual,EXP_HEALTH,Expenditure,PT_B1GQ,Percentage of GDP,HF1,Government/compulsory schemes,_Z,Not application,_T,Total,_T,Total,_T,Total,_Z,Not applicable,_Z,Not applicable,_Z,Not applicable,2024,,9.436,,,,,,,,,,,,0,Units,1,One
DATAFLOW,OECD.ELS.HD:DSD_SHA@DF_SHA(1.1),Health expenditure and financing,I,SWE,Sweden,A,Annual,EXP_HEALTH,Expenditure,PT_B1GQ,Percentage of GDP,HF1,Government/compulsory schemes,_Z,Not application,_T,Total,_T,Total,_T,Total,_Z,Not applicable,_Z,Not applicable,_Z,Not applicable,2018,,9.398,,,,,,,,,,,,0,Units,1,One
DATAFLOW,OECD.ELS.HD:DSD_SHA@DF_SHA(1.1),Health expenditure and financing,I,SWE,Sweden,A,Annual,EXP_HEALTH,Expenditure,PT_B1GQ,Percentage of GDP,HF1,Government/compulsory schemes,_Z,Not application,_T,Total,_T,Total,_T,Total,_Z,Not applicable,_Z,Not applicable,_Z,Not applicable,2019,,9.303,,,,,,,,,,,,0,Units,1,One
DATAFLOW,OECD.ELS.HD:DSD_SHA@DF_SHA(1.1),Health expenditure and financing,I,SWE,Sweden,A,Annual,EXP_HEALTH,Expenditure,PT_B1GQ,Percentage of GDP,HF1,Government/compulsory schemes,_Z,Not application,_T,Total,_T,Total,_T,Total,_Z,Not applicable,_Z,Not applicable,_Z,Not applicable,2020,,9.848,,,,,,,,,,,,0,Units,1,One
DATAFLOW,OECD.ELS.HD:DSD_SHA@DF_SHA(1.1),Health expenditure and financing,I,SWE,Sweden,A,Annual,EXP_HEALTH,Expenditure,PT_B1GQ,Percentage of GDP,HF1,Government/compulsory schemes,_Z,Not application,_T,Total,_T,Total,_T,Total,_Z,Not applicable,_Z,Not applicable,_Z,Not applicable,2021,,9.716,,,,,,,,,,,,0,Units,1,One
DATAFLOW,OECD.ELS.HD:DSD_SHA@DF_SHA(1.1),Health expenditure and financing,I,SWE,Sweden,A,Annual,EXP_HEALTH,Expenditure,PT_B1GQ,Percentage of GDP,HF1,Government/compulsory schemes,_Z,Not application,_T,Total,_T,Total,_T,Total,_Z,Not applicable,_Z,Not applicable,_Z,Not applicable,2022,,9.399,,,,,,,,,,,,0,Units,1,One
DATAFLOW,OECD.ELS.HD:DSD_SHA@DF_SHA(1.1),Health expenditure and financing,I,SWE,Sweden,A,Annual,EXP_HEALTH,Expenditure,PT_B1GQ,Percentage of GDP,HF1,Government/compulsory schemes,_Z,Not application,_T,Total,_T,Total,_T,Total,_Z,Not applicable,_Z,Not applicable,_Z,Not applicable,2023,,9.695,,,,,,,,,,,,0,Units,1,One
DATAFLOW,OECD.ELS.HD:DSD_SHA@DF_SHA(1.1),Health expenditure and financing,I,SWE,Sweden,A,Annual,EXP_HEALTH,Expenditure,PT_B1GQ,Percentage of GDP,HF1,Government/compulsory schemes,_Z,Not application,_T,Total,_T,Total,_T,Total,_Z,Not applicable,_Z,Not applicable,_Z,Not applicable,2024,,9.603,,,,,,,,,,,,0,Units,1,One
DATAFLOW,OECD.ELS.HD:DSD_SHA@DF_SHA(1.1),Health expenditure and financing,I,SWE,Sweden,A,Annual,EXP_HEALTH,Expenditure,PT_B1GQ,Percentage of GDP,_T,Total,_Z,Not application,_T,Total,_T,Total,_T,Total,_Z,Not applicable,_Z,Not applicable,_Z,Not applicable,2018,,11.122,,,,,,,,,,,,0,Units,1,One
DATAFLOW,OECD.ELS.HD:DSD_SHA@DF_SHA(1.1),Health expenditure and financing,I,SWE,Sweden,A,Annual,EXP_HEALTH,Expenditure,PT_B1GQ,Percentage of GDP,_T,Total,_Z,Not application,_T,Total,_T,Total,_T,Total,_Z,Not applicable,_Z,Not applicable,_Z,Not applicable,2019,,10.959,,,,,,,,,,,,0,Units,1,One
DATAFLOW,OECD.ELS.HD:DSD_SHA@DF_SHA(1.1),Health expenditure and financing,I,SWE,Sweden,A,Annual,EXP_HEALTH,Expenditure,PT_B1GQ,Percentage of GDP,_T,Total,_Z,Not application,_T,Total,_T,Total,_T,Total,_Z,Not applicable,_Z,Not applicable,_Z,Not applicable,2020,,11.442,,,,,,,,,,,,0,Units,1,One
DATAFLOW,OECD.ELS.HD:DSD_SHA@DF_SHA(1.1),Health expenditure and financing,I,SWE,Sweden,A,Annual,EXP_HEALTH,Expenditure,PT_B1GQ,Percentage of GDP,_T,Total,_Z,Not application,_T,Total,_T,Total,_T,Total,_Z,Not applicable,_Z,Not applicable,_Z,Not applicable,2021,,11.325,,,,,,,,,,,,0,Units,1,One
DATAFLOW,OECD.ELS.HD:DSD_SHA@DF_SHA(1.1),Health expenditure and financing,I,SWE,Sweden,A,Annual,EXP_HEALTH,Expenditure,PT_B1GQ,Percentage of GDP,_T,Total,_Z,Not application,_T,Total,_T,Total,_T,Total,_Z,Not applicable,_Z,Not applicable,_Z,Not applicable,2022,,10.946,,,,,,,,,,,,0,Units,1,One
DATAFLOW,OECD.ELS.HD:DSD_SHA@DF_SHA(1.1),Health expenditure and financing,I,SWE,Sweden,A,Annual,EXP_HEALTH,Expenditure,PT_B1GQ,Percentage of GDP,_T,Total,_Z,Not application,_T,Total,_T,Total,_T,Total,_Z,Not applicable,_Z,Not applicable,_Z,Not applicable,2023,,11.243,,,,,,,,,,,,0,Units,1,One
DATAFLOW,OECD.ELS.HD:DSD_SHA@DF_SHA(1.1),Health expenditure and financing,I,SWE,Sweden,A,Annual,EXP_HEALTH,Expenditure,PT_B1GQ,Percentage of GDP,_T,Total,_Z,Not application,_T,Total,_T,Total,_T,Total,_Z,Not applicable,_Z,Not applicable,_Z,Not applicable,2024,,11.158,,,,,,,,,,,,0,Units,1,One
DATAFLOW,OECD.ELS.HD:DSD_SHA@DF_SHA(1.1),Health expenditure and financing,I,FRA,France,A,Annual,EXP_HEALTH,Expenditure,PT_B1GQ,Percentage of GDP,_T,Total,_Z,Not application,_T,Total,_T,Total,_T,Total,_Z,Not applicable,_Z,Not applicable,_Z,Not applicable,2024,,11.326,,,,,,,,,,,,0,Units,1,One
DATAFLOW,OECD.ELS.HD:DSD_SHA@DF_SHA(1.1),Health expenditure and financing,I,MEX,Mexico,A,Annual,EXP_HEALTH,Expenditure,PT_B1GQ,Percentage of GDP,HF2HF3,Voluntary schemes/household out-of-pocket payments,_Z,Not application,_T,Total,_T,Total,_T,Total,_Z,Not applicable,_Z,Not applicable,_Z,Not applicable,2015,,2.549,,,,,,,,,,,,0,Units,1,One
DATAFLOW,OECD.ELS.HD:DSD_SHA@DF_SHA(1.1),Health expenditure and financing,I,MEX,Mexico,A,Annual,EXP_HEALTH,Expenditure,PT_B1GQ,Percentage of GDP,_T,Total,_Z,Not application,_T,Total,_T,Total,_T,Total,_Z,Not applicable,_Z,Not applicable,_Z,Not applicable,2016,,5.316,,,,,,,,,,,,0,Units,1,One
DATAFLOW,OECD.ELS.HD:DSD_SHA@DF_SHA(1.1),Health expenditure and financing,I,MEX,Mexico,A,Annual,EXP_HEALTH,Expenditure,PT_B1GQ,Percentage of GDP,HF2HF3,Voluntary schemes/household out-of-pocket payments,_Z,Not application,_T,Total,_T,Total,_T,Total,_Z,Not applicable,_Z,Not applicable,_Z,Not applicable,2016,,2.554,,,,,,,,,,,,0,Units,1,One
DATAFLOW,OECD.ELS.HD:DSD_SHA@DF_SHA(1.1),Health expenditure and financing,I,MEX,Mexico,A,Annual,EXP_HEALTH,Expenditure,PT_B1GQ,Percentage of GDP,HF2HF3,Voluntary schemes/household out-of-pocket payments,_Z,Not application,_T,Total,_T,Total,_T,Total,_Z,Not applicable,_Z,Not applicable,_Z,Not applicable,2017,,2.502,,,,,,,,,,,,0,Units,1,One
DATAFLOW,OECD.ELS.HD:DSD_SHA@DF_SHA(1.1),Health expenditure and financing,I,MEX,Mexico,A,Annual,EXP_HEALTH,Expenditure,PT_B1GQ,Percentage of GDP,HF1,Government/compulsory schemes,_Z,Not application,_T,Total,_T,Total,_T,Total,_Z,Not applicable,_Z,Not applicable,_Z,Not applicable,2017,,2.684,,,,,,,,,,,,0,Units,1,One
DATAFLOW,OECD.ELS.HD:DSD_SHA@DF_SHA(1.1),Health expenditure and financing,I,MEX,Mexico,A,Annual,EXP_HEALTH,Expenditure,PT_B1GQ,Percentage of GDP,_T,Total,_Z,Not application,_T,Total,_T,Total,_T,Total,_Z,Not applicable,_Z,Not applicable,_Z,Not applicable,2017,,5.186,,,,,,,,,,,,0,Units,1,One
DATAFLOW,OECD.ELS.HD:DSD_SHA@DF_SHA(1.1),Health expenditure and financing,I,MEX,Mexico,A,Annual,EXP_HEALTH,Expenditure,PT_B1GQ,Percentage of GDP,_T,Total,_Z,Not application,_T,Total,_T,Total,_T,Total,_Z,Not applicable,_Z,Not applicable,_Z,Not applicable,2018,,5.111,,,,,,,,,,,,0,Units,1,One
DATAFLOW,OECD.ELS.HD:DSD_SHA@DF_SHA(1.1),Health expenditure and financing,I,MEX,Mexico,A,Annual,EXP_HEALTH,Expenditure,PT_B1GQ,Percentage of GDP,HF1,Government/compulsory schemes,_Z,Not application,_T,Total,_T,Total,_T,Total,_Z,Not applicable,_Z,Not applicable,_Z,Not applicable,2018,,2.6,,,,,,,,,,,,0,Units,1,One
DATAFLOW,OECD.ELS.HD:DSD_SHA@DF_SHA(1.1),Health expenditure and financing,I,MEX,Mexico,A,Annual,EXP_HEALTH,Expenditure,PT_B1GQ,Percentage of GDP,HF2HF3,Voluntary schemes/household out-of-pocket payments,_Z,Not application,_T,Total,_T,Total,_T,Total,_Z,Not applicable,_Z,Not applicable,_Z,Not applicable,2018,,2.512,,,,,,,,,,,,0,Units,1,One
DATAFLOW,OECD.ELS.HD:DSD_SHA@DF_SHA(1.1),Health expenditure and financing,I,MEX,Mexico,A,Annual,EXP_HEALTH,Expenditure,PT_B1GQ,Percentage of GDP,HF2HF3,Voluntary schemes/household out-of-pocket payments,_Z,Not application,_T,Total,_T,Total,_T,Total,_Z,Not applicable,_Z,Not applicable,_Z,Not applicable,2019,,2.564,,,,,,,,,,,,0,Units,1,One
DATAFLOW,OECD.ELS.HD:DSD_SHA@DF_SHA(1.1),Health expenditure and financing,I,MEX,Mexico,A,Annual,EXP_HEALTH,Expenditure,PT_B1GQ,Percentage of GDP,HF1,Government/compulsory schemes,_Z,Not application,_T,Total,_T,Total,_T,Total,_Z,Not applicable,_Z,Not applicable,_Z,Not applicable,2019,,2.607,,,,,,,,,,,,0,Units,1,One
DATAFLOW,OECD.ELS.HD:DSD_SHA@DF_SHA(1.1),Health expenditure and financing,I,MEX,Mexico,A,Annual,EXP_HEALTH,Expenditure,PT_B1GQ,Percentage of GDP,_T,Total,_Z,Not application,_T,Total,_T,Total,_T,Total,_Z,Not applicable,_Z,Not applicable,_Z,Not applicable,2019,,5.171,,,,,,,,,,,,0,Units,1,One
DATAFLOW,OECD.ELS.HD:DSD_SHA@DF_SHA(1.1),Health expenditure and financing,I,MEX,Mexico,A,Annual,EXP_HEALTH,Expenditure,PT_B1GQ,Percentage of GDP,_T,Total,_Z,Not application,_T,Total,_T,Total,_T,Total,_Z,Not applicable,_Z,Not applicable,_Z,Not applicable,2020,,5.957,,,,,,,,,,,,0,Units,1,One
DATAFLOW,OECD.ELS.HD:DSD_SHA@DF_SHA(1.1),Health expenditure and financing,I,MEX,Mexico,A,Annual,EXP_HEALTH,Expenditure,PT_B1GQ,Percentage of GDP,HF1,Government/compulsory schemes,_Z,Not application,_T,Total,_T,Total,_T,Total,_Z,Not applicable,_Z,Not applicable,_Z,Not applicable,2020,,3.202,,,,,,,,,,,,0,Units,1,One
DATAFLOW,OECD.ELS.HD:DSD_SHA@DF_SHA(1.1),Health expenditure and financing,I,MEX,Mexico,A,Annual,EXP_HEALTH,Expenditure,PT_B1GQ,Percentage of GDP,HF2HF3,Voluntary schemes/household out-of-pocket payments,_Z,Not application,_T,Total,_T,Total,_T,Total,_Z,Not applicable,_Z,Not applicable,_Z,Not applicable,2020,,2.755,,,,,,,,,,,,0,Units,1,One
DATAFLOW,OECD.ELS.HD:DSD_SHA@DF_SHA(1.1),Health expenditure and financing,I,MEX,Mexico,A,Annual,EXP_HEALTH,Expenditure,PT_B1GQ,Percentage of GDP,HF2HF3,Voluntary schemes/household out-of-pocket payments,_Z,Not application,_T,Total,_T,Total,_T,Total,_Z,Not applicable,_Z,Not applicable,_Z,Not applicable,2021,,2.838,,,,,,,,,,,,0,Units,1,One
DATAFLOW,OECD.ELS.HD:DSD_SHA@DF_SHA(1.1),Health expenditure and financing,I,MEX,Mexico,A,Annual,EXP_HEALTH,Expenditure,PT_B1GQ,Percentage of GDP,HF1,Government/compulsory schemes,_Z,Not application,_T,Total,_T,Total,_T,Total,_Z,Not applicable,_Z,Not applicable,_Z,Not applicable,2021,,2.951,,,,,,,,,,,,0,Units,1,One
DATAFLOW,OECD.ELS.HD:DSD_SHA@DF_SHA(1.1),Health expenditure and financing,I,MEX,Mexico,A,Annual,EXP_HEALTH,Expenditure,PT_B1GQ,Percentage of GDP,_T,Total,_Z,Not application,_T,Total,_T,Total,_T,Total,_Z,Not applicable,_Z,Not applicable,_Z,Not applicable,2021,,5.789,,,,,,,,,,,,0,Units,1,One
DATAFLOW,OECD.ELS.HD:DSD_SHA@DF_SHA(1.1),Health expenditure and financing,I,MEX,Mexico,A,Annual,EXP_HEALTH,Expenditure,PT_B1GQ,Percentage of GDP,_T,Total,_Z,Not application,_T,Total,_T,Total,_T,Total,_Z,Not applicable,_Z,Not applicable,_Z,Not applicable,2022,,5.715,,,,,,,,,,,,0,Units,1,One
DATAFLOW,OECD.ELS.HD:DSD_SHA@DF_SHA(1.1),Health expenditure and financing,I,MEX,Mexico,A,Annual,EXP_HEALTH,Expenditure,PT_B1GQ,Percentage of GDP,HF1,Government/compulsory schemes,_Z,Not application,_T,Total,_T,Total,_T,Total,_Z,Not applicable,_Z,Not applicable,_Z,Not applicable,2022,,2.962,,,,,,,,,,,,0,Units,1,One
DATAFLOW,OECD.ELS.HD:DSD_SHA@DF_SHA(1.1),Health expenditure and financing,I,MEX,Mexico,A,Annual,EXP_HEALTH,Expenditure,PT_B1GQ,Percentage of GDP,HF2HF3,Voluntary schemes/household out-of-pocket payments,_Z,Not application,_T,Total,_T,Total,_T,Total,_Z,Not applicable,_Z,Not applicable,_Z,Not applicable,2022,,2.754,,,,,,,,,,,,0,Units,1,One
DATAFLOW,OECD.ELS.HD:DSD_SHA@DF_SHA(1.1),Health expenditure and financing,I,MEX,Mexico,A,Annual,EXP_HEALTH,Expenditure,PT_B1GQ,Percentage of GDP,HF2HF3,Voluntary schemes/household out-of-pocket payments,_Z,Not application,_T,Total,_T,Total,_T,Total,_Z,Not applicable,_Z,Not applicable,_Z,Not applicable,2023,,2.795,,,,,,,,,,,,0,Units,1,One
DATAFLOW,OECD.ELS.HD:DSD_SHA@DF_SHA(1.1),Health expenditure and financing,I,MEX,Mexico,A,Annual,EXP_HEALTH,Expenditure,PT_B1GQ,Percentage of GDP,HF1,Government/compulsory schemes,_Z,Not application,_T,Total,_T,Total,_T,Total,_Z,Not applicable,_Z,Not applicable,_Z,Not applicable,2023,,2.906,,,,,,,,,,,,0,Units,1,One
DATAFLOW,OECD.ELS.HD:DSD_SHA@DF_SHA(1.1),Health expenditure and financing,I,MEX,Mexico,A,Annual,EXP_HEALTH,Expenditure,PT_B1GQ,Percentage of GDP,_T,Total,_Z,Not application,_T,Total,_T,Total,_T,Total,_Z,Not applicable,_Z,Not applicable,_Z,Not applicable,2023,,5.701,,,,,,,,,,,,0,Units,1,One
DATAFLOW,OECD.ELS.HD:DSD_SHA@DF_SHA(1.1),Health expenditure and financing,I,MEX,Mexico,A,Annual,EXP_HEALTH,Expenditure,PT_B1GQ,Percentage of GDP,_T,Total,_Z,Not application,_T,Total,_T,Total,_T,Total,_Z,Not applicable,_Z,Not applicable,_Z,Not applicable,2024,,6.083,,,,,,,,,,,,0,Units,1,One
DATAFLOW,OECD.ELS.HD:DSD_SHA@DF_SHA(1.1),Health expenditure and financing,I,MEX,Mexico,A,Annual,EXP_HEALTH,Expenditure,PT_B1GQ,Percentage of GDP,HF1,Government/compulsory schemes,_Z,Not application,_T,Total,_T,Total,_T,Total,_Z,Not applicable,_Z,Not applicable,_Z,Not applicable,2024,,3.174,,,,,,,,,,,,0,Units,1,One
DATAFLOW,OECD.ELS.HD:DSD_SHA@DF_SHA(1.1),Health expenditure and financing,I,MEX,Mexico,A,Annual,EXP_HEALTH,Expenditure,PT_B1GQ,Percentage of GDP,HF2HF3,Voluntary schemes/household out-of-pocket payments,_Z,Not application,_T,Total,_T,Total,_T,Total,_Z,Not applicable,_Z,Not applicable,_Z,Not applicable,2024,,2.909,,,,,,,,,,,,0,Units,1,One
DATAFLOW,OECD.ELS.HD:DSD_SHA@DF_SHA(1.1),Health expenditure and financing,I,FRA,France,A,Annual,EXP_HEALTH,Expenditure,USD_PPP_PS,"US dollars per person, PPP converted",HF2HF3,Voluntary schemes/household out-of-pocket payments,_Z,Not application,_T,Total,_T,Total,_T,Total,_Z,Not applicable,_Z,Not applicable,V,Current prices,2024,,1240.709,,,,,,,,,,,,0,Units,1,One
DATAFLOW,OECD.ELS.HD:DSD_SHA@DF_SHA(1.1),Health expenditure and financing,I,FRA,France,A,Annual,EXP_HEALTH,Expenditure,USD_PPP_PS,"US dollars per person, PPP converted",HF1,Government/compulsory schemes,_Z,Not application,_T,Total,_T,Total,_T,Total,_Z,Not applicable,_Z,Not applicable,V,Current prices,2024,,6192.663,,,,,,,,,,,,0,Units,1,One
DATAFLOW,OECD.ELS.HD:DSD_SHA@DF_SHA(1.1),Health expenditure and financing,I,FRA,France,A,Annual,EXP_HEALTH,Expenditure,USD_PPP_PS,"US dollars per person, PPP converted",_T,Total,_Z,Not application,_T,Total,_T,Total,_T,Total,_Z,Not applicable,_Z,Not applicable,V,Current prices,2024,,7433.373,,,,,,,,,,,,0,Units,1,One
DATAFLOW,OECD.ELS.HD:DSD_SHA@DF_SHA(1.1),Health expenditure and financing,I,SWE,Sweden,A,Annual,EXP_HEALTH,Expenditure,USD_PPP_PS,"US dollars per person, PPP converted",HF2HF3,Voluntary schemes/household out-of-pocket payments,_Z,Not application,_T,Total,_T,Total,_T,Total,_Z,Not applicable,_Z,Not applicable,V,Current prices,2022,,997.691,,,,,,,,,,,,0,Units,1,One
DATAFLOW,OECD.ELS.HD:DSD_SHA@DF_SHA(1.1),Health expenditure and financing,I,SWE,Sweden,A,Annual,EXP_HEALTH,Expenditure,USD_PPP_PS,"US dollars per person, PPP converted",HF1,Government/compulsory schemes,_Z,Not application,_T,Total,_T,Total,_T,Total,_Z,Not applicable,_Z,Not applicable,V,Current prices,2022,,6059.299,,,,,,,,,,,,0,Units,1,One
DATAFLOW,OECD.ELS.HD:DSD_SHA@DF_SHA(1.1),Health expenditure and financing,I,SWE,Sweden,A,Annual,EXP_HEALTH,Expenditure,USD_PPP_PS,"US dollars per person, PPP converted",_T,Total,_Z,Not application,_T,Total,_T,Total,_T,Total,_Z,Not applicable,_Z,Not applicable,V,Current prices,2022,,7056.99,,,,,,,,,,,,0,Units,1,One
DATAFLOW,OECD.ELS.HD:DSD_SHA@DF_SHA(1.1),Health expenditure and financing,I,SWE,Sweden,A,Annual,EXP_HEALTH,Expenditure,USD_PPP_PS,"US dollars per person, PPP converted",_T,Total,_Z,Not application,_T,Total,_T,Total,_T,Total,_Z,Not applicable,_Z,Not applicable,V,Current prices,2023,,7654.95,,,,,,,,,,,,0,Units,1,One
DATAFLOW,OECD.ELS.HD:DSD_SHA@DF_SHA(1.1),Health expenditure and financing,I,SWE,Sweden,A,Annual,EXP_HEALTH,Expenditure,USD_PPP_PS,"US dollars per person, PPP converted",HF1,Government/compulsory schemes,_Z,Not application,_T,Total,_T,Total,_T,Total,_Z,Not applicable,_Z,Not applicable,V,Current prices,2023,,6601.121,,,,,,,,,,,,0,Units,1,One
DATAFLOW,OECD.ELS.HD:DSD_SHA@DF_SHA(1.1),Health expenditure and financing,I,SWE,Sweden,A,Annual,EXP_HEALTH,Expenditure,USD_PPP_PS,"US dollars per person, PPP converted",HF2HF3,Voluntary schemes/household out-of-pocket payments,_Z,Not application,_T,Total,_T,Total,_T,Total,_Z,Not applicable,_Z,Not applicable,V,Current prices,2023,,1053.829,,,,,,,,,,,,0,Units,1,One
DATAFLOW,OECD.ELS.HD:DSD_SHA@DF_SHA(1.1),Health expenditure and financing,I,SWE,Sweden,A,Annual,EXP_HEALTH,Expenditure,USD_PPP_PS,"US dollars per person, PPP converted",HF2HF3,Voluntary schemes/household out-of-pocket payments,_Z,Not application,_T,Total,_T,Total,_T,Total,_Z,Not applicable,_Z,Not applicable,V,Current prices,2024,,1102.164,,,,,,,,,,,,0,Units,1,One
DATAFLOW,OECD.ELS.HD:DSD_SHA@DF_SHA(1.1),Health expenditure and financing,I,SWE,Sweden,A,Annual,EXP_HEALTH,Expenditure,USD_PPP_PS,"US dollars per person, PPP converted",HF1,Government/compulsory schemes,_Z,Not application,_T,Total,_T,Total,_T,Total,_Z,Not applicable,_Z,Not applicable,V,Current prices,2024,,6803.531,,,,,,,,,,,,0,Units,1,One
DATAFLOW,OECD.ELS.HD:DSD_SHA@DF_SHA(1.1),Health expenditure and financing,I,SWE,Sweden,A,Annual,EXP_HEALTH,Expenditure,USD_PPP_PS,"US dollars per person, PPP converted",_T,Total,_Z,Not application,_T,Total,_T,Total,_T,Total,_Z,Not applicable,_Z,Not applicable,V,Current prices,2024,,7905.695,,,,,,,,,,,,0,Units,1,One
DATAFLOW,OECD.ELS.HD:DSD_SHA@DF_SHA(1.1),Health expenditure and financing,I,SWE,Sweden,A,Annual,EXP_HEALTH,Expenditure,USD_PPP_PS,"US dollars per person, PPP converted",_T,Total,_Z,Not application,_T,Total,_T,Total,_T,Total,_Z,Not applicable,_Z,Not applicable,V,Current prices,2019,,5790.793,,,,,,,,,,,,0,Units,1,One
DATAFLOW,OECD.ELS.HD:DSD_SHA@DF_SHA(1.1),Health expenditure and financing,I,SWE,Sweden,A,Annual,EXP_HEALTH,Expenditure,USD_PPP_PS,"US dollars per person, PPP converted",HF1,Government/compulsory schemes,_Z,Not application,_T,Total,_T,Total,_T,Total,_Z,Not applicable,_Z,Not applicable,V,Current prices,2019,,4915.936,,,,,,,,,,,,0,Units,1,One
DATAFLOW,OECD.ELS.HD:DSD_SHA@DF_SHA(1.1),Health expenditure and financing,I,SWE,Sweden,A,Annual,EXP_HEALTH,Expenditure,USD_PPP_PS,"US dollars per person, PPP converted",HF2HF3,Voluntary schemes/household out-of-pocket payments,_Z,Not application,_T,Total,_T,Total,_T,Total,_Z,Not applicable,_Z,Not applicable,V,Current prices,2019,,874.857,,,,,,,,,,,,0,Units,1,One
DATAFLOW,OECD.ELS.HD:DSD_SHA@DF_SHA(1.1),Health expenditure and financing,I,SWE,Sweden,A,Annual,EXP_HEALTH,Expenditure,USD_PPP_PS,"US dollars per person, PPP converted",HF2HF3,Voluntary schemes/household out-of-pocket payments,_Z,Not application,_T,Total,_T,Total,_T,Total,_Z,Not applicable,_Z,Not applicable,V,Current prices,2020,,845.339,,,,,,,,,,,,0,Units,1,One
DATAFLOW,OECD.ELS.HD:DSD_SHA@DF_SHA(1.1),Health expenditure and financing,I,SWE,Sweden,A,Annual,EXP_HEALTH,Expenditure,USD_PPP_PS,"US dollars per person, PPP converted",HF1,Government/compulsory schemes,_Z,Not application,_T,Total,_T,Total,_T,Total,_Z,Not applicable,_Z,Not applicable,V,Current prices,2020,,5222.636,,,,,,,,,,,,0,Units,1,One
DATAFLOW,OECD.ELS.HD:DSD_SHA@DF_SHA(1.1),Health expenditure and financing,I,SWE,Sweden,A,Annual,EXP_HEALTH,Expenditure,USD_PPP_PS,"US dollars per person, PPP converted",_T,Total,_Z,Not application,_T,Total,_T,Total,_T,Total,_Z,Not applicable,_Z,Not applicable,V,Current prices,2020,,6067.976,,,,,,,,,,,,0,Units,1,One
DATAFLOW,OECD.ELS.HD:DSD_SHA@DF_SHA(1.1),Health expenditure and financing,I,SWE,Sweden,A,Annual,EXP_HEALTH,Expenditure,USD_PPP_PS,"US dollars per person, PPP converted",_T,Total,_Z,Not application,_T,Total,_T,Total,_T,Total,_Z,Not applicable,_Z,Not applicable,V,Current prices,2018,,5451.423,,,,,,,,,,,,0,Units,1,One
DATAFLOW,OECD.ELS.HD:DSD_SHA@DF_SHA(1.1),Health expenditure and financing,I,SWE,Sweden,A,Annual,EXP_HEALTH,Expenditure,USD_PPP_PS,"US dollars per person, PPP converted",HF1,Government/compulsory schemes,_Z,Not application,_T,Total,_T,Total,_T,Total,_Z,Not applicable,_Z,Not applicable,V,Current prices,2018,,4606.528,,,,,,,,,,,,0,Units,1,One
DATAFLOW,OECD.ELS.HD:DSD_SHA@DF_SHA(1.1),Health expenditure and financing,I,SWE,Sweden,A,Annual,EXP_HEALTH,Expenditure,USD_PPP_PS,"US dollars per person, PPP converted",HF2HF3,Voluntary schemes/household out-of-pocket payments,_Z,Not application,_T,Total,_T,Total,_T,Total,_Z,Not applicable,_Z,Not applicable,V,Current prices,2018,,844.896,,,,,,,,,,,,0,Units,1,One
DATAFLOW,OECD.ELS.HD:DSD_SHA@DF_SHA(1.1),Health expenditure and financing,I,SWE,Sweden,A,Annual,EXP_HEALTH,Expenditure,USD_PPP_PS,"US dollars per person, PPP converted",HF2HF3,Voluntary schemes/household out-of-pocket payments,_Z,Not application,_T,Total,_T,Total,_T,Total,_Z,Not applicable,_Z,Not applicable,V,Current prices,2021,,939.896,,,,,,,,,,,,0,Units,1,One
DATAFLOW,OECD.ELS.HD:DSD_SHA@DF_SHA(1.1),Health expenditure and financing,I,SWE,Sweden,A,Annual,EXP_HEALTH,Expenditure,USD_PPP_PS,"US dollars per person, PPP converted",HF1,Government/compulsory schemes,_Z,Not application,_T,Total,_T,Total,_T,Total,_Z,Not applicable,_Z,Not applicable,V,Current prices,2021,,5675.623,,,,,,,,,,,,0,Units,1,One
DATAFLOW,OECD.ELS.HD:DSD_SHA@DF_SHA(1.1),Health expenditure and financing,I,SWE,Sweden,A,Annual,EXP_HEALTH,Expenditure,USD_PPP_PS,"US dollars per person, PPP converted",_T,Total,_Z,Not application,_T,Total,_T,Total,_T,Total,_Z,Not applicable,_Z,Not applicable,V,Current prices,2021,,6615.518,,,,,,,,,,,,0,Units,1,One
DATAFLOW,OECD.ELS.HD:DSD_SHA@DF_SHA(1.1),Health expenditure and financing,I,MEX,Mexico,A,Annual,EXP_HEALTH,Expenditure,USD_PPP_PS,"US dollars per person, PPP converted",_T,Total,_Z,Not application,_T,Total,_T,Total,_T,Total,_Z,Not applicable,_Z,Not applicable,V,Current prices,2016,,1080.954,,,,,,,,,,,,0,Units,1,One
DATAFLOW,OECD.ELS.HD:DSD_SHA@DF_SHA(1.1),Health expenditure and financing,I,MEX,Mexico,A,Annual,EXP_HEALTH,Expenditure,USD_PPP_PS,"US dollars per person, PPP converted",_T,Total,_Z,Not application,_T,Total,_T,Total,_T,Total,_Z,Not applicable,_Z,Not applicable,V,Current prices,2017,,1067.28,,,,,,,,,,,,0,Units,1,One
DATAFLOW,OECD.ELS.HD:DSD_SHA@DF_SHA(1.1),Health expenditure and financing,I,MEX,Mexico,A,Annual,EXP_HEALTH,Expenditure,USD_PPP_PS,"US dollars per person, PPP converted",_T,Total,_Z,Not application,_T,Total,_T,Total,_T,Total,_Z,Not applicable,_Z,Not applicable,V,Current prices,2018,,1089.225,,,,,,,,,,,,0,Units,1,One
DATAFLOW,OECD.ELS.HD:DSD_SHA@DF_SHA(1.1),Health expenditure and financing,I,MEX,Mexico,A,Annual,EXP_HEALTH,Expenditure,USD_PPP_PS,"US dollars per person, PPP converted",_T,Total,_Z,Not application,_T,Total,_T,Total,_T,Total,_Z,Not applicable,_Z,Not applicable,V,Current prices,2019,,1101.894,,,,,,,,,,,,0,Units,1,One
DATAFLOW,OECD.ELS.HD:DSD_SHA@DF_SHA(1.1),Health expenditure and financing,I,MEX,Mexico,A,Annual,EXP_HEALTH,Expenditure,USD_PPP_PS,"US dollars per person, PPP converted",_T,Total,_Z,Not application,_T,Total,_T,Total,_T,Total,_Z,Not applicable,_Z,Not applicable,V,Current prices,2020,,1184.145,,,,,,,,,,,,0,Units,1,One
DATAFLOW,OECD.ELS.HD:DSD_SHA@DF_SHA(1.1),Health expenditure and financing,I,MEX,Mexico,A,Annual,EXP_HEALTH,Expenditure,USD_PPP_PS,"US dollars per person, PPP converted",_T,Total,_Z,Not application,_T,Total,_T,Total,_T,Total,_Z,Not applicable,_Z,Not applicable,V,Current prices,2021,,1252.882,,,,,,,,,,,,0,Units,1,One
DATAFLOW,OECD.ELS.HD:DSD_SHA@DF_SHA(1.1),Health expenditure and financing,I,MEX,Mexico,A,Annual,EXP_HEALTH,Expenditure,USD_PPP_PS,"US dollars per person, PPP converted",_T,Total,_Z,Not application,_T,Total,_T,Total,_T,Total,_Z,Not applicable,_Z,Not applicable,V,Current prices,2022,,1376.689,,,,,,,,,,,,0,Units,1,One
DATAFLOW,OECD.ELS.HD:DSD_SHA@DF_SHA(1.1),Health expenditure and financing,I,MEX,Mexico,A,Annual,EXP_HEALTH,Expenditure,USD_PPP_PS,"US dollars per person, PPP converted",_T,Total,_Z,Not application,_T,Total,_T,Total,_T,Total,_Z,Not applicable,_Z,Not applicable,V,Current prices,2023,,1520.001,,,,,,,,,,,,0,Units,1,One
DATAFLOW,OECD.ELS.HD:DSD_SHA@DF_SHA(1.1),Health expenditure and financing,I,MEX,Mexico,A,Annual,EXP_HEALTH,Expenditure,USD_PPP_PS,"US dollars per person, PPP converted",_T,Total,_Z,Not application,_T,Total,_T,Total,_T,Total,_Z,Not applicable,_Z,Not applicable,V,Current prices,2024,,1653.43,,,,,,,,,,,,0,Units,1,One
DATAFLOW,OECD.ELS.HD:DSD_SHA@DF_SHA(1.1),Health expenditure and financing,I,MEX,Mexico,A,Annual,EXP_HEALTH,Expenditure,USD_PPP_PS,"US dollars per person, PPP converted",HF2HF3,Voluntary schemes/household out-of-pocket payments,_Z,Not application,_T,Total,_T,Total,_T,Total,_Z,Not applicable,_Z,Not applicable,V,Current prices,2015,,485.876,,,,,,,,,,,,0,Units,1,One
DATAFLOW,OECD.ELS.HD:DSD_SHA@DF_SHA(1.1),Health expenditure and financing,I,MEX,Mexico,A,Annual,EXP_HEALTH,Expenditure,USD_PPP_PS,"US dollars per person, PPP converted",HF2HF3,Voluntary schemes/household out-of-pocket payments,_Z,Not application,_T,Total,_T,Total,_T,Total,_Z,Not applicable,_Z,Not applicable,V,Current prices,2016,,519.428,,,,,,,,,,,,0,Units,1,One
DATAFLOW,OECD.ELS.HD:DSD_SHA@DF_SHA(1.1),Health expenditure and financing,I,MEX,Mexico,A,Annual,EXP_HEALTH,Expenditure,USD_PPP_PS,"US dollars per person, PPP converted",HF2HF3,Voluntary schemes/household out-of-pocket payments,_Z,Not application,_T,Total,_T,Total,_T,Total,_Z,Not applicable,_Z,Not applicable,V,Current prices,2017,,514.844,,,,,,,,,,,,0,Units,1,One
DATAFLOW,OECD.ELS.HD:DSD_SHA@DF_SHA(1.1),Health expenditure and financing,I,MEX,Mexico,A,Annual,EXP_HEALTH,Expenditure,USD_PPP_PS,"US dollars per person, PPP converted",HF2HF3,Voluntary schemes/household out-of-pocket payments,_Z,Not application,_T,Total,_T,Total,_T,Total,_Z,Not applicable,_Z,Not applicable,V,Current prices,2018,,535.259,,,,,,,,,,,,0,Units,1,One
DATAFLOW,OECD.ELS.HD:DSD_SHA@DF_SHA(1.1),Health expenditure and financing,I,MEX,Mexico,A,Annual,EXP_HEALTH,Expenditure,USD_PPP_PS,"US dollars per person, PPP converted",HF2HF3,Voluntary schemes/household out-of-pocket payments,_Z,Not application,_T,Total,_T,Total,_T,Total,_Z,Not applicable,_Z,Not applicable,V,Current prices,2019,,546.461,,,,,,,,,,,,0,Units,1,One
DATAFLOW,OECD.ELS.HD:DSD_SHA@DF_SHA(1.1),Health expenditure and financing,I,MEX,Mexico,A,Annual,EXP_HEALTH,Expenditure,USD_PPP_PS,"US dollars per person, PPP converted",HF2HF3,Voluntary schemes/household out-of-pocket payments,_Z,Not application,_T,Total,_T,Total,_T,Total,_Z,Not applicable,_Z,Not applicable,V,Current prices,2020,,547.68,,,,,,,,,,,,0,Units,1,One
DATAFLOW,OECD.ELS.HD:DSD_SHA@DF_SHA(1.1),Health expenditure and financing,I,MEX,Mexico,A,Annual,EXP_HEALTH,Expenditure,USD_PPP_PS,"US dollars per person, PPP converted",HF2HF3,Voluntary schemes/household out-of-pocket payments,_Z,Not application,_T,Total,_T,Total,_T,Total,_Z,Not applicable,_Z,Not applicable,V,Current prices,2021,,614.254,,,,,,,,,,,,0,Units,1,One
DATAFLOW,OECD.ELS.HD:DSD_SHA@DF_SHA(1.1),Health expenditure and financing,I,MEX,Mexico,A,Annual,EXP_HEALTH,Expenditure,USD_PPP_PS,"US dollars per person, PPP converted",HF2HF3,Voluntary schemes/household out-of-pocket payments,_Z,Not application,_T,Total,_T,Total,_T,Total,_Z,Not applicable,_Z,Not applicable,V,Current prices,2022,,663.3,,,,,,,,,,,,0,Units,1,One
DATAFLOW,OECD.ELS.HD:DSD_SHA@DF_SHA(1.1),Health expenditure and financing,I,MEX,Mexico,A,Annual,EXP_HEALTH,Expenditure,USD_PPP_PS,"US dollars per person, PPP converted",HF2HF3,Voluntary schemes/household out-of-pocket payments,_Z,Not application,_T,Total,_T,Total,_T,Total,_Z,Not applicable,_Z,Not applicable,V,Current prices,2023,,745.148,,,,,,,,,,,,0,Units,1,One
DATAFLOW,OECD.ELS.HD:DSD_SHA@DF_SHA(1.1),Health expenditure and financing,I,MEX,Mexico,A,Annual,EXP_HEALTH,Expenditure,USD_PPP_PS,"US dollars per person, PPP converted",HF2HF3,Voluntary schemes/household out-of-pocket payments,_Z,Not application,_T,Total,_T,Total,_T,Total,_Z,Not applicable,_Z,Not applicable,V,Current prices,2024,,790.725,,,,,,,,,,,,0,Units,1,One
DATAFLOW,OECD.ELS.HD:DSD_SHA@DF_SHA(1.1),Health expenditure and financing,I,MEX,Mexico,A,Annual,EXP_HEALTH,Expenditure,USD_PPP_PS,"US dollars per person, PPP converted",HF1,Government/compulsory schemes,_Z,Not application,_T,Total,_T,Total,_T,Total,_Z,Not applicable,_Z,Not applicable,V,Current prices,2017,,552.436,,,,,,,,,,,,0,Units,1,One
DATAFLOW,OECD.ELS.HD:DSD_SHA@DF_SHA(1.1),Health expenditure and financing,I,MEX,Mexico,A,Annual,EXP_HEALTH,Expenditure,USD_PPP_PS,"US dollars per person, PPP converted",HF1,Government/compulsory schemes,_Z,Not application,_T,Total,_T,Total,_T,Total,_Z,Not applicable,_Z,Not applicable,V,Current prices,2018,,553.966,,,,,,,,,,,,0,Units,1,One
DATAFLOW,OECD.ELS.HD:DSD_SHA@DF_SHA(1.1),Health expenditure and financing,I,MEX,Mexico,A,Annual,EXP_HEALTH,Expenditure,USD_PPP_PS,"US dollars per person, PPP converted",HF1,Government/compulsory schemes,_Z,Not application,_T,Total,_T,Total,_T,Total,_Z,Not applicable,_Z,Not applicable,V,Current prices,2019,,555.433,,,,,,,,,,,,0,Units,1,One
DATAFLOW,OECD.ELS.HD:DSD_SHA@DF_SHA(1.1),Health expenditure and financing,I,MEX,Mexico,A,Annual,EXP_HEALTH,Expenditure,USD_PPP_PS,"US dollars per person, PPP converted",HF1,Government/compulsory schemes,_Z,Not application,_T,Total,_T,Total,_T,Total,_Z,Not applicable,_Z,Not applicable,V,Current prices,2020,,636.465,,,,,,,,,,,,0,Units,1,One
DATAFLOW,OECD.ELS.HD:DSD_SHA@DF_SHA(1.1),Health expenditure and financing,I,MEX,Mexico,A,Annual,EXP_HEALTH,Expenditure,USD_PPP_PS,"US dollars per person, PPP converted",HF1,Government/compulsory schemes,_Z,Not application,_T,Total,_T,Total,_T,Total,_Z,Not applicable,_Z,Not applicable,V,Current prices,2021,,638.628,,,,,,,,,,,,0,Units,1,One
DATAFLOW,OECD.ELS.HD:DSD_SHA@DF_SHA(1.1),Health expenditure and financing,I,MEX,Mexico,A,Annual,EXP_HEALTH,Expenditure,USD_PPP_PS,"US dollars per person, PPP converted",HF1,Government/compulsory schemes,_Z,Not application,_T,Total,_T,Total,_T,Total,_Z,Not applicable,_Z,Not applicable,V,Current prices,2022,,713.39,,,,,,,,,,,,0,Units,1,One
DATAFLOW,OECD.ELS.HD:DSD_SHA@DF_SHA(1.1),Health expenditure and financing,I,MEX,Mexico,A,Annual,EXP_HEALTH,Expenditure,USD_PPP_PS,"US dollars per person, PPP converted",HF1,Government/compulsory schemes,_Z,Not application,_T,Total,_T,Total,_T,Total,_Z,Not applicable,_Z,Not applicable,V,Current prices,2023,,774.852,,,,,,,,,,,,0,Units,1,One
DATAFLOW,OECD.ELS.HD:DSD_SHA@DF_SHA(1.1),Health expenditure and financing,I,MEX,Mexico,A,Annual,EXP_HEALTH,Expenditure,USD_PPP_PS,"US dollars per person, PPP converted",HF1,Government/compulsory schemes,_Z,Not application,_T,Total,_T,Total,_T,Total,_Z,Not applicable,_Z,Not applicable,V,Current prices,2024,,862.706,,,,,,,,,,,,0,Units,1,One
DATAFLOW,OECD.ELS.HD:DSD_SHA@DF_SHA(1.1),Health expenditure and financing,I,MEX,Mexico,A,Annual,EXP_HEALTH,Expenditure,USD_PPP_PS,"US dollars per person, PPP converted",HF1,Government/compulsory schemes,_Z,Not application,_T,Total,_T,Total,_T,Total,_Z,Not applicable,_Z,Not applicable,Q,Constant prices,2016,,583.625,,2020,,,,B,Time series break,,,,,0,Units,1,One
DATAFLOW,OECD.ELS.HD:DSD_SHA@DF_SHA(1.1),Health expenditure and financing,I,MEX,Mexico,A,Annual,EXP_HEALTH,Expenditure,PT_B1GQ,Percentage of GDP,HF1,Government/compulsory schemes,_Z,Not application,_T,Total,_T,Total,_T,Total,_Z,Not applicable,_Z,Not applicable,_Z,Not applicable,2016,,2.761,,,,,,B,Time series break,,,,,0,Units,1,One
DATAFLOW,OECD.ELS.HD:DSD_SHA@DF_SHA(1.1),Health expenditure and financing,I,MEX,Mexico,A,Annual,EXP_HEALTH,Expenditure,USD_PPP_PS,"US dollars per person, PPP converted",HF1,Government/compulsory schemes,_Z,Not application,_T,Total,_T,Total,_T,Total,_Z,Not applicable,_Z,Not applicable,V,Current prices,2016,,561.526,,,,,,B,Time series break,,,,,0,Units,1,One
DATAFLOW,OECD.ELS.HD:DSD_SHA@DF_SHA(1.1),Health expenditure and financing,I,MEX,Mexico,A,Annual,EXP_HEALTH,Expenditure,USD_PPP_PS,"US dollars per person, PPP converted",HF1,Government/compulsory schemes,_Z,Not application,_T,Total,_T,Total,_T,Total,_Z,Not applicable,_Z,Not applicable,Q,Constant prices,2015,,601.123,,2020,,,,B,Time series break,,,,,0,Units,1,One
DATAFLOW,OECD.ELS.HD:DSD_SHA@DF_SHA(1.1),Health expenditure and financing,I,MEX,Mexico,A,Annual,EXP_HEALTH,Expenditure,USD_PPP_PS,"US dollars per person, PPP converted",_T,Total,_Z,Not application,_T,Total,_T,Total,_T,Total,_Z,Not applicable,_Z,Not applicable,Q,Constant prices,2015,,1132.107,,2020,,,,B,Time series break,,,,,0,Units,1,One
DATAFLOW,OECD.ELS.HD:DSD_SHA@DF_SHA(1.1),Health expenditure and financing,I,MEX,Mexico,A,Annual,EXP_HEALTH,Expenditure,PT_B1GQ,Percentage of GDP,HF1,Government/compulsory schemes,_Z,Not application,_T,Total,_T,Total,_T,Total,_Z,Not applicable,_Z,Not applicable,_Z,Not applicable,2015,,2.885,,,,,,B,Time series break,,,,,0,Units,1,One
DATAFLOW,OECD.ELS.HD:DSD_SHA@DF_SHA(1.1),Health expenditure and financing,I,MEX,Mexico,A,Annual,EXP_HEALTH,Expenditure,PT_B1GQ,Percentage of GDP,_T,Total,_Z,Not application,_T,Total,_T,Total,_T,Total,_Z,Not applicable,_Z,Not applicable,_Z,Not applicable,2015,,5.434,,,,,,B,Time series break,,,,,0,Units,1,One
DATAFLOW,OECD.ELS.HD:DSD_SHA@DF_SHA(1.1),Health expenditure and financing,I,MEX,Mexico,A,Annual,EXP_HEALTH,Expenditure,USD_PPP_PS,"US dollars per person, PPP converted",_T,Total,_Z,Not application,_T,Total,_T,Total,_T,Total,_Z,Not applicable,_Z,Not applicable,V,Current prices,2015,,1035.932,,,,,,B,Time series break,,,,,0,Units,1,One
DATAFLOW,OECD.ELS.HD:DSD_SHA@DF_SHA(1.1),Health expenditure and financing,I,MEX,Mexico,A,Annual,EXP_HEALTH,Expenditure,USD_PPP_PS,"US dollars per person, PPP converted",HF1,Government/compulsory schemes,_Z,Not application,_T,Total,_T,Total,_T,Total,_Z,Not applicable,_Z,Not applicable,V,Current prices,2015,,550.056,,,,,,B,Time series break,,,,,0,Units,1,One
DATAFLOW,OECD.ELS.HD:DSD_SHA@DF_SHA(1.1),Health expenditure and financing,I,MEX,Mexico,A,Annual,EXP_HEALTH,Expenditure,USD_PPP_PS,"US dollars per person, PPP converted",HF1,Government/compulsory schemes,_Z,Not application,_T,Total,_T,Total,_T,Total,_Z,Not applicable,_Z,Not applicable,Q,Constant prices,2025,,703.021,,2020,,,,E,Estimated value,,,,,0,Units,1,One
DATAFLOW,OECD.ELS.HD:DSD_SHA@DF_SHA(1.1),Health expenditure and financing,I,MEX,Mexico,A,Annual,EXP_HEALTH,Expenditure,USD_PPP_PS,"US dollars per person, PPP converted",_T,Total,_Z,Not application,_T,Total,_T,Total,_T,Total,_Z,Not applicable,_Z,Not applicable,Q,Constant prices,2025,,1347.385,,2020,,,,E,Estimated value,,,,,0,Units,1,One
DATAFLOW,OECD.ELS.HD:DSD_SHA@DF_SHA(1.1),Health expenditure and financing,I,MEX,Mexico,A,Annual,EXP_HEALTH,Expenditure,USD_PPP_PS,"US dollars per person, PPP converted",HF2HF3,Voluntary schemes/household out-of-pocket payments,_Z,Not application,_T,Total,_T,Total,_T,Total,_Z,Not applicable,_Z,Not applicable,V,Current prices,2025,,803.326,,,,,,E,Estimated value,,,,,0,Units,1,One
DATAFLOW,OECD.ELS.HD:DSD_SHA@DF_SHA(1.1),Health expenditure and financing,I,MEX,Mexico,A,Annual,EXP_HEALTH,Expenditure,PT_B1GQ,Percentage of GDP,HF2HF3,Voluntary schemes/household out-of-pocket payments,_Z,Not application,_T,Total,_T,Total,_T,Total,_Z,Not applicable,_Z,Not applicable,_Z,Not applicable,2025,,2.951,,,,,,E,Estimated value,,,,,0,Units,1,One
DATAFLOW,OECD.ELS.HD:DSD_SHA@DF_SHA(1.1),Health expenditure and financing,I,MEX,Mexico,A,Annual,EXP_HEALTH,Expenditure,PT_B1GQ,Percentage of GDP,HF1,Government/compulsory schemes,_Z,Not application,_T,Total,_T,Total,_T,Total,_Z,Not applicable,_Z,Not applicable,_Z,Not applicable,2025,,3.22,,,,,,E,Estimated value,,,,,0,Units,1,One
DATAFLOW,OECD.ELS.HD:DSD_SHA@DF_SHA(1.1),Health expenditure and financing,I,MEX,Mexico,A,Annual,EXP_HEALTH,Expenditure,USD_PPP_PS,"US dollars per person, PPP converted",_T,Total,_Z,Not application,_T,Total,_T,Total,_T,Total,_Z,Not applicable,_Z,Not applicable,V,Current prices,2025,,1679.779,,,,,,E,Estimated value,,,,,0,Units,1,One
DATAFLOW,OECD.ELS.HD:DSD_SHA@DF_SHA(1.1),Health expenditure and financing,I,MEX,Mexico,A,Annual,EXP_HEALTH,Expenditure,PT_B1GQ,Percentage of GDP,_T,Total,_Z,Not application,_T,Total,_T,Total,_T,Total,_Z,Not applicable,_Z,Not applicable,_Z,Not applicable,2025,,6.171,,,,,,E,Estimated value,,,,,0,Units,1,One
DATAFLOW,OECD.ELS.HD:DSD_SHA@DF_SHA(1.1),Health expenditure and financing,I,MEX,Mexico,A,Annual,EXP_HEALTH,Expenditure,USD_PPP_PS,"US dollars per person, PPP converted",HF2HF3,Voluntary schemes/household out-of-pocket payments,_Z,Not application,_T,Total,_T,Total,_T,Total,_Z,Not applicable,_Z,Not applicable,Q,Constant prices,2025,,644.364,,2020,,,,E,Estimated value,,,,,0,Units,1,One
DATAFLOW,OECD.ELS.HD:DSD_SHA@DF_SHA(1.1),Health expenditure and financing,I,MEX,Mexico,A,Annual,EXP_HEALTH,Expenditure,USD_PPP_PS,"US dollars per person, PPP converted",HF1,Government/compulsory schemes,_Z,Not application,_T,Total,_T,Total,_T,Total,_Z,Not applicable,_Z,Not applicable,V,Current prices,2025,,876.453,,,,,,E,Estimated value,,,,,0,Units,1,One
DATAFLOW,OECD.ELS.HD:DSD_SHA@DF_SHA(1.1),Health expenditure and financing,I,SWE,Sweden,A,Annual,EXP_HEALTH,Expenditure,USD_PPP_PS,"US dollars per person, PPP converted",_T,Total,_Z,Not application,_T,Total,_T,Total,_T,Total,_Z,Not applicable,_Z,Not applicable,Q,Constant prices,2025,,6146.042,,2020,,,,P,Provisional value,,,,,0,Units,1,One
DATAFLOW,OECD.ELS.HD:DSD_SHA@DF_SHA(1.1),Health expenditure and financing,I,SWE,Sweden,A,Annual,EXP_HEALTH,Expenditure,USD_PPP_PS,"US dollars per person, PPP converted",HF2HF3,Voluntary schemes/household out-of-pocket payments,_Z,Not application,_T,Total,_T,Total,_T,Total,_Z,Not applicable,_Z,Not applicable,Q,Constant prices,2025,,886.656,,2020,,,,P,Provisional value,,,,,0,Units,1,One
DATAFLOW,OECD.ELS.HD:DSD_SHA@DF_SHA(1.1),Health expenditure and financing,I,SWE,Sweden,A,Annual,EXP_HEALTH,Expenditure,USD_PPP_PS,"US dollars per person, PPP converted",HF1,Government/compulsory schemes,_Z,Not application,_T,Total,_T,Total,_T,Total,_Z,Not applicable,_Z,Not applicable,Q,Constant prices,2025,,5259.385,,2020,,,,P,Provisional value,,,,,0,Units,1,One
DATAFLOW,OECD.ELS.HD:DSD_SHA@DF_SHA(1.1),Health expenditure and financing,I,SWE,Sweden,A,Annual,EXP_HEALTH,Expenditure,PT_B1GQ,Percentage of GDP,_T,Total,_Z,Not application,_T,Total,_T,Total,_T,Total,_Z,Not applicable,_Z,Not applicable,_Z,Not applicable,2025,,10.911,,,,,,P,Provisional value,,,,,0,Units,1,One
DATAFLOW,OECD.ELS.HD:DSD_SHA@DF_SHA(1.1),Health expenditure and financing,I,SWE,Sweden,A,Annual,EXP_HEALTH,Expenditure,USD_PPP_PS,"US dollars per person, PPP converted",_T,Total,_Z,Not application,_T,Total,_T,Total,_T,Total,_Z,Not applicable,_Z,Not applicable,V,Current prices,2025,,7819.137,,,,,,P,Provisional value,,,,,0,Units,1,One
DATAFLOW,OECD.ELS.HD:DSD_SHA@DF_SHA(1.1),Health expenditure and financing,I,SWE,Sweden,A,Annual,EXP_HEALTH,Expenditure,USD_PPP_PS,"US dollars per person, PPP converted",HF2HF3,Voluntary schemes/household out-of-pocket payments,_Z,Not application,_T,Total,_T,Total,_T,Total,_Z,Not applicable,_Z,Not applicable,V,Current prices,2025,,1128.025,,,,,,P,Provisional value,,,,,0,Units,1,One
DATAFLOW,OECD.ELS.HD:DSD_SHA@DF_SHA(1.1),Health expenditure and financing,I,SWE,Sweden,A,Annual,EXP_HEALTH,Expenditure,PT_B1GQ,Percentage of GDP,HF1,Government/compulsory schemes,_Z,Not application,_T,Total,_T,Total,_T,Total,_Z,Not applicable,_Z,Not applicable,_Z,Not applicable,2025,,9.337,,,,,,P,Provisional value,,,,,0,Units,1,One
DATAFLOW,OECD.ELS.HD:DSD_SHA@DF_SHA(1.1),Health expenditure and financing,I,SWE,Sweden,A,Annual,EXP_HEALTH,Expenditure,USD_PPP_PS,"US dollars per person, PPP converted",HF1,Government/compulsory schemes,_Z,Not application,_T,Total,_T,Total,_T,Total,_Z,Not applicable,_Z,Not applicable,V,Current prices,2025,,6691.112,,,,,,P,Provisional value,,,,,0,Units,1,One
DATAFLOW,OECD.ELS.HD:DSD_SHA@DF_SHA(1.1),Health expenditure and financing,I,SWE,Sweden,A,Annual,EXP_HEALTH,Expenditure,PT_B1GQ,Percentage of GDP,HF2HF3,Voluntary schemes/household out-of-pocket payments,_Z,Not application,_T,Total,_T,Total,_T,Total,_Z,Not applicable,_Z,Not applicable,_Z,Not applicable,2025,,1.574,,,,,,P,Provisional value,,,,,0,Units,1,One
DATAFLOW,OECD.ELS.HD:DSD_SHA@DF_SHA(1.1),Health expenditure and financing,I,FRA,France,A,Annual,EXP_HEALTH,Expenditure,PT_B1GQ,Percentage of GDP,HF1,Government/compulsory schemes,_Z,Not application,_T,Total,_T,Total,_T,Total,_Z,Not applicable,_Z,Not applicable,_Z,Not applicable,2025,,9.444,,,,,,E,Estimated value,,,,,0,Units,1,One
DATAFLOW,OECD.ELS.HD:DSD_SHA@DF_SHA(1.1),Health expenditure and financing,I,FRA,France,A,Annual,EXP_HEALTH,Expenditure,PT_B1GQ,Percentage of GDP,_T,Total,_Z,Not application,_T,Total,_T,Total,_T,Total,_Z,Not applicable,_Z,Not applicable,_Z,Not applicable,2025,,11.375,,,,,,E,Estimated value,,,,,0,Units,1,One
DATAFLOW,OECD.ELS.HD:DSD_SHA@DF_SHA(1.1),Health expenditure and financing,I,FRA,France,A,Annual,EXP_HEALTH,Expenditure,USD_PPP_PS,"US dollars per person, PPP converted",_T,Total,_Z,Not application,_T,Total,_T,Total,_T,Total,_Z,Not applicable,_Z,Not applicable,V,Current prices,2025,,7521.952,,,,,,E,Estimated value,,,,,0,Units,1,One
DATAFLOW,OECD.ELS.HD:DSD_SHA@DF_SHA(1.1),Health expenditure and financing,I,FRA,France,A,Annual,EXP_HEALTH,Expenditure,USD_PPP_PS,"US dollars per person, PPP converted",HF1,Government/compulsory schemes,_Z,Not application,_T,Total,_T,Total,_T,Total,_Z,Not applicable,_Z,Not applicable,V,Current prices,2025,,6245.199,,,,,,E,Estimated value,,,,,0,Units,1,One
DATAFLOW,OECD.ELS.HD:DSD_SHA@DF_SHA(1.1),Health expenditure and financing,I,FRA,France,A,Annual,EXP_HEALTH,Expenditure,USD_PPP_PS,"US dollars per person, PPP converted",HF2HF3,Voluntary schemes/household out-of-pocket payments,_Z,Not application,_T,Total,_T,Total,_T,Total,_Z,Not applicable,_Z,Not applicable,V,Current prices,2025,,1276.754,,,,,,E,Estimated value,,,,,0,Units,1,One
DATAFLOW,OECD.ELS.HD:DSD_SHA@DF_SHA(1.1),Health expenditure and financing,I,FRA,France,A,Annual,EXP_HEALTH,Expenditure,USD_PPP_PS,"US dollars per person, PPP converted",HF2HF3,Voluntary schemes/household out-of-pocket payments,_Z,Not application,_T,Total,_T,Total,_T,Total,_Z,Not applicable,_Z,Not applicable,Q,Constant prices,2025,,1029.535,,2020,,,,E,Estimated value,,,,,0,Units,1,One
DATAFLOW,OECD.ELS.HD:DSD_SHA@DF_SHA(1.1),Health expenditure and financing,I,FRA,France,A,Annual,EXP_HEALTH,Expenditure,USD_PPP_PS,"US dollars per person, PPP converted",_T,Total,_Z,Not application,_T,Total,_T,Total,_T,Total,_Z,Not applicable,_Z,Not applicable,Q,Constant prices,2025,,6065.47,,2020,,,,E,Estimated value,,,,,0,Units,1,One
DATAFLOW,OECD.ELS.HD:DSD_SHA@DF_SHA(1.1),Health expenditure and financing,I,FRA,France,A,Annual,EXP_HEALTH,Expenditure,USD_PPP_PS,"US dollars per person, PPP converted",HF1,Government/compulsory schemes,_Z,Not application,_T,Total,_T,Total,_T,Total,_Z,Not applicable,_Z,Not applicable,Q,Constant prices,2025,,5035.935,,2020,,,,E,Estimated value,,,,,0,Units,1,One
DATAFLOW,OECD.ELS.HD:DSD_SHA@DF_SHA(1.1),Health expenditure and financing,I,FRA,France,A,Annual,EXP_HEALTH,Expenditure,PT_B1GQ,Percentage of GDP,HF2HF3,Voluntary schemes/household out-of-pocket payments,_Z,Not application,_T,Total,_T,Total,_T,Total,_Z,Not applicable,_Z,Not applicable,_Z,Not applicable,2025,,1.931,,,,,,E,Estimated value,,,,,0,Units,1,One
DATAFLOW,OECD.ELS.HD:DSD_SHA@DF_SHA(1.1),Health expenditure and financing,I,NZL,New Zealand,A,Annual,EXP_HEALTH,Expenditure,USD_PPP_PS,"US dollars per person, PPP converted",_T,Total,_Z,Not application,_T,Total,_T,Total,_T,Total,_Z,Not applicable,_Z,Not applicable,Q,Constant prices,2024,,4886.199,,2020,,,,P,Provisional value,,,,,0,Units,1,One
DATAFLOW,OECD.ELS.HD:DSD_SHA@DF_SHA(1.1),Health expenditure and financing,I,NZL,New Zealand,A,Annual,EXP_HEALTH,Expenditure,USD_PPP_PS,"US dollars per person, PPP converted",HF2HF3,Voluntary schemes/household out-of-pocket payments,_Z,Not application,_T,Total,_T,Total,_T,Total,_Z,Not applicable,_Z,Not applicable,Q,Constant prices,2024,,987.596,,2020,,,,P,Provisional value,,,,,0,Units,1,One
DATAFLOW,OECD.ELS.HD:DSD_SHA@DF_SHA(1.1),Health expenditure and financing,I,NZL,New Zealand,A,Annual,EXP_HEALTH,Expenditure,USD_PPP_PS,"US dollars per person, PPP converted",HF1,Government/compulsory schemes,_Z,Not application,_T,Total,_T,Total,_T,Total,_Z,Not applicable,_Z,Not applicable,Q,Constant prices,2024,,3898.603,,2020,,,,P,Provisional value,,,,,0,Units,1,One
DATAFLOW,OECD.ELS.HD:DSD_SHA@DF_SHA(1.1),Health expenditure and financing,I,NZL,New Zealand,A,Annual,EXP_HEALTH,Expenditure,PT_B1GQ,Percentage of GDP,_T,Total,_Z,Not application,_T,Total,_T,Total,_T,Total,_Z,Not applicable,_Z,Not applicable,_Z,Not applicable,2024,,10.013,,,,,,P,Provisional value,,,,,0,Units,1,One
DATAFLOW,OECD.ELS.HD:DSD_SHA@DF_SHA(1.1),Health expenditure and financing,I,NZL,New Zealand,A,Annual,EXP_HEALTH,Expenditure,PT_B1GQ,Percentage of GDP,HF2HF3,Voluntary schemes/household out-of-pocket payments,_Z,Not application,_T,Total,_T,Total,_T,Total,_Z,Not applicable,_Z,Not applicable,_Z,Not applicable,2024,,2.024,,,,,,P,Provisional value,,,,,0,Units,1,One
DATAFLOW,OECD.ELS.HD:DSD_SHA@DF_SHA(1.1),Health expenditure and financing,I,NZL,New Zealand,A,Annual,EXP_HEALTH,Expenditure,PT_B1GQ,Percentage of GDP,HF1,Government/compulsory schemes,_Z,Not application,_T,Total,_T,Total,_T,Total,_Z,Not applicable,_Z,Not applicable,_Z,Not applicable,2024,,7.989,,,,,,P,Provisional value,,,,,0,Units,1,One
DATAFLOW,OECD.ELS.HD:DSD_SHA@DF_SHA(1.1),Health expenditure and financing,I,NZL,New Zealand,A,Annual,EXP_HEALTH,Expenditure,USD_PPP_PS,"US dollars per person, PPP converted",HF2HF3,Voluntary schemes/household out-of-pocket payments,_Z,Not application,_T,Total,_T,Total,_T,Total,_Z,Not applicable,_Z,Not applicable,V,Current prices,2024,,1226.288,,,,,,P,Provisional value,,,,,0,Units,1,One
DATAFLOW,OECD.ELS.HD:DSD_SHA@DF_SHA(1.1),Health expenditure and financing,I,NZL,New Zealand,A,Annual,EXP_HEALTH,Expenditure,USD_PPP_PS,"US dollars per person, PPP converted",HF1,Government/compulsory schemes,_Z,Not application,_T,Total,_T,Total,_T,Total,_Z,Not applicable,_Z,Not applicable,V,Current prices,2024,,4840.858,,,,,,P,Provisional value,,,,,0,Units,1,One
DATAFLOW,OECD.ELS.HD:DSD_SHA@DF_SHA(1.1),Health expenditure and financing,I,NZL,New Zealand,A,Annual,EXP_HEALTH,Expenditure,USD_PPP_PS,"US dollars per person, PPP converted",_T,Total,_Z,Not application,_T,Total,_T,Total,_T,Total,_Z,Not applicable,_Z,Not applicable,V,Current prices,2024,,6067.146,,,,,,P,Provisional value,,,,,0,Units,1,One
DATAFLOW,OECD.ELS.HD:DSD_SHA@DF_SHA(1.1),Health expenditure and financing,I,NZL,New Zealand,A,Annual,EXP_HEALTH,Expenditure,USD_PPP_PS,"US dollars per person, PPP converted",HF1,Government/compulsory schemes,_Z,Not application,_T,Total,_T,Total,_T,Total,_Z,Not applicable,_Z,Not applicable,Q,Constant prices,2025,,3779.477,,2020,,,,E,Estimated value,,,,,0,Units,1,One
DATAFLOW,OECD.ELS.HD:DSD_SHA@DF_SHA(1.1),Health expenditure and financing,I,NZL,New Zealand,A,Annual,EXP_HEALTH,Expenditure,USD_PPP_PS,"US dollars per person, PPP converted",_T,Total,_Z,Not application,_T,Total,_T,Total,_T,Total,_Z,Not applicable,_Z,Not applicable,V,Current prices,2025,,6057.334,,,,,,E,Estimated value,,,,,0,Units,1,One
DATAFLOW,OECD.ELS.HD:DSD_SHA@DF_SHA(1.1),Health expenditure and financing,I,NZL,New Zealand,A,Annual,EXP_HEALTH,Expenditure,USD_PPP_PS,"US dollars per person, PPP converted",HF1,Government/compulsory schemes,_Z,Not application,_T,Total,_T,Total,_T,Total,_Z,Not applicable,_Z,Not applicable,V,Current prices,2025,,4799.986,,,,,,E,Estimated value,,,,,0,Units,1,One
DATAFLOW,OECD.ELS.HD:DSD_SHA@DF_SHA(1.1),Health expenditure and financing,I,NZL,New Zealand,A,Annual,EXP_HEALTH,Expenditure,USD_PPP_PS,"US dollars per person, PPP converted",HF2HF3,Voluntary schemes/household out-of-pocket payments,_Z,Not application,_T,Total,_T,Total,_T,Total,_Z,Not applicable,_Z,Not applicable,V,Current prices,2025,,1257.348,,,,,,E,Estimated value,,,,,0,Units,1,One
DATAFLOW,OECD.ELS.HD:DSD_SHA@DF_SHA(1.1),Health expenditure and financing,I,NZL,New Zealand,A,Annual,EXP_HEALTH,Expenditure,PT_B1GQ,Percentage of GDP,HF1,Government/compulsory schemes,_Z,Not application,_T,Total,_T,Total,_T,Total,_Z,Not applicable,_Z,Not applicable,_Z,Not applicable,2025,,7.754,,,,,,E,Estimated value,,,,,0,Units,1,One
DATAFLOW,OECD.ELS.HD:DSD_SHA@DF_SHA(1.1),Health expenditure and financing,I,NZL,New Zealand,A,Annual,EXP_HEALTH,Expenditure,PT_B1GQ,Percentage of GDP,HF2HF3,Voluntary schemes/household out-of-pocket payments,_Z,Not application,_T,Total,_T,Total,_T,Total,_Z,Not applicable,_Z,Not applicable,_Z,Not applicable,2025,,2.031,,,,,,E,Estimated value,,,,,0,Units,1,One
DATAFLOW,OECD.ELS.HD:DSD_SHA@DF_SHA(1.1),Health expenditure and financing,I,NZL,New Zealand,A,Annual,EXP_HEALTH,Expenditure,PT_B1GQ,Percentage of GDP,_T,Total,_Z,Not application,_T,Total,_T,Total,_T,Total,_Z,Not applicable,_Z,Not applicable,_Z,Not applicable,2025,,9.786,,,,,,E,Estimated value,,,,,0,Units,1,One
DATAFLOW,OECD.ELS.HD:DSD_SHA@DF_SHA(1.1),Health expenditure and financing,I,NZL,New Zealand,A,Annual,EXP_HEALTH,Expenditure,USD_PPP_PS,"US dollars per person, PPP converted",HF2HF3,Voluntary schemes/household out-of-pocket payments,_Z,Not application,_T,Total,_T,Total,_T,Total,_Z,Not applicable,_Z,Not applicable,Q,Constant prices,2025,,990.027,,2020,,,,E,Estimated value,,,,,0,Units,1,One
DATAFLOW,OECD.ELS.HD:DSD_SHA@DF_SHA(1.1),Health expenditure and financing,I,NZL,New Zealand,A,Annual,EXP_HEALTH,Expenditure,USD_PPP_PS,"US dollars per person, PPP converted",_T,Total,_Z,Not application,_T,Total,_T,Total,_T,Total,_Z,Not applicable,_Z,Not applicable,Q,Constant prices,2025,,4769.505,,2020,,,,E,Estimated value,,,,,0,Units,1,One
DATAFLOW,OECD.ELS.HD:DSD_SHA@DF_SHA(1.1),Health expenditure and financing,I,CAN,Canada,A,Annual,EXP_HEALTH,Expenditure,USD_PPP_PS,"US dollars per person, PPP converted",HF2HF3,Voluntary schemes/household out-of-pocket payments,_Z,Not application,_T,Total,_T,Total,_T,Total,_Z,Not applicable,_Z,Not applicable,Q,Constant prices,2016,,1625.946,,2020,,,,,,,,,,0,Units,1,One
DATAFLOW,OECD.ELS.HD:DSD_SHA@DF_SHA(1.1),Health expenditure and financing,I,CAN,Canada,A,Annual,EXP_HEALTH,Expenditure,USD_PPP_PS,"US dollars per person, PPP converted",HF1,Government/compulsory schemes,_Z,Not application,_T,Total,_T,Total,_T,Total,_Z,Not applicable,_Z,Not applicable,Q,Constant prices,2016,,3753.778,,2020,,,,,,,,,,0,Units,1,One
DATAFLOW,OECD.ELS.HD:DSD_SHA@DF_SHA(1.1),Health expenditure and financing,I,CAN,Canada,A,Annual,EXP_HEALTH,Expenditure,USD_PPP_PS,"US dollars per person, PPP converted",_T,Total,_Z,Not application,_T,Total,_T,Total,_T,Total,_Z,Not applicable,_Z,Not applicable,Q,Constant prices,2016,,5379.723,,2020,,,,,,,,,,0,Units,1,One
DATAFLOW,OECD.ELS.HD:DSD_SHA@DF_SHA(1.1),Health expenditure and financing,I,CAN,Canada,A,Annual,EXP_HEALTH,Expenditure,USD_PPP_PS,"US dollars per person, PPP converted",_T,Total,_Z,Not application,_T,Total,_T,Total,_T,Total,_Z,Not applicable,_Z,Not applicable,Q,Constant prices,2015,,5250.074,,2020,,,,,,,,,,0,Units,1,One
DATAFLOW,OECD.ELS.HD:DSD_SHA@DF_SHA(1.1),Health expenditure and financing,I,CAN,Canada,A,Annual,EXP_HEALTH,Expenditure,USD_PPP_PS,"US dollars per person, PPP converted",HF1,Government/compulsory schemes,_Z,Not application,_T,Total,_T,Total,_T,Total,_Z,Not applicable,_Z,Not applicable,Q,Constant prices,2015,,3715.124,,2020,,,,,,,,,,0,Units,1,One
DATAFLOW,OECD.ELS.HD:DSD_SHA@DF_SHA(1.1),Health expenditure and financing,I,CAN,Canada,A,Annual,EXP_HEALTH,Expenditure,USD_PPP_PS,"US dollars per person, PPP converted",HF2HF3,Voluntary schemes/household out-of-pocket payments,_Z,Not application,_T,Total,_T,Total,_T,Total,_Z,Not applicable,_Z,Not applicable,Q,Constant prices,2015,,1534.95,,2020,,,,,,,,,,0,Units,1,One
DATAFLOW,OECD.ELS.HD:DSD_SHA@DF_SHA(1.1),Health expenditure and financing,I,NZL,New Zealand,A,Annual,EXP_HEALTH,Expenditure,USD_PPP_PS,"US dollars per person, PPP converted",HF1,Government/compulsory schemes,_Z,Not application,_T,Total,_T,Total,_T,Total,_Z,Not applicable,_Z,Not applicable,Q,Constant prices,2015,,3049.94,,2020,,,,,,,,,,0,Units,1,One
DATAFLOW,OECD.ELS.HD:DSD_SHA@DF_SHA(1.1),Health expenditure and financing,I,NZL,New Zealand,A,Annual,EXP_HEALTH,Expenditure,USD_PPP_PS,"US dollars per person, PPP converted",HF2HF3,Voluntary schemes/household out-of-pocket payments,_Z,Not application,_T,Total,_T,Total,_T,Total,_Z,Not applicable,_Z,Not applicable,Q,Constant prices,2015,,839.285,,2020,,,,,,,,,,0,Units,1,One
DATAFLOW,OECD.ELS.HD:DSD_SHA@DF_SHA(1.1),Health expenditure and financing,I,NZL,New Zealand,A,Annual,EXP_HEALTH,Expenditure,USD_PPP_PS,"US dollars per person, PPP converted",_T,Total,_Z,Not application,_T,Total,_T,Total,_T,Total,_Z,Not applicable,_Z,Not applicable,Q,Constant prices,2015,,3889.226,,2020,,,,,,,,,,0,Units,1,One
DATAFLOW,OECD.ELS.HD:DSD_SHA@DF_SHA(1.1),Health expenditure and financing,I,NZL,New Zealand,A,Annual,EXP_HEALTH,Expenditure,USD_PPP_PS,"US dollars per person, PPP converted",_T,Total,_Z,Not application,_T,Total,_T,Total,_T,Total,_Z,Not applicable,_Z,Not applicable,Q,Constant prices,2016,,3940.332,,2020,,,,,,,,,,0,Units,1,One
DATAFLOW,OECD.ELS.HD:DSD_SHA@DF_SHA(1.1),Health expenditure and financing,I,NZL,New Zealand,A,Annual,EXP_HEALTH,Expenditure,USD_PPP_PS,"US dollars per person, PPP converted",HF2HF3,Voluntary schemes/household out-of-pocket payments,_Z,Not application,_T,Total,_T,Total,_T,Total,_Z,Not applicable,_Z,Not applicable,Q,Constant prices,2016,,890.712,,2020,,,,,,,,,,0,Units,1,One
DATAFLOW,OECD.ELS.HD:DSD_SHA@DF_SHA(1.1),Health expenditure and financing,I,NZL,New Zealand,A,Annual,EXP_HEALTH,Expenditure,USD_PPP_PS,"US dollars per person, PPP converted",HF1,Government/compulsory schemes,_Z,Not application,_T,Total,_T,Total,_T,Total,_Z,Not applicable,_Z,Not applicable,Q,Constant prices,2016,,3049.62,,2020,,,,,,,,,,0,Units,1,One
DATAFLOW,OECD.ELS.HD:DSD_SHA@DF_SHA(1.1),Health expenditure and financing,I,NZL,New Zealand,A,Annual,EXP_HEALTH,Expenditure,USD_PPP_PS,"US dollars per person, PPP converted",HF1,Government/compulsory schemes,_Z,Not application,_T,Total,_T,Total,_T,Total,_Z,Not applicable,_Z,Not applicable,Q,Constant prices,2017,,3103.186,,2020,,,,,,,,,,0,Units,1,One
DATAFLOW,OECD.ELS.HD:DSD_SHA@DF_SHA(1.1),Health expenditure and financing,I,NZL,New Zealand,A,Annual,EXP_HEALTH,Expenditure,USD_PPP_PS,"US dollars per person, PPP converted",HF2HF3,Voluntary schemes/household out-of-pocket payments,_Z,Not application,_T,Total,_T,Total,_T,Total,_Z,Not applicable,_Z,Not applicable,Q,Constant prices,2017,,899.428,,2020,,,,,,,,,,0,Units,1,One
DATAFLOW,OECD.ELS.HD:DSD_SHA@DF_SHA(1.1),Health expenditure and financing,I,NZL,New Zealand,A,Annual,EXP_HEALTH,Expenditure,USD_PPP_PS,"US dollars per person, PPP converted",_T,Total,_Z,Not application,_T,Total,_T,Total,_T,Total,_Z,Not applicable,_Z,Not applicable,Q,Constant prices,2017,,4002.614,,2020,,,,,,,,,,0,Units,1,One
DATAFLOW,OECD.ELS.HD:DSD_SHA@DF_SHA(1.1),Health expenditure and financing,I,NZL,New Zealand,A,Annual,EXP_HEALTH,Expenditure,USD_PPP_PS,"US dollars per person, PPP converted",_T,Total,_Z,Not application,_T,Total,_T,Total,_T,Total,_Z,Not applicable,_Z,Not applicable,Q,Constant prices,2018,,4041.072,,2020,,,,,,,,,,0,Units,1,One
DATAFLOW,OECD.ELS.HD:DSD_SHA@DF_SHA(1.1),Health expenditure and financing,I,NZL,New Zealand,A,Annual,EXP_HEALTH,Expenditure,USD_PPP_PS,"US dollars per person, PPP converted",HF2HF3,Voluntary schemes/household out-of-pocket payments,_Z,Not application,_T,Total,_T,Total,_T,Total,_Z,Not applicable,_Z,Not applicable,Q,Constant prices,2018,,916.608,,2020,,,,,,,,,,0,Units,1,One
DATAFLOW,OECD.ELS.HD:DSD_SHA@DF_SHA(1.1),Health expenditure and financing,I,NZL,New Zealand,A,Annual,EXP_HEALTH,Expenditure,USD_PPP_PS,"US dollars per person, PPP converted",HF1,Government/compulsory schemes,_Z,Not application,_T,Total,_T,Total,_T,Total,_Z,Not applicable,_Z,Not applicable,Q,Constant prices,2018,,3124.464,,2020,,,,,,,,,,0,Units,1,One
DATAFLOW,OECD.ELS.HD:DSD_SHA@DF_SHA(1.1),Health expenditure and financing,I,NZL,New Zealand,A,Annual,EXP_HEALTH,Expenditure,USD_PPP_PS,"US dollars per person, PPP converted",HF1,Government/compulsory schemes,_Z,Not application,_T,Total,_T,Total,_T,Total,_Z,Not applicable,_Z,Not applicable,Q,Constant prices,2019,,3199.388,,2020,,,,,,,,,,0,Units,1,One
DATAFLOW,OECD.ELS.HD:DSD_SHA@DF_SHA(1.1),Health expenditure and financing,I,NZL,New Zealand,A,Annual,EXP_HEALTH,Expenditure,USD_PPP_PS,"US dollars per person, PPP converted",HF2HF3,Voluntary schemes/household out-of-pocket payments,_Z,Not application,_T,Total,_T,Total,_T,Total,_Z,Not applicable,_Z,Not applicable,Q,Constant prices,2019,,930.432,,2020,,,,,,,,,,0,Units,1,One
DATAFLOW,OECD.ELS.HD:DSD_SHA@DF_SHA(1.1),Health expenditure and financing,I,NZL,New Zealand,A,Annual,EXP_HEALTH,Expenditure,USD_PPP_PS,"US dollars per person, PPP converted",_T,Total,_Z,Not application,_T,Total,_T,Total,_T,Total,_Z,Not applicable,_Z,Not applicable,Q,Constant prices,2019,,4129.82,,2020,,,,,,,,,,0,Units,1,One
DATAFLOW,OECD.ELS.HD:DSD_SHA@DF_SHA(1.1),Health expenditure and financing,I,NZL,New Zealand,A,Annual,EXP_HEALTH,Expenditure,USD_PPP_PS,"US dollars per person, PPP converted",_T,Total,_Z,Not application,_T,Total,_T,Total,_T,Total,_Z,Not applicable,_Z,Not applicable,Q,Constant prices,2020,,4352.668,,2020,,,,,,,,,,0,Units,1,One
DATAFLOW,OECD.ELS.HD:DSD_SHA@DF_SHA(1.1),Health expenditure and financing,I,NZL,New Zealand,A,Annual,EXP_HEALTH,Expenditure,USD_PPP_PS,"US dollars per person, PPP converted",HF2HF3,Voluntary schemes/household out-of-pocket payments,_Z,Not application,_T,Total,_T,Total,_T,Total,_Z,Not applicable,_Z,Not applicable,Q,Constant prices,2020,,942.411,,2020,,,,,,,,,,0,Units,1,One
DATAFLOW,OECD.ELS.HD:DSD_SHA@DF_SHA(1.1),Health expenditure and financing,I,NZL,New Zealand,A,Annual,EXP_HEALTH,Expenditure,USD_PPP_PS,"US dollars per person, PPP converted",HF1,Government/compulsory schemes,_Z,Not application,_T,Total,_T,Total,_T,Total,_Z,Not applicable,_Z,Not applicable,Q,Constant prices,2020,,3410.257,,2020,,,,,,,,,,0,Units,1,One
DATAFLOW,OECD.ELS.HD:DSD_SHA@DF_SHA(1.1),Health expenditure and financing,I,NZL,New Zealand,A,Annual,EXP_HEALTH,Expenditure,USD_PPP_PS,"US dollars per person, PPP converted",HF1,Government/compulsory schemes,_Z,Not application,_T,Total,_T,Total,_T,Total,_Z,Not applicable,_Z,Not applicable,Q,Constant prices,2021,,3704.736,,2020,,,,,,,,,,0,Units,1,One
DATAFLOW,OECD.ELS.HD:DSD_SHA@DF_SHA(1.1),Health expenditure and financing,I,NZL,New Zealand,A,Annual,EXP_HEALTH,Expenditure,USD_PPP_PS,"US dollars per person, PPP converted",HF2HF3,Voluntary schemes/household out-of-pocket payments,_Z,Not application,_T,Total,_T,Total,_T,Total,_Z,Not applicable,_Z,Not applicable,Q,Constant prices,2021,,982.957,,2020,,,,,,,,,,0,Units,1,One
DATAFLOW,OECD.ELS.HD:DSD_SHA@DF_SHA(1.1),Health expenditure and financing,I,NZL,New Zealand,A,Annual,EXP_HEALTH,Expenditure,USD_PPP_PS,"US dollars per person, PPP converted",_T,Total,_Z,Not application,_T,Total,_T,Total,_T,Total,_Z,Not applicable,_Z,Not applicable,Q,Constant prices,2021,,4687.693,,2020,,,,,,,,,,0,Units,1,One
DATAFLOW,OECD.ELS.HD:DSD_SHA@DF_SHA(1.1),Health expenditure and financing,I,NZL,New Zealand,A,Annual,EXP_HEALTH,Expenditure,USD_PPP_PS,"US dollars per person, PPP converted",_T,Total,_Z,Not application,_T,Total,_T,Total,_T,Total,_Z,Not applicable,_Z,Not applicable,Q,Constant prices,2022,,5300.008,,2020,,,,,,,,,,0,Units,1,One
DATAFLOW,OECD.ELS.HD:DSD_SHA@DF_SHA(1.1),Health expenditure and financing,I,NZL,New Zealand,A,Annual,EXP_HEALTH,Expenditure,USD_PPP_PS,"US dollars per person, PPP converted",HF2HF3,Voluntary schemes/household out-of-pocket payments,_Z,Not application,_T,Total,_T,Total,_T,Total,_Z,Not applicable,_Z,Not applicable,Q,Constant prices,2022,,958.656,,2020,,,,,,,,,,0,Units,1,One
DATAFLOW,OECD.ELS.HD:DSD_SHA@DF_SHA(1.1),Health expenditure and financing,I,NZL,New Zealand,A,Annual,EXP_HEALTH,Expenditure,USD_PPP_PS,"US dollars per person, PPP converted",HF1,Government/compulsory schemes,_Z,Not application,_T,Total,_T,Total,_T,Total,_Z,Not applicable,_Z,Not applicable,Q,Constant prices,2022,,4341.352,,2020,,,,,,,,,,0,Units,1,One
DATAFLOW,OECD.ELS.HD:DSD_SHA@DF_SHA(1.1),Health expenditure and financing,I,NZL,New Zealand,A,Annual,EXP_HEALTH,Expenditure,USD_PPP_PS,"US dollars per person, PPP converted",HF1,Government/compulsory schemes,_Z,Not application,_T,Total,_T,Total,_T,Total,_Z,Not applicable,_Z,Not applicable,Q,Constant prices,2023,,4005.997,,2020,,,,,,,,,,0,Units,1,One
DATAFLOW,OECD.ELS.HD:DSD_SHA@DF_SHA(1.1),Health expenditure and financing,I,NZL,New Zealand,A,Annual,EXP_HEALTH,Expenditure,USD_PPP_PS,"US dollars per person, PPP converted",HF2HF3,Voluntary schemes/household out-of-pocket payments,_Z,Not application,_T,Total,_T,Total,_T,Total,_Z,Not applicable,_Z,Not applicable,Q,Constant prices,2023,,967.108,,2020,,,,,,,,,,0,Units,1,One
DATAFLOW,OECD.ELS.HD:DSD_SHA@DF_SHA(1.1),Health expenditure and financing,I,NZL,New Zealand,A,Annual,EXP_HEALTH,Expenditure,USD_PPP_PS,"US dollars per person, PPP converted",_T,Total,_Z,Not application,_T,Total,_T,Total,_T,Total,_Z,Not applicable,_Z,Not applicable,Q,Constant prices,2023,,4973.105,,2020,,,,,,,,,,0,Units,1,One
DATAFLOW,OECD.ELS.HD:DSD_SHA@DF_SHA(1.1),Health expenditure and financing,I,CAN,Canada,A,Annual,EXP_HEALTH,Expenditure,PT_B1GQ,Percentage of GDP,_T,Total,_Z,Not application,_T,Total,_T,Total,_T,Total,_Z,Not applicable,_Z,Not applicable,_Z,Not applicable,2015,,10.757,,,,,,,,,,,,0,Units,1,One
DATAFLOW,OECD.ELS.HD:DSD_SHA@DF_SHA(1.1),Health expenditure and financing,I,CAN,Canada,A,Annual,EXP_HEALTH,Expenditure,PT_B1GQ,Percentage of GDP,HF2HF3,Voluntary schemes/household out-of-pocket payments,_Z,Not application,_T,Total,_T,Total,_T,Total,_Z,Not applicable,_Z,Not applicable,_Z,Not applicable,2015,,3.145,,,,,,,,,,,,0,Units,1,One
DATAFLOW,OECD.ELS.HD:DSD_SHA@DF_SHA(1.1),Health expenditure and financing,I,CAN,Canada,A,Annual,EXP_HEALTH,Expenditure,PT_B1GQ,Percentage of GDP,HF1,Government/compulsory schemes,_Z,Not application,_T,Total,_T,Total,_T,Total,_Z,Not applicable,_Z,Not applicable,_Z,Not applicable,2015,,7.612,,,,,,,,,,,,0,Units,1,One
DATAFLOW,OECD.ELS.HD:DSD_SHA@DF_SHA(1.1),Health expenditure and financing,I,CAN,Canada,A,Annual,EXP_HEALTH,Expenditure,PT_B1GQ,Percentage of GDP,HF1,Government/compulsory schemes,_Z,Not application,_T,Total,_T,Total,_T,Total,_Z,Not applicable,_Z,Not applicable,_Z,Not applicable,2016,,7.707,,,,,,,,,,,,0,Units,1,One
DATAFLOW,OECD.ELS.HD:DSD_SHA@DF_SHA(1.1),Health expenditure and financing,I,NZL,New Zealand,A,Annual,EXP_HEALTH,Expenditure,PT_B1GQ,Percentage of GDP,HF1,Government/compulsory schemes,_Z,Not application,_T,Total,_T,Total,_T,Total,_Z,Not applicable,_Z,Not applicable,_Z,Not applicable,2015,,6.974,,,,,,,,,,,,0,Units,1,One
DATAFLOW,OECD.ELS.HD:DSD_SHA@DF_SHA(1.1),Health expenditure and financing,I,NZL,New Zealand,A,Annual,EXP_HEALTH,Expenditure,PT_B1GQ,Percentage of GDP,HF2HF3,Voluntary schemes/household out-of-pocket payments,_Z,Not application,_T,Total,_T,Total,_T,Total,_Z,Not applicable,_Z,Not applicable,_Z,Not applicable,2015,,1.919,,,,,,,,,,,,0,Units,1,One
DATAFLOW,OECD.ELS.HD:DSD_SHA@DF_SHA(1.1),Health expenditure and financing,I,NZL,New Zealand,A,Annual,EXP_HEALTH,Expenditure,PT_B1GQ,Percentage of GDP,_T,Total,_Z,Not application,_T,Total,_T,Total,_T,Total,_Z,Not applicable,_Z,Not applicable,_Z,Not applicable,2015,,8.893,,,,,,,,,,,,0,Units,1,One
DATAFLOW,OECD.ELS.HD:DSD_SHA@DF_SHA(1.1),Health expenditure and financing,I,NZL,New Zealand,A,Annual,EXP_HEALTH,Expenditure,PT_B1GQ,Percentage of GDP,_T,Total,_Z,Not application,_T,Total,_T,Total,_T,Total,_Z,Not applicable,_Z,Not applicable,_Z,Not applicable,2016,,8.774,,,,,,,,,,,,0,Units,1,One
DATAFLOW,OECD.ELS.HD:DSD_SHA@DF_SHA(1.1),Health expenditure and financing,I,NZL,New Zealand,A,Annual,EXP_HEALTH,Expenditure,PT_B1GQ,Percentage of GDP,HF2HF3,Voluntary schemes/household out-of-pocket payments,_Z,Not application,_T,Total,_T,Total,_T,Total,_Z,Not applicable,_Z,Not applicable,_Z,Not applicable,2016,,1.983,,,,,,,,,,,,0,Units,1,One
DATAFLOW,OECD.ELS.HD:DSD_SHA@DF_SHA(1.1),Health expenditure and financing,I,NZL,New Zealand,A,Annual,EXP_HEALTH,Expenditure,PT_B1GQ,Percentage of GDP,HF1,Government/compulsory schemes,_Z,Not application,_T,Total,_T,Total,_T,Total,_Z,Not applicable,_Z,Not applicable,_Z,Not applicable,2016,,6.791,,,,,,,,,,,,0,Units,1,One
DATAFLOW,OECD.ELS.HD:DSD_SHA@DF_SHA(1.1),Health expenditure and financing,I,NZL,New Zealand,A,Annual,EXP_HEALTH,Expenditure,PT_B1GQ,Percentage of GDP,HF1,Government/compulsory schemes,_Z,Not application,_T,Total,_T,Total,_T,Total,_Z,Not applicable,_Z,Not applicable,_Z,Not applicable,2017,,6.687,,,,,,,,,,,,0,Units,1,One
DATAFLOW,OECD.ELS.HD:DSD_SHA@DF_SHA(1.1),Health expenditure and financing,I,NZL,New Zealand,A,Annual,EXP_HEALTH,Expenditure,PT_B1GQ,Percentage of GDP,HF2HF3,Voluntary schemes/household out-of-pocket payments,_Z,Not application,_T,Total,_T,Total,_T,Total,_Z,Not applicable,_Z,Not applicable,_Z,Not applicable,2017,,1.938,,,,,,,,,,,,0,Units,1,One
DATAFLOW,OECD.ELS.HD:DSD_SHA@DF_SHA(1.1),Health expenditure and financing,I,NZL,New Zealand,A,Annual,EXP_HEALTH,Expenditure,PT_B1GQ,Percentage of GDP,_T,Total,_Z,Not application,_T,Total,_T,Total,_T,Total,_Z,Not applicable,_Z,Not applicable,_Z,Not applicable,2017,,8.626,,,,,,,,,,,,0,Units,1,One
DATAFLOW,OECD.ELS.HD:DSD_SHA@DF_SHA(1.1),Health expenditure and financing,I,NZL,New Zealand,A,Annual,EXP_HEALTH,Expenditure,PT_B1GQ,Percentage of GDP,_T,Total,_Z,Not application,_T,Total,_T,Total,_T,Total,_Z,Not applicable,_Z,Not applicable,_Z,Not applicable,2018,,8.58,,,,,,,,,,,,0,Units,1,One
DATAFLOW,OECD.ELS.HD:DSD_SHA@DF_SHA(1.1),Health expenditure and financing,I,NZL,New Zealand,A,Annual,EXP_HEALTH,Expenditure,PT_B1GQ,Percentage of GDP,HF2HF3,Voluntary schemes/household out-of-pocket payments,_Z,Not application,_T,Total,_T,Total,_T,Total,_Z,Not applicable,_Z,Not applicable,_Z,Not applicable,2018,,1.946,,,,,,,,,,,,0,Units,1,One
DATAFLOW,OECD.ELS.HD:DSD_SHA@DF_SHA(1.1),Health expenditure and financing,I,NZL,New Zealand,A,Annual,EXP_HEALTH,Expenditure,PT_B1GQ,Percentage of GDP,HF1,Government/compulsory schemes,_Z,Not application,_T,Total,_T,Total,_T,Total,_Z,Not applicable,_Z,Not applicable,_Z,Not applicable,2018,,6.634,,,,,,,,,,,,0,Units,1,One
DATAFLOW,OECD.ELS.HD:DSD_SHA@DF_SHA(1.1),Health expenditure and financing,I,NZL,New Zealand,A,Annual,EXP_HEALTH,Expenditure,PT_B1GQ,Percentage of GDP,HF1,Government/compulsory schemes,_Z,Not application,_T,Total,_T,Total,_T,Total,_Z,Not applicable,_Z,Not applicable,_Z,Not applicable,2019,,6.675,,,,,,,,,,,,0,Units,1,One
DATAFLOW,OECD.ELS.HD:DSD_SHA@DF_SHA(1.1),Health expenditure and financing,I,NZL,New Zealand,A,Annual,EXP_HEALTH,Expenditure,PT_B1GQ,Percentage of GDP,HF2HF3,Voluntary schemes/household out-of-pocket payments,_Z,Not application,_T,Total,_T,Total,_T,Total,_Z,Not applicable,_Z,Not applicable,_Z,Not applicable,2019,,1.941,,,,,,,,,,,,0,Units,1,One
DATAFLOW,OECD.ELS.HD:DSD_SHA@DF_SHA(1.1),Health expenditure and financing,I,NZL,New Zealand,A,Annual,EXP_HEALTH,Expenditure,PT_B1GQ,Percentage of GDP,_T,Total,_Z,Not application,_T,Total,_T,Total,_T,Total,_Z,Not applicable,_Z,Not applicable,_Z,Not applicable,2019,,8.616,,,,,,,,,,,,0,Units,1,One
DATAFLOW,OECD.ELS.HD:DSD_SHA@DF_SHA(1.1),Health expenditure and financing,I,NZL,New Zealand,A,Annual,EXP_HEALTH,Expenditure,PT_B1GQ,Percentage of GDP,_T,Total,_Z,Not application,_T,Total,_T,Total,_T,Total,_Z,Not applicable,_Z,Not applicable,_Z,Not applicable,2020,,9.24,,,,,,,,,,,,0,Units,1,One
DATAFLOW,OECD.ELS.HD:DSD_SHA@DF_SHA(1.1),Health expenditure and financing,I,NZL,New Zealand,A,Annual,EXP_HEALTH,Expenditure,PT_B1GQ,Percentage of GDP,HF2HF3,Voluntary schemes/household out-of-pocket payments,_Z,Not application,_T,Total,_T,Total,_T,Total,_Z,Not applicable,_Z,Not applicable,_Z,Not applicable,2020,,2.001,,,,,,,,,,,,0,Units,1,One
DATAFLOW,OECD.ELS.HD:DSD_SHA@DF_SHA(1.1),Health expenditure and financing,I,NZL,New Zealand,A,Annual,EXP_HEALTH,Expenditure,PT_B1GQ,Percentage of GDP,HF1,Government/compulsory schemes,_Z,Not application,_T,Total,_T,Total,_T,Total,_Z,Not applicable,_Z,Not applicable,_Z,Not applicable,2020,,7.239,,,,,,,,,,,,0,Units,1,One
DATAFLOW,OECD.ELS.HD:DSD_SHA@DF_SHA(1.1),Health expenditure and financing,I,NZL,New Zealand,A,Annual,EXP_HEALTH,Expenditure,PT_B1GQ,Percentage of GDP,HF1,Government/compulsory schemes,_Z,Not application,_T,Total,_T,Total,_T,Total,_Z,Not applicable,_Z,Not applicable,_Z,Not applicable,2021,,7.555,,,,,,,,,,,,0,Units,1,One
DATAFLOW,OECD.ELS.HD:DSD_SHA@DF_SHA(1.1),Health expenditure and financing,I,NZL,New Zealand,A,Annual,EXP_HEALTH,Expenditure,PT_B1GQ,Percentage of GDP,HF2HF3,Voluntary schemes/household out-of-pocket payments,_Z,Not application,_T,Total,_T,Total,_T,Total,_Z,Not applicable,_Z,Not applicable,_Z,Not applicable,2021,,2.005,,,,,,,,,,,,0,Units,1,One
DATAFLOW,OECD.ELS.HD:DSD_SHA@DF_SHA(1.1),Health expenditure and financing,I,NZL,New Zealand,A,Annual,EXP_HEALTH,Expenditure,PT_B1GQ,Percentage of GDP,_T,Total,_Z,Not application,_T,Total,_T,Total,_T,Total,_Z,Not applicable,_Z,Not applicable,_Z,Not applicable,2021,,9.56,,,,,,,,,,,,0,Units,1,One
DATAFLOW,OECD.ELS.HD:DSD_SHA@DF_SHA(1.1),Health expenditure and financing,I,NZL,New Zealand,A,Annual,EXP_HEALTH,Expenditure,PT_B1GQ,Percentage of GDP,_T,Total,_Z,Not application,_T,Total,_T,Total,_T,Total,_Z,Not applicable,_Z,Not applicable,_Z,Not applicable,2022,,10.559,,,,,,,,,,,,0,Units,1,One
DATAFLOW,OECD.ELS.HD:DSD_SHA@DF_SHA(1.1),Health expenditure and financing,I,NZL,New Zealand,A,Annual,EXP_HEALTH,Expenditure,PT_B1GQ,Percentage of GDP,HF2HF3,Voluntary schemes/household out-of-pocket payments,_Z,Not application,_T,Total,_T,Total,_T,Total,_Z,Not applicable,_Z,Not applicable,_Z,Not applicable,2022,,1.91,,,,,,,,,,,,0,Units,1,One
DATAFLOW,OECD.ELS.HD:DSD_SHA@DF_SHA(1.1),Health expenditure and financing,I,NZL,New Zealand,A,Annual,EXP_HEALTH,Expenditure,PT_B1GQ,Percentage of GDP,HF1,Government/compulsory schemes,_Z,Not application,_T,Total,_T,Total,_T,Total,_Z,Not applicable,_Z,Not applicable,_Z,Not applicable,2022,,8.649,,,,,,,,,,,,0,Units,1,One
DATAFLOW,OECD.ELS.HD:DSD_SHA@DF_SHA(1.1),Health expenditure and financing,I,NZL,New Zealand,A,Annual,EXP_HEALTH,Expenditure,PT_B1GQ,Percentage of GDP,HF1,Government/compulsory schemes,_Z,Not application,_T,Total,_T,Total,_T,Total,_Z,Not applicable,_Z,Not applicable,_Z,Not applicable,2023,,8.122,,,,,,,,,,,,0,Units,1,One
DATAFLOW,OECD.ELS.HD:DSD_SHA@DF_SHA(1.1),Health expenditure and financing,I,NZL,New Zealand,A,Annual,EXP_HEALTH,Expenditure,PT_B1GQ,Percentage of GDP,HF2HF3,Voluntary schemes/household out-of-pocket payments,_Z,Not application,_T,Total,_T,Total,_T,Total,_Z,Not applicable,_Z,Not applicable,_Z,Not applicable,2023,,1.961,,,,,,,,,,,,0,Units,1,One
DATAFLOW,OECD.ELS.HD:DSD_SHA@DF_SHA(1.1),Health expenditure and financing,I,NZL,New Zealand,A,Annual,EXP_HEALTH,Expenditure,PT_B1GQ,Percentage of GDP,_T,Total,_Z,Not application,_T,Total,_T,Total,_T,Total,_Z,Not applicable,_Z,Not applicable,_Z,Not applicable,2023,,10.083,,,,,,,,,,,,0,Units,1,One
DATAFLOW,OECD.ELS.HD:DSD_SHA@DF_SHA(1.1),Health expenditure and financing,I,NZL,New Zealand,A,Annual,EXP_HEALTH,Expenditure,USD_PPP_PS,"US dollars per person, PPP converted",_T,Total,_Z,Not application,_T,Total,_T,Total,_T,Total,_Z,Not applicable,_Z,Not applicable,V,Current prices,2015,,3355.062,,,,,,,,,,,,0,Units,1,One
DATAFLOW,OECD.ELS.HD:DSD_SHA@DF_SHA(1.1),Health expenditure and financing,I,NZL,New Zealand,A,Annual,EXP_HEALTH,Expenditure,USD_PPP_PS,"US dollars per person, PPP converted",HF1,Government/compulsory schemes,_Z,Not application,_T,Total,_T,Total,_T,Total,_Z,Not applicable,_Z,Not applicable,V,Current prices,2015,,2631.048,,,,,,,,,,,,0,Units,1,One
DATAFLOW,OECD.ELS.HD:DSD_SHA@DF_SHA(1.1),Health expenditure and financing,I,NZL,New Zealand,A,Annual,EXP_HEALTH,Expenditure,USD_PPP_PS,"US dollars per person, PPP converted",HF2HF3,Voluntary schemes/household out-of-pocket payments,_Z,Not application,_T,Total,_T,Total,_T,Total,_Z,Not applicable,_Z,Not applicable,V,Current prices,2015,,724.014,,,,,,,,,,,,0,Units,1,One
DATAFLOW,OECD.ELS.HD:DSD_SHA@DF_SHA(1.1),Health expenditure and financing,I,NZL,New Zealand,A,Annual,EXP_HEALTH,Expenditure,USD_PPP_PS,"US dollars per person, PPP converted",HF2HF3,Voluntary schemes/household out-of-pocket payments,_Z,Not application,_T,Total,_T,Total,_T,Total,_Z,Not applicable,_Z,Not applicable,V,Current prices,2016,,801.492,,,,,,,,,,,,0,Units,1,One
DATAFLOW,OECD.ELS.HD:DSD_SHA@DF_SHA(1.1),Health expenditure and financing,I,NZL,New Zealand,A,Annual,EXP_HEALTH,Expenditure,USD_PPP_PS,"US dollars per person, PPP converted",HF1,Government/compulsory schemes,_Z,Not application,_T,Total,_T,Total,_T,Total,_Z,Not applicable,_Z,Not applicable,V,Current prices,2016,,2744.147,,,,,,,,,,,,0,Units,1,One
DATAFLOW,OECD.ELS.HD:DSD_SHA@DF_SHA(1.1),Health expenditure and financing,I,NZL,New Zealand,A,Annual,EXP_HEALTH,Expenditure,USD_PPP_PS,"US dollars per person, PPP converted",_T,Total,_Z,Not application,_T,Total,_T,Total,_T,Total,_Z,Not applicable,_Z,Not applicable,V,Current prices,2016,,3545.639,,,,,,,,,,,,0,Units,1,One
DATAFLOW,OECD.ELS.HD:DSD_SHA@DF_SHA(1.1),Health expenditure and financing,I,NZL,New Zealand,A,Annual,EXP_HEALTH,Expenditure,USD_PPP_PS,"US dollars per person, PPP converted",_T,Total,_Z,Not application,_T,Total,_T,Total,_T,Total,_Z,Not applicable,_Z,Not applicable,V,Current prices,2017,,3694.968,,,,,,,,,,,,0,Units,1,One
DATAFLOW,OECD.ELS.HD:DSD_SHA@DF_SHA(1.1),Health expenditure and financing,I,NZL,New Zealand,A,Annual,EXP_HEALTH,Expenditure,USD_PPP_PS,"US dollars per person, PPP converted",HF1,Government/compulsory schemes,_Z,Not application,_T,Total,_T,Total,_T,Total,_Z,Not applicable,_Z,Not applicable,V,Current prices,2017,,2864.671,,,,,,,,,,,,0,Units,1,One
DATAFLOW,OECD.ELS.HD:DSD_SHA@DF_SHA(1.1),Health expenditure and financing,I,NZL,New Zealand,A,Annual,EXP_HEALTH,Expenditure,USD_PPP_PS,"US dollars per person, PPP converted",HF2HF3,Voluntary schemes/household out-of-pocket payments,_Z,Not application,_T,Total,_T,Total,_T,Total,_Z,Not applicable,_Z,Not applicable,V,Current prices,2017,,830.297,,,,,,,,,,,,0,Units,1,One
DATAFLOW,OECD.ELS.HD:DSD_SHA@DF_SHA(1.1),Health expenditure and financing,I,NZL,New Zealand,A,Annual,EXP_HEALTH,Expenditure,USD_PPP_PS,"US dollars per person, PPP converted",HF2HF3,Voluntary schemes/household out-of-pocket payments,_Z,Not application,_T,Total,_T,Total,_T,Total,_Z,Not applicable,_Z,Not applicable,V,Current prices,2018,,841.967,,,,,,,,,,,,0,Units,1,One
DATAFLOW,OECD.ELS.HD:DSD_SHA@DF_SHA(1.1),Health expenditure and financing,I,NZL,New Zealand,A,Annual,EXP_HEALTH,Expenditure,USD_PPP_PS,"US dollars per person, PPP converted",HF1,Government/compulsory schemes,_Z,Not application,_T,Total,_T,Total,_T,Total,_Z,Not applicable,_Z,Not applicable,V,Current prices,2018,,2870.033,,,,,,,,,,,,0,Units,1,One
DATAFLOW,OECD.ELS.HD:DSD_SHA@DF_SHA(1.1),Health expenditure and financing,I,NZL,New Zealand,A,Annual,EXP_HEALTH,Expenditure,USD_PPP_PS,"US dollars per person, PPP converted",_T,Total,_Z,Not application,_T,Total,_T,Total,_T,Total,_Z,Not applicable,_Z,Not applicable,V,Current prices,2018,,3712.001,,,,,,,,,,,,0,Units,1,One
DATAFLOW,OECD.ELS.HD:DSD_SHA@DF_SHA(1.1),Health expenditure and financing,I,NZL,New Zealand,A,Annual,EXP_HEALTH,Expenditure,USD_PPP_PS,"US dollars per person, PPP converted",_T,Total,_Z,Not application,_T,Total,_T,Total,_T,Total,_Z,Not applicable,_Z,Not applicable,V,Current prices,2019,,4003.766,,,,,,,,,,,,0,Units,1,One
DATAFLOW,OECD.ELS.HD:DSD_SHA@DF_SHA(1.1),Health expenditure and financing,I,NZL,New Zealand,A,Annual,EXP_HEALTH,Expenditure,USD_PPP_PS,"US dollars per person, PPP converted",HF1,Government/compulsory schemes,_Z,Not application,_T,Total,_T,Total,_T,Total,_Z,Not applicable,_Z,Not applicable,V,Current prices,2019,,3101.733,,,,,,,,,,,,0,Units,1,One
DATAFLOW,OECD.ELS.HD:DSD_SHA@DF_SHA(1.1),Health expenditure and financing,I,NZL,New Zealand,A,Annual,EXP_HEALTH,Expenditure,USD_PPP_PS,"US dollars per person, PPP converted",HF2HF3,Voluntary schemes/household out-of-pocket payments,_Z,Not application,_T,Total,_T,Total,_T,Total,_Z,Not applicable,_Z,Not applicable,V,Current prices,2019,,902.033,,,,,,,,,,,,0,Units,1,One
DATAFLOW,OECD.ELS.HD:DSD_SHA@DF_SHA(1.1),Health expenditure and financing,I,NZL,New Zealand,A,Annual,EXP_HEALTH,Expenditure,USD_PPP_PS,"US dollars per person, PPP converted",HF2HF3,Voluntary schemes/household out-of-pocket payments,_Z,Not application,_T,Total,_T,Total,_T,Total,_Z,Not applicable,_Z,Not applicable,V,Current prices,2020,,942.411,,,,,,,,,,,,0,Units,1,One
DATAFLOW,OECD.ELS.HD:DSD_SHA@DF_SHA(1.1),Health expenditure and financing,I,NZL,New Zealand,A,Annual,EXP_HEALTH,Expenditure,USD_PPP_PS,"US dollars per person, PPP converted",HF1,Government/compulsory schemes,_Z,Not application,_T,Total,_T,Total,_T,Total,_Z,Not applicable,_Z,Not applicable,V,Current prices,2020,,3410.257,,,,,,,,,,,,0,Units,1,One
DATAFLOW,OECD.ELS.HD:DSD_SHA@DF_SHA(1.1),Health expenditure and financing,I,NZL,New Zealand,A,Annual,EXP_HEALTH,Expenditure,USD_PPP_PS,"US dollars per person, PPP converted",_T,Total,_Z,Not application,_T,Total,_T,Total,_T,Total,_Z,Not applicable,_Z,Not applicable,V,Current prices,2020,,4352.668,,,,,,,,,,,,0,Units,1,One
DATAFLOW,OECD.ELS.HD:DSD_SHA@DF_SHA(1.1),Health expenditure and financing,I,NZL,New Zealand,A,Annual,EXP_HEALTH,Expenditure,USD_PPP_PS,"US dollars per person, PPP converted",_T,Total,_Z,Not application,_T,Total,_T,Total,_T,Total,_Z,Not applicable,_Z,Not applicable,V,Current prices,2021,,4869.351,,,,,,,,,,,,0,Units,1,One
DATAFLOW,OECD.ELS.HD:DSD_SHA@DF_SHA(1.1),Health expenditure and financing,I,NZL,New Zealand,A,Annual,EXP_HEALTH,Expenditure,USD_PPP_PS,"US dollars per person, PPP converted",HF1,Government/compulsory schemes,_Z,Not application,_T,Total,_T,Total,_T,Total,_Z,Not applicable,_Z,Not applicable,V,Current prices,2021,,3848.303,,,,,,,,,,,,0,Units,1,One
DATAFLOW,OECD.ELS.HD:DSD_SHA@DF_SHA(1.1),Health expenditure and financing,I,NZL,New Zealand,A,Annual,EXP_HEALTH,Expenditure,USD_PPP_PS,"US dollars per person, PPP converted",HF2HF3,Voluntary schemes/household out-of-pocket payments,_Z,Not application,_T,Total,_T,Total,_T,Total,_Z,Not applicable,_Z,Not applicable,V,Current prices,2021,,1021.049,,,,,,,,,,,,0,Units,1,One
DATAFLOW,OECD.ELS.HD:DSD_SHA@DF_SHA(1.1),Health expenditure and financing,I,NZL,New Zealand,A,Annual,EXP_HEALTH,Expenditure,USD_PPP_PS,"US dollars per person, PPP converted",HF2HF3,Voluntary schemes/household out-of-pocket payments,_Z,Not application,_T,Total,_T,Total,_T,Total,_Z,Not applicable,_Z,Not applicable,V,Current prices,2022,,1113.959,,,,,,,,,,,,0,Units,1,One
DATAFLOW,OECD.ELS.HD:DSD_SHA@DF_SHA(1.1),Health expenditure and financing,I,NZL,New Zealand,A,Annual,EXP_HEALTH,Expenditure,USD_PPP_PS,"US dollars per person, PPP converted",HF1,Government/compulsory schemes,_Z,Not application,_T,Total,_T,Total,_T,Total,_Z,Not applicable,_Z,Not applicable,V,Current prices,2022,,5044.655,,,,,,,,,,,,0,Units,1,One
DATAFLOW,OECD.ELS.HD:DSD_SHA@DF_SHA(1.1),Health expenditure and financing,I,NZL,New Zealand,A,Annual,EXP_HEALTH,Expenditure,USD_PPP_PS,"US dollars per person, PPP converted",_T,Total,_Z,Not application,_T,Total,_T,Total,_T,Total,_Z,Not applicable,_Z,Not applicable,V,Current prices,2022,,6158.614,,,,,,,,,,,,0,Units,1,One
DATAFLOW,OECD.ELS.HD:DSD_SHA@DF_SHA(1.1),Health expenditure and financing,I,NZL,New Zealand,A,Annual,EXP_HEALTH,Expenditure,USD_PPP_PS,"US dollars per person, PPP converted",_T,Total,_Z,Not application,_T,Total,_T,Total,_T,Total,_Z,Not applicable,_Z,Not applicable,V,Current prices,2023,,6059.011,,,,,,,,,,,,0,Units,1,One
DATAFLOW,OECD.ELS.HD:DSD_SHA@DF_SHA(1.1),Health expenditure and financing,I,NZL,New Zealand,A,Annual,EXP_HEALTH,Expenditure,USD_PPP_PS,"US dollars per person, PPP converted",HF1,Government/compulsory schemes,_Z,Not application,_T,Total,_T,Total,_T,Total,_Z,Not applicable,_Z,Not applicable,V,Current prices,2023,,4880.729,,,,,,,,,,,,0,Units,1,One
DATAFLOW,OECD.ELS.HD:DSD_SHA@DF_SHA(1.1),Health expenditure and financing,I,NZL,New Zealand,A,Annual,EXP_HEALTH,Expenditure,USD_PPP_PS,"US dollars per person, PPP converted",HF2HF3,Voluntary schemes/household out-of-pocket payments,_Z,Not application,_T,Total,_T,Total,_T,Total,_Z,Not applicable,_Z,Not applicable,V,Current prices,2023,,1178.282,,,,,,,,,,,,0,Units,1,One
DATAFLOW,OECD.ELS.HD:DSD_SHA@DF_SHA(1.1),Health expenditure and financing,I,CAN,Canada,A,Annual,EXP_HEALTH,Expenditure,USD_PPP_PS,"US dollars per person, PPP converted",HF1,Government/compulsory schemes,_Z,Not application,_T,Total,_T,Total,_T,Total,_Z,Not applicable,_Z,Not applicable,V,Current prices,2015,,3283.888,,,,,,,,,,,,0,Units,1,One
DATAFLOW,OECD.ELS.HD:DSD_SHA@DF_SHA(1.1),Health expenditure and financing,I,CAN,Canada,A,Annual,EXP_HEALTH,Expenditure,USD_PPP_PS,"US dollars per person, PPP converted",_T,Total,_Z,Not application,_T,Total,_T,Total,_T,Total,_Z,Not applicable,_Z,Not applicable,V,Current prices,2015,,4640.668,,,,,,,,,,,,0,Units,1,One
DATAFLOW,OECD.ELS.HD:DSD_SHA@DF_SHA(1.1),Health expenditure and financing,I,CAN,Canada,A,Annual,EXP_HEALTH,Expenditure,USD_PPP_PS,"US dollars per person, PPP converted",HF2HF3,Voluntary schemes/household out-of-pocket payments,_Z,Not application,_T,Total,_T,Total,_T,Total,_Z,Not applicable,_Z,Not applicable,V,Current prices,2015,,1356.78,,,,,,,,,,,,0,Units,1,One
DATAFLOW,OECD.ELS.HD:DSD_SHA@DF_SHA(1.1),Health expenditure and financing,I,CAN,Canada,A,Annual,EXP_HEALTH,Expenditure,USD_PPP_PS,"US dollars per person, PPP converted",HF2HF3,Voluntary schemes/household out-of-pocket payments,_Z,Not application,_T,Total,_T,Total,_T,Total,_Z,Not applicable,_Z,Not applicable,V,Current prices,2016,,1526.083,,,,,,,,,,,,0,Units,1,One
DATAFLOW,OECD.ELS.HD:DSD_SHA@DF_SHA(1.1),Health expenditure and financing,I,CAN,Canada,A,Annual,EXP_HEALTH,Expenditure,USD_PPP_PS,"US dollars per person, PPP converted",_T,Total,_Z,Not application,_T,Total,_T,Total,_T,Total,_Z,Not applicable,_Z,Not applicable,V,Current prices,2016,,5049.311,,,,,,,,,,,,0,Units,1,One
DATAFLOW,OECD.ELS.HD:DSD_SHA@DF_SHA(1.1),Health expenditure and financing,I,FRA,France,A,Annual,EXP_HEALTH,Expenditure,USD_PPP_PS,"US dollars per person, PPP converted",HF1,Government/compulsory schemes,_Z,Not application,_T,Total,_T,Total,_T,Total,_Z,Not applicable,_Z,Not applicable,Q,Constant prices,2018,,4638.547,,2020,,,,,,,,,,0,Units,1,One
DATAFLOW,OECD.ELS.HD:DSD_SHA@DF_SHA(1.1),Health expenditure and financing,I,FRA,France,A,Annual,EXP_HEALTH,Expenditure,USD_PPP_PS,"US dollars per person, PPP converted",_T,Total,_Z,Not application,_T,Total,_T,Total,_T,Total,_Z,Not applicable,_Z,Not applicable,Q,Constant prices,2018,,5703.986,,2020,,,,,,,,,,0,Units,1,One
DATAFLOW,OECD.ELS.HD:DSD_SHA@DF_SHA(1.1),Health expenditure and financing,I,FRA,France,A,Annual,EXP_HEALTH,Expenditure,USD_PPP_PS,"US dollars per person, PPP converted",HF2HF3,Voluntary schemes/household out-of-pocket payments,_Z,Not application,_T,Total,_T,Total,_T,Total,_Z,Not applicable,_Z,Not applicable,Q,Constant prices,2018,,1065.438,,2020,,,,,,,,,,0,Units,1,One
DATAFLOW,OECD.ELS.HD:DSD_SHA@DF_SHA(1.1),Health expenditure and financing,I,FRA,France,A,Annual,EXP_HEALTH,Expenditure,USD_PPP_PS,"US dollars per person, PPP converted",HF2HF3,Voluntary schemes/household out-of-pocket payments,_Z,Not application,_T,Total,_T,Total,_T,Total,_Z,Not applicable,_Z,Not applicable,Q,Constant prices,2019,,1068.006,,2020,,,,,,,,,,0,Units,1,One
DATAFLOW,OECD.ELS.HD:DSD_SHA@DF_SHA(1.1),Health expenditure and financing,I,FRA,France,A,Annual,EXP_HEALTH,Expenditure,USD_PPP_PS,"US dollars per person, PPP converted",_T,Total,_Z,Not application,_T,Total,_T,Total,_T,Total,_Z,Not applicable,_Z,Not applicable,Q,Constant prices,2019,,5755.07,,2020,,,,,,,,,,0,Units,1,One
DATAFLOW,OECD.ELS.HD:DSD_SHA@DF_SHA(1.1),Health expenditure and financing,I,FRA,France,A,Annual,EXP_HEALTH,Expenditure,USD_PPP_PS,"US dollars per person, PPP converted",HF1,Government/compulsory schemes,_Z,Not application,_T,Total,_T,Total,_T,Total,_Z,Not applicable,_Z,Not applicable,Q,Constant prices,2019,,4687.065,,2020,,,,,,,,,,0,Units,1,One
DATAFLOW,OECD.ELS.HD:DSD_SHA@DF_SHA(1.1),Health expenditure and financing,I,FRA,France,A,Annual,EXP_HEALTH,Expenditure,USD_PPP_PS,"US dollars per person, PPP converted",HF1,Government/compulsory schemes,_Z,Not application,_T,Total,_T,Total,_T,Total,_Z,Not applicable,_Z,Not applicable,Q,Constant prices,2020,,4784.047,,2020,,,,,,,,,,0,Units,1,One
DATAFLOW,OECD.ELS.HD:DSD_SHA@DF_SHA(1.1),Health expenditure and financing,I,FRA,France,A,Annual,EXP_HEALTH,Expenditure,USD_PPP_PS,"US dollars per person, PPP converted",_T,Total,_Z,Not application,_T,Total,_T,Total,_T,Total,_Z,Not applicable,_Z,Not applicable,Q,Constant prices,2020,,5770.47,,2020,,,,,,,,,,0,Units,1,One
DATAFLOW,OECD.ELS.HD:DSD_SHA@DF_SHA(1.1),Health expenditure and financing,I,FRA,France,A,Annual,EXP_HEALTH,Expenditure,USD_PPP_PS,"US dollars per person, PPP converted",HF2HF3,Voluntary schemes/household out-of-pocket payments,_Z,Not application,_T,Total,_T,Total,_T,Total,_Z,Not applicable,_Z,Not applicable,Q,Constant prices,2020,,986.423,,2020,,,,,,,,,,0,Units,1,One
DATAFLOW,OECD.ELS.HD:DSD_SHA@DF_SHA(1.1),Health expenditure and financing,I,FRA,France,A,Annual,EXP_HEALTH,Expenditure,USD_PPP_PS,"US dollars per person, PPP converted",HF2HF3,Voluntary schemes/household out-of-pocket payments,_Z,Not application,_T,Total,_T,Total,_T,Total,_Z,Not applicable,_Z,Not applicable,Q,Constant prices,2017,,1076.314,,2020,,,,,,,,,,0,Units,1,One
DATAFLOW,OECD.ELS.HD:DSD_SHA@DF_SHA(1.1),Health expenditure and financing,I,FRA,France,A,Annual,EXP_HEALTH,Expenditure,USD_PPP_PS,"US dollars per person, PPP converted",_T,Total,_Z,Not application,_T,Total,_T,Total,_T,Total,_Z,Not applicable,_Z,Not applicable,Q,Constant prices,2017,,5725.443,,2020,,,,,,,,,,0,Units,1,One
DATAFLOW,OECD.ELS.HD:DSD_SHA@DF_SHA(1.1),Health expenditure and financing,I,FRA,France,A,Annual,EXP_HEALTH,Expenditure,USD_PPP_PS,"US dollars per person, PPP converted",HF1,Government/compulsory schemes,_Z,Not application,_T,Total,_T,Total,_T,Total,_Z,Not applicable,_Z,Not applicable,Q,Constant prices,2017,,4649.128,,2020,,,,,,,,,,0,Units,1,One
DATAFLOW,OECD.ELS.HD:DSD_SHA@DF_SHA(1.1),Health expenditure and financing,I,FRA,France,A,Annual,EXP_HEALTH,Expenditure,PT_B1GQ,Percentage of GDP,HF2HF3,Voluntary schemes/household out-of-pocket payments,_Z,Not application,_T,Total,_T,Total,_T,Total,_Z,Not applicable,_Z,Not applicable,_Z,Not applicable,2020,,2.037,,,,,,,,,,,,0,Units,1,One
DATAFLOW,OECD.ELS.HD:DSD_SHA@DF_SHA(1.1),Health expenditure and financing,I,FRA,France,A,Annual,EXP_HEALTH,Expenditure,PT_B1GQ,Percentage of GDP,_T,Total,_Z,Not application,_T,Total,_T,Total,_T,Total,_Z,Not applicable,_Z,Not applicable,_Z,Not applicable,2020,,11.916,,,,,,,,,,,,0,Units,1,One
DATAFLOW,OECD.ELS.HD:DSD_SHA@DF_SHA(1.1),Health expenditure and financing,I,FRA,France,A,Annual,EXP_HEALTH,Expenditure,PT_B1GQ,Percentage of GDP,HF1,Government/compulsory schemes,_Z,Not application,_T,Total,_T,Total,_T,Total,_Z,Not applicable,_Z,Not applicable,_Z,Not applicable,2020,,9.879,,,,,,,,,,,,0,Units,1,One
DATAFLOW,OECD.ELS.HD:DSD_SHA@DF_SHA(1.1),Health expenditure and financing,I,FRA,France,A,Annual,EXP_HEALTH,Expenditure,PT_B1GQ,Percentage of GDP,HF1,Government/compulsory schemes,_Z,Not application,_T,Total,_T,Total,_T,Total,_Z,Not applicable,_Z,Not applicable,_Z,Not applicable,2019,,8.946,,,,,,,,,,,,0,Units,1,One
DATAFLOW,OECD.ELS.HD:DSD_SHA@DF_SHA(1.1),Health expenditure and financing,I,FRA,France,A,Annual,EXP_HEALTH,Expenditure,PT_B1GQ,Percentage of GDP,_T,Total,_Z,Not application,_T,Total,_T,Total,_T,Total,_Z,Not applicable,_Z,Not applicable,_Z,Not applicable,2019,,10.984,,,,,,,,,,,,0,Units,1,One
DATAFLOW,OECD.ELS.HD:DSD_SHA@DF_SHA(1.1),Health expenditure and financing,I,FRA,France,A,Annual,EXP_HEALTH,Expenditure,PT_B1GQ,Percentage of GDP,HF2HF3,Voluntary schemes/household out-of-pocket payments,_Z,Not application,_T,Total,_T,Total,_T,Total,_Z,Not applicable,_Z,Not applicable,_Z,Not applicable,2019,,2.038,,,,,,,,,,,,0,Units,1,One
DATAFLOW,OECD.ELS.HD:DSD_SHA@DF_SHA(1.1),Health expenditure and financing,I,FRA,France,A,Annual,EXP_HEALTH,Expenditure,PT_B1GQ,Percentage of GDP,HF1,Government/compulsory schemes,_Z,Not application,_T,Total,_T,Total,_T,Total,_Z,Not applicable,_Z,Not applicable,_Z,Not applicable,2017,,9.131,,,,,,,,,,,,0,Units,1,One
DATAFLOW,OECD.ELS.HD:DSD_SHA@DF_SHA(1.1),Health expenditure and financing,I,FRA,France,A,Annual,EXP_HEALTH,Expenditure,PT_B1GQ,Percentage of GDP,_T,Total,_Z,Not application,_T,Total,_T,Total,_T,Total,_Z,Not applicable,_Z,Not applicable,_Z,Not applicable,2017,,11.245,,,,,,,,,,,,0,Units,1,One
DATAFLOW,OECD.ELS.HD:DSD_SHA@DF_SHA(1.1),Health expenditure and financing,I,FRA,France,A,Annual,EXP_HEALTH,Expenditure,PT_B1GQ,Percentage of GDP,HF2HF3,Voluntary schemes/household out-of-pocket payments,_Z,Not application,_T,Total,_T,Total,_T,Total,_Z,Not applicable,_Z,Not applicable,_Z,Not applicable,2017,,2.114,,,,,,,,,,,,0,Units,1,One
DATAFLOW,OECD.ELS.HD:DSD_SHA@DF_SHA(1.1),Health expenditure and financing,I,FRA,France,A,Annual,EXP_HEALTH,Expenditure,PT_B1GQ,Percentage of GDP,HF2HF3,Voluntary schemes/household out-of-pocket payments,_Z,Not application,_T,Total,_T,Total,_T,Total,_Z,Not applicable,_Z,Not applicable,_Z,Not applicable,2018,,2.075,,,,,,,,,,,,0,Units,1,One
DATAFLOW,OECD.ELS.HD:DSD_SHA@DF_SHA(1.1),Health expenditure and financing,I,FRA,France,A,Annual,EXP_HEALTH,Expenditure,PT_B1GQ,Percentage of GDP,_T,Total,_Z,Not application,_T,Total,_T,Total,_T,Total,_Z,Not applicable,_Z,Not applicable,_Z,Not applicable,2018,,11.11,,,,,,,,,,,,0,Units,1,One
DATAFLOW,OECD.ELS.HD:DSD_SHA@DF_SHA(1.1),Health expenditure and financing,I,FRA,France,A,Annual,EXP_HEALTH,Expenditure,PT_B1GQ,Percentage of GDP,HF1,Government/compulsory schemes,_Z,Not application,_T,Total,_T,Total,_T,Total,_Z,Not applicable,_Z,Not applicable,_Z,Not applicable,2018,,9.035,,,,,,,,,,,,0,Units,1,One
DATAFLOW,OECD.ELS.HD:DSD_SHA@DF_SHA(1.1),Health expenditure and financing,I,FRA,France,A,Annual,EXP_HEALTH,Expenditure,PT_B1GQ,Percentage of GDP,HF1,Government/compulsory schemes,_Z,Not application,_T,Total,_T,Total,_T,Total,_Z,Not applicable,_Z,Not applicable,_Z,Not applicable,2021,,10.048,,,,,,,,,,,,0,Units,1,One
DATAFLOW,OECD.ELS.HD:DSD_SHA@DF_SHA(1.1),Health expenditure and financing,I,FRA,France,A,Annual,EXP_HEALTH,Expenditure,PT_B1GQ,Percentage of GDP,_T,Total,_Z,Not application,_T,Total,_T,Total,_T,Total,_Z,Not applicable,_Z,Not applicable,_Z,Not applicable,2021,,12.08,,,,,,,,,,,,0,Units,1,One
DATAFLOW,OECD.ELS.HD:DSD_SHA@DF_SHA(1.1),Health expenditure and financing,I,FRA,France,A,Annual,EXP_HEALTH,Expenditure,PT_B1GQ,Percentage of GDP,_T,Total,_Z,Not application,_T,Total,_T,Total,_T,Total,_Z,Not applicable,_Z,Not applicable,_Z,Not applicable,2016,,11.346,,,,,,,,,,,,0,Units,1,One
DATAFLOW,OECD.ELS.HD:DSD_SHA@DF_SHA(1.1),Health expenditure and financing,I,FRA,France,A,Annual,EXP_HEALTH,Expenditure,PT_B1GQ,Percentage of GDP,HF1,Government/compulsory schemes,_Z,Not application,_T,Total,_T,Total,_T,Total,_Z,Not applicable,_Z,Not applicable,_Z,Not applicable,2016,,9.196,,,,,,,,,,,,0,Units,1,One
DATAFLOW,OECD.ELS.HD:DSD_SHA@DF_SHA(1.1),Health expenditure and financing,I,FRA,France,A,Annual,EXP_HEALTH,Expenditure,USD_PPP_PS,"US dollars per person, PPP converted",HF2HF3,Voluntary schemes/household out-of-pocket payments,_Z,Not application,_T,Total,_T,Total,_T,Total,_Z,Not applicable,_Z,Not applicable,V,Current prices,2018,,940.601,,,,,,,,,,,,0,Units,1,One
DATAFLOW,OECD.ELS.HD:DSD_SHA@DF_SHA(1.1),Health expenditure and financing,I,FRA,France,A,Annual,EXP_HEALTH,Expenditure,USD_PPP_PS,"US dollars per person, PPP converted",HF1,Government/compulsory schemes,_Z,Not application,_T,Total,_T,Total,_T,Total,_Z,Not applicable,_Z,Not applicable,V,Current prices,2018,,4095.047,,,,,,,,,,,,0,Units,1,One
DATAFLOW,OECD.ELS.HD:DSD_SHA@DF_SHA(1.1),Health expenditure and financing,I,FRA,France,A,Annual,EXP_HEALTH,Expenditure,USD_PPP_PS,"US dollars per person, PPP converted",_T,Total,_Z,Not application,_T,Total,_T,Total,_T,Total,_Z,Not applicable,_Z,Not applicable,V,Current prices,2018,,5035.647,,,,,,,,,,,,0,Units,1,One
DATAFLOW,OECD.ELS.HD:DSD_SHA@DF_SHA(1.1),Health expenditure and financing,I,FRA,France,A,Annual,EXP_HEALTH,Expenditure,USD_PPP_PS,"US dollars per person, PPP converted",_T,Total,_Z,Not application,_T,Total,_T,Total,_T,Total,_Z,Not applicable,_Z,Not applicable,V,Current prices,2019,,5433.728,,,,,,,,,,,,0,Units,1,One
DATAFLOW,OECD.ELS.HD:DSD_SHA@DF_SHA(1.1),Health expenditure and financing,I,FRA,France,A,Annual,EXP_HEALTH,Expenditure,USD_PPP_PS,"US dollars per person, PPP converted",HF1,Government/compulsory schemes,_Z,Not application,_T,Total,_T,Total,_T,Total,_Z,Not applicable,_Z,Not applicable,V,Current prices,2019,,4425.356,,,,,,,,,,,,0,Units,1,One
DATAFLOW,OECD.ELS.HD:DSD_SHA@DF_SHA(1.1),Health expenditure and financing,I,FRA,France,A,Annual,EXP_HEALTH,Expenditure,USD_PPP_PS,"US dollars per person, PPP converted",HF2HF3,Voluntary schemes/household out-of-pocket payments,_Z,Not application,_T,Total,_T,Total,_T,Total,_Z,Not applicable,_Z,Not applicable,V,Current prices,2019,,1008.372,,,,,,,,,,,,0,Units,1,One
DATAFLOW,OECD.ELS.HD:DSD_SHA@DF_SHA(1.1),Health expenditure and financing,I,FRA,France,A,Annual,EXP_HEALTH,Expenditure,USD_PPP_PS,"US dollars per person, PPP converted",HF2HF3,Voluntary schemes/household out-of-pocket payments,_Z,Not application,_T,Total,_T,Total,_T,Total,_Z,Not applicable,_Z,Not applicable,V,Current prices,2020,,986.423,,,,,,,,,,,,0,Units,1,One
DATAFLOW,OECD.ELS.HD:DSD_SHA@DF_SHA(1.1),Health expenditure and financing,I,FRA,France,A,Annual,EXP_HEALTH,Expenditure,USD_PPP_PS,"US dollars per person, PPP converted",HF1,Government/compulsory schemes,_Z,Not application,_T,Total,_T,Total,_T,Total,_Z,Not applicable,_Z,Not applicable,V,Current prices,2020,,4784.047,,,,,,,,,,,,0,Units,1,One
DATAFLOW,OECD.ELS.HD:DSD_SHA@DF_SHA(1.1),Health expenditure and financing,I,FRA,France,A,Annual,EXP_HEALTH,Expenditure,USD_PPP_PS,"US dollars per person, PPP converted",_T,Total,_Z,Not application,_T,Total,_T,Total,_T,Total,_Z,Not applicable,_Z,Not applicable,V,Current prices,2020,,5770.47,,,,,,,,,,,,0,Units,1,One
DATAFLOW,OECD.ELS.HD:DSD_SHA@DF_SHA(1.1),Health expenditure and financing,I,FRA,France,A,Annual,EXP_HEALTH,Expenditure,USD_PPP_PS,"US dollars per person, PPP converted",_T,Total,_Z,Not application,_T,Total,_T,Total,_T,Total,_Z,Not applicable,_Z,Not applicable,V,Current prices,2021,,6300.431,,,,,,,,,,,,0,Units,1,One
DATAFLOW,OECD.ELS.HD:DSD_SHA@DF_SHA(1.1),Health expenditure and financing,I,FRA,France,A,Annual,EXP_HEALTH,Expenditure,USD_PPP_PS,"US dollars per person, PPP converted",HF1,Government/compulsory schemes,_Z,Not application,_T,Total,_T,Total,_T,Total,_Z,Not applicable,_Z,Not applicable,V,Current prices,2021,,5240.917,,,,,,,,,,,,0,Units,1,One
DATAFLOW,OECD.ELS.HD:DSD_SHA@DF_SHA(1.1),Health expenditure and financing,I,FRA,France,A,Annual,EXP_HEALTH,Expenditure,USD_PPP_PS,"US dollars per person, PPP converted",_T,Total,_Z,Not application,_T,Total,_T,Total,_T,Total,_Z,Not applicable,_Z,Not applicable,V,Current prices,2016,,4863.273,,,,,,,,,,,,0,Units,1,One
DATAFLOW,OECD.ELS.HD:DSD_SHA@DF_SHA(1.1),Health expenditure and financing,I,FRA,France,A,Annual,EXP_HEALTH,Expenditure,USD_PPP_PS,"US dollars per person, PPP converted",_T,Total,_Z,Not application,_T,Total,_T,Total,_T,Total,_Z,Not applicable,_Z,Not applicable,V,Current prices,2017,,4944.338,,,,,,,,,,,,0,Units,1,One
DATAFLOW,OECD.ELS.HD:DSD_SHA@DF_SHA(1.1),Health expenditure and financing,I,FRA,France,A,Annual,EXP_HEALTH,Expenditure,USD_PPP_PS,"US dollars per person, PPP converted",HF1,Government/compulsory schemes,_Z,Not application,_T,Total,_T,Total,_T,Total,_Z,Not applicable,_Z,Not applicable,V,Current prices,2017,,4014.862,,,,,,,,,,,,0,Units,1,One
DATAFLOW,OECD.ELS.HD:DSD_SHA@DF_SHA(1.1),Health expenditure and financing,I,FRA,France,A,Annual,EXP_HEALTH,Expenditure,USD_PPP_PS,"US dollars per person, PPP converted",HF2HF3,Voluntary schemes/household out-of-pocket payments,_Z,Not application,_T,Total,_T,Total,_T,Total,_Z,Not applicable,_Z,Not applicable,V,Current prices,2017,,929.476,,,,,,,,,,,,0,Units,1,One
DATAFLOW,OECD.ELS.HD:DSD_SHA@DF_SHA(1.1),Health expenditure and financing,I,CAN,Canada,A,Annual,EXP_HEALTH,Expenditure,USD_PPP_PS,"US dollars per person, PPP converted",_T,Total,_Z,Not application,_T,Total,_T,Total,_T,Total,_Z,Not applicable,_Z,Not applicable,Q,Constant prices,2022,,6119.237,,2020,,,,D,Definition differs,,,,,0,Units,1,One
DATAFLOW,OECD.ELS.HD:DSD_SHA@DF_SHA(1.1),Health expenditure and financing,I,CAN,Canada,A,Annual,EXP_HEALTH,Expenditure,PT_B1GQ,Percentage of GDP,_T,Total,_Z,Not application,_T,Total,_T,Total,_T,Total,_Z,Not applicable,_Z,Not applicable,_Z,Not applicable,2022,,11.02,,,,,,D,Definition differs,,,,,0,Units,1,One
DATAFLOW,OECD.ELS.HD:DSD_SHA@DF_SHA(1.1),Health expenditure and financing,I,CAN,Canada,A,Annual,EXP_HEALTH,Expenditure,USD_PPP_PS,"US dollars per person, PPP converted",_T,Total,_Z,Not application,_T,Total,_T,Total,_T,Total,_Z,Not applicable,_Z,Not applicable,V,Current prices,2022,,6910.418,,,,,,D,Definition differs,,,,,0,Units,1,One
DATAFLOW,OECD.ELS.HD:DSD_SHA@DF_SHA(1.1),Health expenditure and financing,I,CAN,Canada,A,Annual,EXP_HEALTH,Expenditure,PT_B1GQ,Percentage of GDP,_T,Total,_Z,Not application,_T,Total,_T,Total,_T,Total,_Z,Not applicable,_Z,Not applicable,_Z,Not applicable,2025,,11.484,,,,,,P,Provisional value,,,,,0,Units,1,One
DATAFLOW,OECD.ELS.HD:DSD_SHA@DF_SHA(1.1),Health expenditure and financing,I,CAN,Canada,A,Annual,EXP_HEALTH,Expenditure,USD_PPP_PS,"US dollars per person, PPP converted",HF1,Government/compulsory schemes,_Z,Not application,_T,Total,_T,Total,_T,Total,_Z,Not applicable,_Z,Not applicable,V,Current prices,2025,,5282.349,,,,,,P,Provisional value,,,,,0,Units,1,One
DATAFLOW,OECD.ELS.HD:DSD_SHA@DF_SHA(1.1),Health expenditure and financing,I,KOR,Korea,A,Annual,EXP_HEALTH,Expenditure,USD_PPP_PS,"US dollars per person, PPP converted",_T,Total,_Z,Not application,_T,Total,_T,Total,_T,Total,_Z,Not applicable,_Z,Not applicable,Q,Constant prices,2025,,4253.292,,2020,,,,P,Provisional value,,,,,0,Units,1,One
DATAFLOW,OECD.ELS.HD:DSD_SHA@DF_SHA(1.1),Health expenditure and financing,I,KOR,Korea,A,Annual,EXP_HEALTH,Expenditure,USD_PPP_PS,"US dollars per person, PPP converted",HF1,Government/compulsory schemes,_Z,Not application,_T,Total,_T,Total,_T,Total,_Z,Not applicable,_Z,Not applicable,Q,Constant prices,2025,,2493.499,,2020,,,,P,Provisional value,,,,,0,Units,1,One
DATAFLOW,OECD.ELS.HD:DSD_SHA@DF_SHA(1.1),Health expenditure and financing,I,KOR,Korea,A,Annual,EXP_HEALTH,Expenditure,USD_PPP_PS,"US dollars per person, PPP converted",HF2HF3,Voluntary schemes/household out-of-pocket payments,_Z,Not application,_T,Total,_T,Total,_T,Total,_Z,Not applicable,_Z,Not applicable,Q,Constant prices,2025,,1759.793,,2020,,,,P,Provisional value,,,,,0,Units,1,One
DATAFLOW,OECD.ELS.HD:DSD_SHA@DF_SHA(1.1),Health expenditure and financing,I,KOR,Korea,A,Annual,EXP_HEALTH,Expenditure,PT_B1GQ,Percentage of GDP,_T,Total,_Z,Not application,_T,Total,_T,Total,_T,Total,_Z,Not applicable,_Z,Not applicable,_Z,Not applicable,2025,,8.448,,,,,,P,Provisional value,,,,,0,Units,1,One
DATAFLOW,OECD.ELS.HD:DSD_SHA@DF_SHA(1.1),Health expenditure and financing,I,KOR,Korea,A,Annual,EXP_HEALTH,Expenditure,PT_B1GQ,Percentage of GDP,HF2HF3,Voluntary schemes/household out-of-pocket payments,_Z,Not application,_T,Total,_T,Total,_T,Total,_Z,Not applicable,_Z,Not applicable,_Z,Not applicable,2025,,3.495,,,,,,P,Provisional value,,,,,0,Units,1,One
DATAFLOW,OECD.ELS.HD:DSD_SHA@DF_SHA(1.1),Health expenditure and financing,I,KOR,Korea,A,Annual,EXP_HEALTH,Expenditure,PT_B1GQ,Percentage of GDP,HF1,Government/compulsory schemes,_Z,Not application,_T,Total,_T,Total,_T,Total,_Z,Not applicable,_Z,Not applicable,_Z,Not applicable,2025,,4.953,,,,,,P,Provisional value,,,,,0,Units,1,One
DATAFLOW,OECD.ELS.HD:DSD_SHA@DF_SHA(1.1),Health expenditure and financing,I,KOR,Korea,A,Annual,EXP_HEALTH,Expenditure,USD_PPP_PS,"US dollars per person, PPP converted",HF1,Government/compulsory schemes,_Z,Not application,_T,Total,_T,Total,_T,Total,_Z,Not applicable,_Z,Not applicable,V,Current prices,2025,,3096.39,,,,,,P,Provisional value,,,,,0,Units,1,One
DATAFLOW,OECD.ELS.HD:DSD_SHA@DF_SHA(1.1),Health expenditure and financing,I,KOR,Korea,A,Annual,EXP_HEALTH,Expenditure,USD_PPP_PS,"US dollars per person, PPP converted",_T,Total,_Z,Not application,_T,Total,_T,Total,_T,Total,_Z,Not applicable,_Z,Not applicable,V,Current prices,2025,,5281.676,,,,,,P,Provisional value,,,,,0,Units,1,One
DATAFLOW,OECD.ELS.HD:DSD_SHA@DF_SHA(1.1),Health expenditure and financing,I,KOR,Korea,A,Annual,EXP_HEALTH,Expenditure,USD_PPP_PS,"US dollars per person, PPP converted",HF2HF3,Voluntary schemes/household out-of-pocket payments,_Z,Not application,_T,Total,_T,Total,_T,Total,_Z,Not applicable,_Z,Not applicable,V,Current prices,2025,,2185.285,,,,,,P,Provisional value,,,,,0,Units,1,One
DATAFLOW,OECD.ELS.HD:DSD_SHA@DF_SHA(1.1),Health expenditure and financing,I,DEU,Germany,A,Annual,EXP_HEALTH,Expenditure,USD_PPP_PS,"US dollars per person, PPP converted",HF2HF3,Voluntary schemes/household out-of-pocket payments,_Z,Not application,_T,Total,_T,Total,_T,Total,_Z,Not applicable,_Z,Not applicable,Q,Constant prices,2021,,1098.357,,2020,,,,,,,,,,0,Units,1,One
DATAFLOW,OECD.ELS.HD:DSD_SHA@DF_SHA(1.1),Health expenditure and financing,I,DEU,Germany,A,Annual,EXP_HEALTH,Expenditure,USD_PPP_PS,"US dollars per person, PPP converted",_T,Total,_Z,Not application,_T,Total,_T,Total,_T,Total,_Z,Not applicable,_Z,Not applicable,Q,Constant prices,2021,,7761.694,,2020,,,,,,,,,,0,Units,1,One
DATAFLOW,OECD.ELS.HD:DSD_SHA@DF_SHA(1.1),Health expenditure and financing,I,DEU,Germany,A,Annual,EXP_HEALTH,Expenditure,USD_PPP_PS,"US dollars per person, PPP converted",HF1,Government/compulsory schemes,_Z,Not application,_T,Total,_T,Total,_T,Total,_Z,Not applicable,_Z,Not applicable,Q,Constant prices,2021,,6663.338,,2020,,,,,,,,,,0,Units,1,One
DATAFLOW,OECD.ELS.HD:DSD_SHA@DF_SHA(1.1),Health expenditure and financing,I,DEU,Germany,A,Annual,EXP_HEALTH,Expenditure,USD_PPP_PS,"US dollars per person, PPP converted",HF1,Government/compulsory schemes,_Z,Not application,_T,Total,_T,Total,_T,Total,_Z,Not applicable,_Z,Not applicable,Q,Constant prices,2022,,6654.814,,2020,,,,,,,,,,0,Units,1,One
DATAFLOW,OECD.ELS.HD:DSD_SHA@DF_SHA(1.1),Health expenditure and financing,I,DEU,Germany,A,Annual,EXP_HEALTH,Expenditure,USD_PPP_PS,"US dollars per person, PPP converted",_T,Total,_Z,Not application,_T,Total,_T,Total,_T,Total,_Z,Not applicable,_Z,Not applicable,Q,Constant prices,2022,,7675.075,,2020,,,,,,,,,,0,Units,1,One
DATAFLOW,OECD.ELS.HD:DSD_SHA@DF_SHA(1.1),Health expenditure and financing,I,DEU,Germany,A,Annual,EXP_HEALTH,Expenditure,USD_PPP_PS,"US dollars per person, PPP converted",HF2HF3,Voluntary schemes/household out-of-pocket payments,_Z,Not application,_T,Total,_T,Total,_T,Total,_Z,Not applicable,_Z,Not applicable,Q,Constant prices,2022,,1020.261,,2020,,,,,,,,,,0,Units,1,One
DATAFLOW,OECD.ELS.HD:DSD_SHA@DF_SHA(1.1),Health expenditure and financing,I,DEU,Germany,A,Annual,EXP_HEALTH,Expenditure,USD_PPP_PS,"US dollars per person, PPP converted",HF2HF3,Voluntary schemes/household out-of-pocket payments,_Z,Not application,_T,Total,_T,Total,_T,Total,_Z,Not applicable,_Z,Not applicable,Q,Constant prices,2019,,1072.79,,2020,,,,,,,,,,0,Units,1,One
DATAFLOW,OECD.ELS.HD:DSD_SHA@DF_SHA(1.1),Health expenditure and financing,I,DEU,Germany,A,Annual,EXP_HEALTH,Expenditure,USD_PPP_PS,"US dollars per person, PPP converted",_T,Total,_Z,Not application,_T,Total,_T,Total,_T,Total,_Z,Not applicable,_Z,Not applicable,Q,Constant prices,2019,,6986.616,,2020,,,,,,,,,,0,Units,1,One
DATAFLOW,OECD.ELS.HD:DSD_SHA@DF_SHA(1.1),Health expenditure and financing,I,DEU,Germany,A,Annual,EXP_HEALTH,Expenditure,USD_PPP_PS,"US dollars per person, PPP converted",HF1,Government/compulsory schemes,_Z,Not application,_T,Total,_T,Total,_T,Total,_Z,Not applicable,_Z,Not applicable,Q,Constant prices,2019,,5913.843,,2020,,,,,,,,,,0,Units,1,One
DATAFLOW,OECD.ELS.HD:DSD_SHA@DF_SHA(1.1),Health expenditure and financing,I,DEU,Germany,A,Annual,EXP_HEALTH,Expenditure,USD_PPP_PS,"US dollars per person, PPP converted",HF1,Government/compulsory schemes,_Z,Not application,_T,Total,_T,Total,_T,Total,_Z,Not applicable,_Z,Not applicable,Q,Constant prices,2020,,6314.691,,2020,,,,,,,,,,0,Units,1,One
DATAFLOW,OECD.ELS.HD:DSD_SHA@DF_SHA(1.1),Health expenditure and financing,I,DEU,Germany,A,Annual,EXP_HEALTH,Expenditure,USD_PPP_PS,"US dollars per person, PPP converted",_T,Total,_Z,Not application,_T,Total,_T,Total,_T,Total,_Z,Not applicable,_Z,Not applicable,Q,Constant prices,2020,,7362.902,,2020,,,,,,,,,,0,Units,1,One
DATAFLOW,OECD.ELS.HD:DSD_SHA@DF_SHA(1.1),Health expenditure and financing,I,DEU,Germany,A,Annual,EXP_HEALTH,Expenditure,USD_PPP_PS,"US dollars per person, PPP converted",HF2HF3,Voluntary schemes/household out-of-pocket payments,_Z,Not application,_T,Total,_T,Total,_T,Total,_Z,Not applicable,_Z,Not applicable,Q,Constant prices,2020,,1048.211,,2020,,,,,,,,,,0,Units,1,One
DATAFLOW,OECD.ELS.HD:DSD_SHA@DF_SHA(1.1),Health expenditure and financing,I,CAN,Canada,A,Annual,EXP_HEALTH,Expenditure,USD_PPP_PS,"US dollars per person, PPP converted",_T,Total,_Z,Not application,_T,Total,_T,Total,_T,Total,_Z,Not applicable,_Z,Not applicable,Q,Constant prices,2023,,6145.641,,2020,,,,,,,,,,0,Units,1,One
DATAFLOW,OECD.ELS.HD:DSD_SHA@DF_SHA(1.1),Health expenditure and financing,I,CAN,Canada,A,Annual,EXP_HEALTH,Expenditure,USD_PPP_PS,"US dollars per person, PPP converted",HF1,Government/compulsory schemes,_Z,Not application,_T,Total,_T,Total,_T,Total,_Z,Not applicable,_Z,Not applicable,Q,Constant prices,2023,,4320.134,,2020,,,,,,,,,,0,Units,1,One
DATAFLOW,OECD.ELS.HD:DSD_SHA@DF_SHA(1.1),Health expenditure and financing,I,CAN,Canada,A,Annual,EXP_HEALTH,Expenditure,USD_PPP_PS,"US dollars per person, PPP converted",HF2HF3,Voluntary schemes/household out-of-pocket payments,_Z,Not application,_T,Total,_T,Total,_T,Total,_Z,Not applicable,_Z,Not applicable,Q,Constant prices,2023,,1825.507,,2020,,,,,,,,,,0,Units,1,One
DATAFLOW,OECD.ELS.HD:DSD_SHA@DF_SHA(1.1),Health expenditure and financing,I,CAN,Canada,A,Annual,EXP_HEALTH,Expenditure,USD_PPP_PS,"US dollars per person, PPP converted",HF2HF3,Voluntary schemes/household out-of-pocket payments,_Z,Not application,_T,Total,_T,Total,_T,Total,_Z,Not applicable,_Z,Not applicable,Q,Constant prices,2024,,1801.886,,2020,,,,,,,,,,0,Units,1,One
DATAFLOW,OECD.ELS.HD:DSD_SHA@DF_SHA(1.1),Health expenditure and financing,I,CAN,Canada,A,Annual,EXP_HEALTH,Expenditure,USD_PPP_PS,"US dollars per person, PPP converted",HF1,Government/compulsory schemes,_Z,Not application,_T,Total,_T,Total,_T,Total,_Z,Not applicable,_Z,Not applicable,Q,Constant prices,2024,,4329.374,,2020,,,,,,,,,,0,Units,1,One
DATAFLOW,OECD.ELS.HD:DSD_SHA@DF_SHA(1.1),Health expenditure and financing,I,CAN,Canada,A,Annual,EXP_HEALTH,Expenditure,USD_PPP_PS,"US dollars per person, PPP converted",_T,Total,_Z,Not application,_T,Total,_T,Total,_T,Total,_Z,Not applicable,_Z,Not applicable,Q,Constant prices,2024,,6131.261,,2020,,,,,,,,,,0,Units,1,One
DATAFLOW,OECD.ELS.HD:DSD_SHA@DF_SHA(1.1),Health expenditure and financing,I,CAN,Canada,A,Annual,EXP_HEALTH,Expenditure,USD_PPP_PS,"US dollars per person, PPP converted",HF2HF3,Voluntary schemes/household out-of-pocket payments,_Z,Not application,_T,Total,_T,Total,_T,Total,_Z,Not applicable,_Z,Not applicable,Q,Constant prices,2022,,1777.857,,2020,,,,,,,,,,0,Units,1,One
DATAFLOW,OECD.ELS.HD:DSD_SHA@DF_SHA(1.1),Health expenditure and financing,I,CAN,Canada,A,Annual,EXP_HEALTH,Expenditure,USD_PPP_PS,"US dollars per person, PPP converted",HF1,Government/compulsory schemes,_Z,Not application,_T,Total,_T,Total,_T,Total,_Z,Not applicable,_Z,Not applicable,Q,Constant prices,2022,,4341.38,,2020,,,,,,,,,,0,Units,1,One
DATAFLOW,OECD.ELS.HD:DSD_SHA@DF_SHA(1.1),Health expenditure and financing,I,CAN,Canada,A,Annual,EXP_HEALTH,Expenditure,USD_PPP_PS,"US dollars per person, PPP converted",HF2HF3,Voluntary schemes/household out-of-pocket payments,_Z,Not application,_T,Total,_T,Total,_T,Total,_Z,Not applicable,_Z,Not applicable,Q,Constant prices,2021,,1784.202,,2020,,,,,,,,,,0,Units,1,One
DATAFLOW,OECD.ELS.HD:DSD_SHA@DF_SHA(1.1),Health expenditure and financing,I,DEU,Germany,A,Annual,EXP_HEALTH,Expenditure,PT_B1GQ,Percentage of GDP,_T,Total,_Z,Not application,_T,Total,_T,Total,_T,Total,_Z,Not applicable,_Z,Not applicable,_Z,Not applicable,2021,,12.705,,,,,,,,,,,,0,Units,1,One
DATAFLOW,OECD.ELS.HD:DSD_SHA@DF_SHA(1.1),Health expenditure and financing,I,DEU,Germany,A,Annual,EXP_HEALTH,Expenditure,PT_B1GQ,Percentage of GDP,HF1,Government/compulsory schemes,_Z,Not application,_T,Total,_T,Total,_T,Total,_Z,Not applicable,_Z,Not applicable,_Z,Not applicable,2021,,10.907,,,,,,,,,,,,0,Units,1,One
DATAFLOW,OECD.ELS.HD:DSD_SHA@DF_SHA(1.1),Health expenditure and financing,I,DEU,Germany,A,Annual,EXP_HEALTH,Expenditure,PT_B1GQ,Percentage of GDP,HF2HF3,Voluntary schemes/household out-of-pocket payments,_Z,Not application,_T,Total,_T,Total,_T,Total,_Z,Not applicable,_Z,Not applicable,_Z,Not applicable,2021,,1.798,,,,,,,,,,,,0,Units,1,One
DATAFLOW,OECD.ELS.HD:DSD_SHA@DF_SHA(1.1),Health expenditure and financing,I,DEU,Germany,A,Annual,EXP_HEALTH,Expenditure,PT_B1GQ,Percentage of GDP,HF2HF3,Voluntary schemes/household out-of-pocket payments,_Z,Not application,_T,Total,_T,Total,_T,Total,_Z,Not applicable,_Z,Not applicable,_Z,Not applicable,2022,,1.635,,,,,,,,,,,,0,Units,1,One
DATAFLOW,OECD.ELS.HD:DSD_SHA@DF_SHA(1.1),Health expenditure and financing,I,DEU,Germany,A,Annual,EXP_HEALTH,Expenditure,PT_B1GQ,Percentage of GDP,HF1,Government/compulsory schemes,_Z,Not application,_T,Total,_T,Total,_T,Total,_Z,Not applicable,_Z,Not applicable,_Z,Not applicable,2022,,10.666,,,,,,,,,,,,0,Units,1,One
DATAFLOW,OECD.ELS.HD:DSD_SHA@DF_SHA(1.1),Health expenditure and financing,I,DEU,Germany,A,Annual,EXP_HEALTH,Expenditure,PT_B1GQ,Percentage of GDP,_T,Total,_Z,Not application,_T,Total,_T,Total,_T,Total,_Z,Not applicable,_Z,Not applicable,_Z,Not applicable,2022,,12.301,,,,,,,,,,,,0,Units,1,One
DATAFLOW,OECD.ELS.HD:DSD_SHA@DF_SHA(1.1),Health expenditure and financing,I,DEU,Germany,A,Annual,EXP_HEALTH,Expenditure,PT_B1GQ,Percentage of GDP,HF2HF3,Voluntary schemes/household out-of-pocket payments,_Z,Not application,_T,Total,_T,Total,_T,Total,_Z,Not applicable,_Z,Not applicable,_Z,Not applicable,2020,,1.774,,,,,,,,,,,,0,Units,1,One
DATAFLOW,OECD.ELS.HD:DSD_SHA@DF_SHA(1.1),Health expenditure and financing,I,DEU,Germany,A,Annual,EXP_HEALTH,Expenditure,PT_B1GQ,Percentage of GDP,HF1,Government/compulsory schemes,_Z,Not application,_T,Total,_T,Total,_T,Total,_Z,Not applicable,_Z,Not applicable,_Z,Not applicable,2020,,10.687,,,,,,,,,,,,0,Units,1,One
DATAFLOW,OECD.ELS.HD:DSD_SHA@DF_SHA(1.1),Health expenditure and financing,I,DEU,Germany,A,Annual,EXP_HEALTH,Expenditure,PT_B1GQ,Percentage of GDP,_T,Total,_Z,Not application,_T,Total,_T,Total,_T,Total,_Z,Not applicable,_Z,Not applicable,_Z,Not applicable,2020,,12.461,,,,,,,,,,,,0,Units,1,One
DATAFLOW,OECD.ELS.HD:DSD_SHA@DF_SHA(1.1),Health expenditure and financing,I,DEU,Germany,A,Annual,EXP_HEALTH,Expenditure,PT_B1GQ,Percentage of GDP,_T,Total,_Z,Not application,_T,Total,_T,Total,_T,Total,_Z,Not applicable,_Z,Not applicable,_Z,Not applicable,2019,,11.42,,,,,,,,,,,,0,Units,1,One
DATAFLOW,OECD.ELS.HD:DSD_SHA@DF_SHA(1.1),Health expenditure and financing,I,DEU,Germany,A,Annual,EXP_HEALTH,Expenditure,PT_B1GQ,Percentage of GDP,HF1,Government/compulsory schemes,_Z,Not application,_T,Total,_T,Total,_T,Total,_Z,Not applicable,_Z,Not applicable,_Z,Not applicable,2019,,9.667,,,,,,,,,,,,0,Units,1,One
DATAFLOW,OECD.ELS.HD:DSD_SHA@DF_SHA(1.1),Health expenditure and financing,I,DEU,Germany,A,Annual,EXP_HEALTH,Expenditure,PT_B1GQ,Percentage of GDP,HF2HF3,Voluntary schemes/household out-of-pocket payments,_Z,Not application,_T,Total,_T,Total,_T,Total,_Z,Not applicable,_Z,Not applicable,_Z,Not applicable,2019,,1.754,,,,,,,,,,,,0,Units,1,One
DATAFLOW,OECD.ELS.HD:DSD_SHA@DF_SHA(1.1),Health expenditure and financing,I,CAN,Canada,A,Annual,EXP_HEALTH,Expenditure,PT_B1GQ,Percentage of GDP,_T,Total,_Z,Not application,_T,Total,_T,Total,_T,Total,_Z,Not applicable,_Z,Not applicable,_Z,Not applicable,2023,,11.389,,,,,,,,,,,,0,Units,1,One
DATAFLOW,OECD.ELS.HD:DSD_SHA@DF_SHA(1.1),Health expenditure and financing,I,CAN,Canada,A,Annual,EXP_HEALTH,Expenditure,PT_B1GQ,Percentage of GDP,HF2HF3,Voluntary schemes/household out-of-pocket payments,_Z,Not application,_T,Total,_T,Total,_T,Total,_Z,Not applicable,_Z,Not applicable,_Z,Not applicable,2023,,3.383,,,,,,,,,,,,0,Units,1,One
DATAFLOW,OECD.ELS.HD:DSD_SHA@DF_SHA(1.1),Health expenditure and financing,I,CAN,Canada,A,Annual,EXP_HEALTH,Expenditure,PT_B1GQ,Percentage of GDP,HF1,Government/compulsory schemes,_Z,Not application,_T,Total,_T,Total,_T,Total,_Z,Not applicable,_Z,Not applicable,_Z,Not applicable,2023,,8.006,,,,,,,,,,,,0,Units,1,One
DATAFLOW,OECD.ELS.HD:DSD_SHA@DF_SHA(1.1),Health expenditure and financing,I,CAN,Canada,A,Annual,EXP_HEALTH,Expenditure,PT_B1GQ,Percentage of GDP,HF1,Government/compulsory schemes,_Z,Not application,_T,Total,_T,Total,_T,Total,_Z,Not applicable,_Z,Not applicable,_Z,Not applicable,2024,,8.137,,,,,,,,,,,,0,Units,1,One
DATAFLOW,OECD.ELS.HD:DSD_SHA@DF_SHA(1.1),Health expenditure and financing,I,CAN,Canada,A,Annual,EXP_HEALTH,Expenditure,PT_B1GQ,Percentage of GDP,HF2HF3,Voluntary schemes/household out-of-pocket payments,_Z,Not application,_T,Total,_T,Total,_T,Total,_Z,Not applicable,_Z,Not applicable,_Z,Not applicable,2024,,3.387,,,,,,,,,,,,0,Units,1,One
DATAFLOW,OECD.ELS.HD:DSD_SHA@DF_SHA(1.1),Health expenditure and financing,I,CAN,Canada,A,Annual,EXP_HEALTH,Expenditure,PT_B1GQ,Percentage of GDP,_T,Total,_Z,Not application,_T,Total,_T,Total,_T,Total,_Z,Not applicable,_Z,Not applicable,_Z,Not applicable,2024,,11.524,,,,,,,,,,,,0,Units,1,One
DATAFLOW,OECD.ELS.HD:DSD_SHA@DF_SHA(1.1),Health expenditure and financing,I,CAN,Canada,A,Annual,EXP_HEALTH,Expenditure,PT_B1GQ,Percentage of GDP,HF1,Government/compulsory schemes,_Z,Not application,_T,Total,_T,Total,_T,Total,_Z,Not applicable,_Z,Not applicable,_Z,Not applicable,2022,,7.819,,,,,,,,,,,,0,Units,1,One
DATAFLOW,OECD.ELS.HD:DSD_SHA@DF_SHA(1.1),Health expenditure and financing,I,CAN,Canada,A,Annual,EXP_HEALTH,Expenditure,PT_B1GQ,Percentage of GDP,HF2HF3,Voluntary schemes/household out-of-pocket payments,_Z,Not application,_T,Total,_T,Total,_T,Total,_Z,Not applicable,_Z,Not applicable,_Z,Not applicable,2022,,3.202,,,,,,,,,,,,0,Units,1,One
DATAFLOW,OECD.ELS.HD:DSD_SHA@DF_SHA(1.1),Health expenditure and financing,I,CAN,Canada,A,Annual,EXP_HEALTH,Expenditure,USD_PPP_PS,"US dollars per person, PPP converted",HF2HF3,Voluntary schemes/household out-of-pocket payments,_Z,Not application,_T,Total,_T,Total,_T,Total,_Z,Not applicable,_Z,Not applicable,V,Current prices,2022,,2007.724,,,,,,,,,,,,0,Units,1,One
DATAFLOW,OECD.ELS.HD:DSD_SHA@DF_SHA(1.1),Health expenditure and financing,I,CAN,Canada,A,Annual,EXP_HEALTH,Expenditure,USD_PPP_PS,"US dollars per person, PPP converted",HF1,Government/compulsory schemes,_Z,Not application,_T,Total,_T,Total,_T,Total,_Z,Not applicable,_Z,Not applicable,V,Current prices,2022,,4902.695,,,,,,,,,,,,0,Units,1,One
DATAFLOW,OECD.ELS.HD:DSD_SHA@DF_SHA(1.1),Health expenditure and financing,I,CAN,Canada,A,Annual,EXP_HEALTH,Expenditure,USD_PPP_PS,"US dollars per person, PPP converted",HF2HF3,Voluntary schemes/household out-of-pocket payments,_Z,Not application,_T,Total,_T,Total,_T,Total,_Z,Not applicable,_Z,Not applicable,V,Current prices,2021,,1886.13,,,,,,,,,,,,0,Units,1,One
DATAFLOW,OECD.ELS.HD:DSD_SHA@DF_SHA(1.1),Health expenditure and financing,I,CAN,Canada,A,Annual,EXP_HEALTH,Expenditure,USD_PPP_PS,"US dollars per person, PPP converted",HF2HF3,Voluntary schemes/household out-of-pocket payments,_Z,Not application,_T,Total,_T,Total,_T,Total,_Z,Not applicable,_Z,Not applicable,V,Current prices,2024,,2166.595,,,,,,,,,,,,0,Units,1,One
DATAFLOW,OECD.ELS.HD:DSD_SHA@DF_SHA(1.1),Health expenditure and financing,I,CAN,Canada,A,Annual,EXP_HEALTH,Expenditure,USD_PPP_PS,"US dollars per person, PPP converted",_T,Total,_Z,Not application,_T,Total,_T,Total,_T,Total,_Z,Not applicable,_Z,Not applicable,V,Current prices,2024,,7372.25,,,,,,,,,,,,0,Units,1,One
DATAFLOW,OECD.ELS.HD:DSD_SHA@DF_SHA(1.1),Health expenditure and financing,I,CAN,Canada,A,Annual,EXP_HEALTH,Expenditure,USD_PPP_PS,"US dollars per person, PPP converted",HF1,Government/compulsory schemes,_Z,Not application,_T,Total,_T,Total,_T,Total,_Z,Not applicable,_Z,Not applicable,V,Current prices,2024,,5205.655,,,,,,,,,,,,0,Units,1,One
DATAFLOW,OECD.ELS.HD:DSD_SHA@DF_SHA(1.1),Health expenditure and financing,I,CAN,Canada,A,Annual,EXP_HEALTH,Expenditure,USD_PPP_PS,"US dollars per person, PPP converted",HF1,Government/compulsory schemes,_Z,Not application,_T,Total,_T,Total,_T,Total,_Z,Not applicable,_Z,Not applicable,V,Current prices,2023,,5067.01,,,,,,,,,,,,0,Units,1,One
DATAFLOW,OECD.ELS.HD:DSD_SHA@DF_SHA(1.1),Health expenditure and financing,I,CAN,Canada,A,Annual,EXP_HEALTH,Expenditure,USD_PPP_PS,"US dollars per person, PPP converted",_T,Total,_Z,Not application,_T,Total,_T,Total,_T,Total,_Z,Not applicable,_Z,Not applicable,V,Current prices,2023,,7208.115,,,,,,,,,,,,0,Units,1,One
DATAFLOW,OECD.ELS.HD:DSD_SHA@DF_SHA(1.1),Health expenditure and financing,I,CAN,Canada,A,Annual,EXP_HEALTH,Expenditure,USD_PPP_PS,"US dollars per person, PPP converted",HF2HF3,Voluntary schemes/household out-of-pocket payments,_Z,Not application,_T,Total,_T,Total,_T,Total,_Z,Not applicable,_Z,Not applicable,V,Current prices,2023,,2141.105,,,,,,,,,,,,0,Units,1,One
DATAFLOW,OECD.ELS.HD:DSD_SHA@DF_SHA(1.1),Health expenditure and financing,I,DEU,Germany,A,Annual,EXP_HEALTH,Expenditure,USD_PPP_PS,"US dollars per person, PPP converted",_T,Total,_Z,Not application,_T,Total,_T,Total,_T,Total,_Z,Not applicable,_Z,Not applicable,V,Current prices,2022,,8792.414,,,,,,,,,,,,0,Units,1,One
DATAFLOW,OECD.ELS.HD:DSD_SHA@DF_SHA(1.1),Health expenditure and financing,I,DEU,Germany,A,Annual,EXP_HEALTH,Expenditure,USD_PPP_PS,"US dollars per person, PPP converted",HF1,Government/compulsory schemes,_Z,Not application,_T,Total,_T,Total,_T,Total,_Z,Not applicable,_Z,Not applicable,V,Current prices,2022,,7623.623,,,,,,,,,,,,0,Units,1,One
DATAFLOW,OECD.ELS.HD:DSD_SHA@DF_SHA(1.1),Health expenditure and financing,I,DEU,Germany,A,Annual,EXP_HEALTH,Expenditure,USD_PPP_PS,"US dollars per person, PPP converted",HF2HF3,Voluntary schemes/household out-of-pocket payments,_Z,Not application,_T,Total,_T,Total,_T,Total,_Z,Not applicable,_Z,Not applicable,V,Current prices,2022,,1168.791,,,,,,,,,,,,0,Units,1,One
DATAFLOW,OECD.ELS.HD:DSD_SHA@DF_SHA(1.1),Health expenditure and financing,I,DEU,Germany,A,Annual,EXP_HEALTH,Expenditure,USD_PPP_PS,"US dollars per person, PPP converted",HF2HF3,Voluntary schemes/household out-of-pocket payments,_Z,Not application,_T,Total,_T,Total,_T,Total,_Z,Not applicable,_Z,Not applicable,V,Current prices,2019,,1041.891,,,,,,,,,,,,0,Units,1,One
DATAFLOW,OECD.ELS.HD:DSD_SHA@DF_SHA(1.1),Health expenditure and financing,I,DEU,Germany,A,Annual,EXP_HEALTH,Expenditure,USD_PPP_PS,"US dollars per person, PPP converted",HF1,Government/compulsory schemes,_Z,Not application,_T,Total,_T,Total,_T,Total,_Z,Not applicable,_Z,Not applicable,V,Current prices,2019,,5743.51,,,,,,,,,,,,0,Units,1,One
DATAFLOW,OECD.ELS.HD:DSD_SHA@DF_SHA(1.1),Health expenditure and financing,I,DEU,Germany,A,Annual,EXP_HEALTH,Expenditure,USD_PPP_PS,"US dollars per person, PPP converted",_T,Total,_Z,Not application,_T,Total,_T,Total,_T,Total,_Z,Not applicable,_Z,Not applicable,V,Current prices,2019,,6785.384,,,,,,,,,,,,0,Units,1,One
DATAFLOW,OECD.ELS.HD:DSD_SHA@DF_SHA(1.1),Health expenditure and financing,I,DEU,Germany,A,Annual,EXP_HEALTH,Expenditure,USD_PPP_PS,"US dollars per person, PPP converted",_T,Total,_Z,Not application,_T,Total,_T,Total,_T,Total,_Z,Not applicable,_Z,Not applicable,V,Current prices,2020,,7362.902,,,,,,,,,,,,0,Units,1,One
DATAFLOW,OECD.ELS.HD:DSD_SHA@DF_SHA(1.1),Health expenditure and financing,I,DEU,Germany,A,Annual,EXP_HEALTH,Expenditure,USD_PPP_PS,"US dollars per person, PPP converted",HF1,Government/compulsory schemes,_Z,Not application,_T,Total,_T,Total,_T,Total,_Z,Not applicable,_Z,Not applicable,V,Current prices,2020,,6314.691,,,,,,,,,,,,0,Units,1,One
DATAFLOW,OECD.ELS.HD:DSD_SHA@DF_SHA(1.1),Health expenditure and financing,I,DEU,Germany,A,Annual,EXP_HEALTH,Expenditure,USD_PPP_PS,"US dollars per person, PPP converted",HF2HF3,Voluntary schemes/household out-of-pocket payments,_Z,Not application,_T,Total,_T,Total,_T,Total,_Z,Not applicable,_Z,Not applicable,V,Current prices,2020,,1048.211,,,,,,,,,,,,0,Units,1,One
DATAFLOW,OECD.ELS.HD:DSD_SHA@DF_SHA(1.1),Health expenditure and financing,I,DEU,Germany,A,Annual,EXP_HEALTH,Expenditure,USD_PPP_PS,"US dollars per person, PPP converted",HF2HF3,Voluntary schemes/household out-of-pocket payments,_Z,Not application,_T,Total,_T,Total,_T,Total,_Z,Not applicable,_Z,Not applicable,V,Current prices,2018,,954.718,,,,,,,,,,,,0,Units,1,One
DATAFLOW,OECD.ELS.HD:DSD_SHA@DF_SHA(1.1),Health expenditure and financing,I,DEU,Germany,A,Annual,EXP_HEALTH,Expenditure,USD_PPP_PS,"US dollars per person, PPP converted",HF2HF3,Voluntary schemes/household out-of-pocket payments,_Z,Not application,_T,Total,_T,Total,_T,Total,_Z,Not applicable,_Z,Not applicable,V,Current prices,2021,,1146.716,,,,,,,,,,,,0,Units,1,One
DATAFLOW,OECD.ELS.HD:DSD_SHA@DF_SHA(1.1),Health expenditure and financing,I,DEU,Germany,A,Annual,EXP_HEALTH,Expenditure,USD_PPP_PS,"US dollars per person, PPP converted",HF1,Government/compulsory schemes,_Z,Not application,_T,Total,_T,Total,_T,Total,_Z,Not applicable,_Z,Not applicable,V,Current prices,2021,,6956.713,,,,,,,,,,,,0,Units,1,One
DATAFLOW,OECD.ELS.HD:DSD_SHA@DF_SHA(1.1),Health expenditure and financing,I,DEU,Germany,A,Annual,EXP_HEALTH,Expenditure,USD_PPP_PS,"US dollars per person, PPP converted",_T,Total,_Z,Not application,_T,Total,_T,Total,_T,Total,_Z,Not applicable,_Z,Not applicable,V,Current prices,2021,,8103.429,,,,,,,,,,,,0,Units,1,One
DATAFLOW,OECD.ELS.HD:DSD_SHA@DF_SHA(1.1),Health expenditure and financing,I,KOR,Korea,A,Annual,EXP_HEALTH,Expenditure,USD_PPP_PS,"US dollars per person, PPP converted",_T,Total,_Z,Not application,_T,Total,_T,Total,_T,Total,_Z,Not applicable,_Z,Not applicable,Q,Constant prices,2015,,2683.729,,2020,,,,,,,,,,0,Units,1,One
DATAFLOW,OECD.ELS.HD:DSD_SHA@DF_SHA(1.1),Health expenditure and financing,I,KOR,Korea,A,Annual,EXP_HEALTH,Expenditure,USD_PPP_PS,"US dollars per person, PPP converted",_T,Total,_Z,Not application,_T,Total,_T,Total,_T,Total,_Z,Not applicable,_Z,Not applicable,Q,Constant prices,2016,,2850.466,,2020,,,,,,,,,,0,Units,1,One
DATAFLOW,OECD.ELS.HD:DSD_SHA@DF_SHA(1.1),Health expenditure and financing,I,KOR,Korea,A,Annual,EXP_HEALTH,Expenditure,USD_PPP_PS,"US dollars per person, PPP converted",_T,Total,_Z,Not application,_T,Total,_T,Total,_T,Total,_Z,Not applicable,_Z,Not applicable,Q,Constant prices,2017,,3008.663,,2020,,,,,,,,,,0,Units,1,One
DATAFLOW,OECD.ELS.HD:DSD_SHA@DF_SHA(1.1),Health expenditure and financing,I,KOR,Korea,A,Annual,EXP_HEALTH,Expenditure,USD_PPP_PS,"US dollars per person, PPP converted",_T,Total,_Z,Not application,_T,Total,_T,Total,_T,Total,_Z,Not applicable,_Z,Not applicable,Q,Constant prices,2018,,3214.47,,2020,,,,,,,,,,0,Units,1,One
DATAFLOW,OECD.ELS.HD:DSD_SHA@DF_SHA(1.1),Health expenditure and financing,I,KOR,Korea,A,Annual,EXP_HEALTH,Expenditure,USD_PPP_PS,"US dollars per person, PPP converted",_T,Total,_Z,Not application,_T,Total,_T,Total,_T,Total,_Z,Not applicable,_Z,Not applicable,Q,Constant prices,2019,,3478.146,,2020,,,,,,,,,,0,Units,1,One
DATAFLOW,OECD.ELS.HD:DSD_SHA@DF_SHA(1.1),Health expenditure and financing,I,KOR,Korea,A,Annual,EXP_HEALTH,Expenditure,USD_PPP_PS,"US dollars per person, PPP converted",_T,Total,_Z,Not application,_T,Total,_T,Total,_T,Total,_Z,Not applicable,_Z,Not applicable,Q,Constant prices,2020,,3618.078,,2020,,,,,,,,,,0,Units,1,One
DATAFLOW,OECD.ELS.HD:DSD_SHA@DF_SHA(1.1),Health expenditure and financing,I,KOR,Korea,A,Annual,EXP_HEALTH,Expenditure,USD_PPP_PS,"US dollars per person, PPP converted",_T,Total,_Z,Not application,_T,Total,_T,Total,_T,Total,_Z,Not applicable,_Z,Not applicable,Q,Constant prices,2021,,3957.977,,2020,,,,,,,,,,0,Units,1,One
DATAFLOW,OECD.ELS.HD:DSD_SHA@DF_SHA(1.1),Health expenditure and financing,I,KOR,Korea,A,Annual,EXP_HEALTH,Expenditure,USD_PPP_PS,"US dollars per person, PPP converted",_T,Total,_Z,Not application,_T,Total,_T,Total,_T,Total,_Z,Not applicable,_Z,Not applicable,Q,Constant prices,2022,,4220.068,,2020,,,,,,,,,,0,Units,1,One
DATAFLOW,OECD.ELS.HD:DSD_SHA@DF_SHA(1.1),Health expenditure and financing,I,KOR,Korea,A,Annual,EXP_HEALTH,Expenditure,USD_PPP_PS,"US dollars per person, PPP converted",_T,Total,_Z,Not application,_T,Total,_T,Total,_T,Total,_Z,Not applicable,_Z,Not applicable,Q,Constant prices,2023,,4043.774,,2020,,,,,,,,,,0,Units,1,One
DATAFLOW,OECD.ELS.HD:DSD_SHA@DF_SHA(1.1),Health expenditure and financing,I,KOR,Korea,A,Annual,EXP_HEALTH,Expenditure,USD_PPP_PS,"US dollars per person, PPP converted",_T,Total,_Z,Not application,_T,Total,_T,Total,_T,Total,_Z,Not applicable,_Z,Not applicable,Q,Constant prices,2024,,4212.332,,2020,,,,,,,,,,0,Units,1,One
DATAFLOW,OECD.ELS.HD:DSD_SHA@DF_SHA(1.1),Health expenditure and financing,I,KOR,Korea,A,Annual,EXP_HEALTH,Expenditure,USD_PPP_PS,"US dollars per person, PPP converted",HF1,Government/compulsory schemes,_Z,Not application,_T,Total,_T,Total,_T,Total,_Z,Not applicable,_Z,Not applicable,Q,Constant prices,2015,,1497.25,,2020,,,,,,,,,,0,Units,1,One
DATAFLOW,OECD.ELS.HD:DSD_SHA@DF_SHA(1.1),Health expenditure and financing,I,KOR,Korea,A,Annual,EXP_HEALTH,Expenditure,USD_PPP_PS,"US dollars per person, PPP converted",HF1,Government/compulsory schemes,_Z,Not application,_T,Total,_T,Total,_T,Total,_Z,Not applicable,_Z,Not applicable,Q,Constant prices,2016,,1611.021,,2020,,,,,,,,,,0,Units,1,One
DATAFLOW,OECD.ELS.HD:DSD_SHA@DF_SHA(1.1),Health expenditure and financing,I,KOR,Korea,A,Annual,EXP_HEALTH,Expenditure,USD_PPP_PS,"US dollars per person, PPP converted",HF1,Government/compulsory schemes,_Z,Not application,_T,Total,_T,Total,_T,Total,_Z,Not applicable,_Z,Not applicable,Q,Constant prices,2017,,1720.831,,2020,,,,,,,,,,0,Units,1,One
DATAFLOW,OECD.ELS.HD:DSD_SHA@DF_SHA(1.1),Health expenditure and financing,I,KOR,Korea,A,Annual,EXP_HEALTH,Expenditure,USD_PPP_PS,"US dollars per person, PPP converted",HF1,Government/compulsory schemes,_Z,Not application,_T,Total,_T,Total,_T,Total,_Z,Not applicable,_Z,Not applicable,Q,Constant prices,2018,,1864.135,,2020,,,,,,,,,,0,Units,1,One
DATAFLOW,OECD.ELS.HD:DSD_SHA@DF_SHA(1.1),Health expenditure and financing,I,KOR,Korea,A,Annual,EXP_HEALTH,Expenditure,USD_PPP_PS,"US dollars per person, PPP converted",HF1,Government/compulsory schemes,_Z,Not application,_T,Total,_T,Total,_T,Total,_Z,Not applicable,_Z,Not applicable,Q,Constant prices,2019,,2056.078,,2020,,,,,,,,,,0,Units,1,One
DATAFLOW,OECD.ELS.HD:DSD_SHA@DF_SHA(1.1),Health expenditure and financing,I,KOR,Korea,A,Annual,EXP_HEALTH,Expenditure,USD_PPP_PS,"US dollars per person, PPP converted",HF1,Government/compulsory schemes,_Z,Not application,_T,Total,_T,Total,_T,Total,_Z,Not applicable,_Z,Not applicable,Q,Constant prices,2020,,2159.257,,2020,,,,,,,,,,0,Units,1,One
DATAFLOW,OECD.ELS.HD:DSD_SHA@DF_SHA(1.1),Health expenditure and financing,I,KOR,Korea,A,Annual,EXP_HEALTH,Expenditure,USD_PPP_PS,"US dollars per person, PPP converted",HF1,Government/compulsory schemes,_Z,Not application,_T,Total,_T,Total,_T,Total,_Z,Not applicable,_Z,Not applicable,Q,Constant prices,2021,,2459.722,,2020,,,,,,,,,,0,Units,1,One
DATAFLOW,OECD.ELS.HD:DSD_SHA@DF_SHA(1.1),Health expenditure and financing,I,KOR,Korea,A,Annual,EXP_HEALTH,Expenditure,USD_PPP_PS,"US dollars per person, PPP converted",HF1,Government/compulsory schemes,_Z,Not application,_T,Total,_T,Total,_T,Total,_Z,Not applicable,_Z,Not applicable,Q,Constant prices,2022,,2682.743,,2020,,,,,,,,,,0,Units,1,One
DATAFLOW,OECD.ELS.HD:DSD_SHA@DF_SHA(1.1),Health expenditure and financing,I,KOR,Korea,A,Annual,EXP_HEALTH,Expenditure,USD_PPP_PS,"US dollars per person, PPP converted",HF1,Government/compulsory schemes,_Z,Not application,_T,Total,_T,Total,_T,Total,_Z,Not applicable,_Z,Not applicable,Q,Constant prices,2023,,2443.299,,2020,,,,,,,,,,0,Units,1,One
DATAFLOW,OECD.ELS.HD:DSD_SHA@DF_SHA(1.1),Health expenditure and financing,I,KOR,Korea,A,Annual,EXP_HEALTH,Expenditure,USD_PPP_PS,"US dollars per person, PPP converted",HF1,Government/compulsory schemes,_Z,Not application,_T,Total,_T,Total,_T,Total,_Z,Not applicable,_Z,Not applicable,Q,Constant prices,2024,,2518.932,,2020,,,,,,,,,,0,Units,1,One
DATAFLOW,OECD.ELS.HD:DSD_SHA@DF_SHA(1.1),Health expenditure and financing,I,KOR,Korea,A,Annual,EXP_HEALTH,Expenditure,USD_PPP_PS,"US dollars per person, PPP converted",HF2HF3,Voluntary schemes/household out-of-pocket payments,_Z,Not application,_T,Total,_T,Total,_T,Total,_Z,Not applicable,_Z,Not applicable,Q,Constant prices,2015,,1186.479,,2020,,,,,,,,,,0,Units,1,One
DATAFLOW,OECD.ELS.HD:DSD_SHA@DF_SHA(1.1),Health expenditure and financing,I,KOR,Korea,A,Annual,EXP_HEALTH,Expenditure,USD_PPP_PS,"US dollars per person, PPP converted",HF2HF3,Voluntary schemes/household out-of-pocket payments,_Z,Not application,_T,Total,_T,Total,_T,Total,_Z,Not applicable,_Z,Not applicable,Q,Constant prices,2016,,1239.444,,2020,,,,,,,,,,0,Units,1,One
DATAFLOW,OECD.ELS.HD:DSD_SHA@DF_SHA(1.1),Health expenditure and financing,I,KOR,Korea,A,Annual,EXP_HEALTH,Expenditure,USD_PPP_PS,"US dollars per person, PPP converted",HF2HF3,Voluntary schemes/household out-of-pocket payments,_Z,Not application,_T,Total,_T,Total,_T,Total,_Z,Not applicable,_Z,Not applicable,Q,Constant prices,2017,,1287.832,,2020,,,,,,,,,,0,Units,1,One
DATAFLOW,OECD.ELS.HD:DSD_SHA@DF_SHA(1.1),Health expenditure and financing,I,KOR,Korea,A,Annual,EXP_HEALTH,Expenditure,USD_PPP_PS,"US dollars per person, PPP converted",HF2HF3,Voluntary schemes/household out-of-pocket payments,_Z,Not application,_T,Total,_T,Total,_T,Total,_Z,Not applicable,_Z,Not applicable,Q,Constant prices,2018,,1350.336,,2020,,,,,,,,,,0,Units,1,One
DATAFLOW,OECD.ELS.HD:DSD_SHA@DF_SHA(1.1),Health expenditure and financing,I,KOR,Korea,A,Annual,EXP_HEALTH,Expenditure,USD_PPP_PS,"US dollars per person, PPP converted",HF2HF3,Voluntary schemes/household out-of-pocket payments,_Z,Not application,_T,Total,_T,Total,_T,Total,_Z,Not applicable,_Z,Not applicable,Q,Constant prices,2019,,1422.068,,2020,,,,,,,,,,0,Units,1,One
DATAFLOW,OECD.ELS.HD:DSD_SHA@DF_SHA(1.1),Health expenditure and financing,I,KOR,Korea,A,Annual,EXP_HEALTH,Expenditure,USD_PPP_PS,"US dollars per person, PPP converted",HF2HF3,Voluntary schemes/household out-of-pocket payments,_Z,Not application,_T,Total,_T,Total,_T,Total,_Z,Not applicable,_Z,Not applicable,Q,Constant prices,2020,,1458.821,,2020,,,,,,,,,,0,Units,1,One
DATAFLOW,OECD.ELS.HD:DSD_SHA@DF_SHA(1.1),Health expenditure and financing,I,KOR,Korea,A,Annual,EXP_HEALTH,Expenditure,USD_PPP_PS,"US dollars per person, PPP converted",HF2HF3,Voluntary schemes/household out-of-pocket payments,_Z,Not application,_T,Total,_T,Total,_T,Total,_Z,Not applicable,_Z,Not applicable,Q,Constant prices,2021,,1498.255,,2020,,,,,,,,,,0,Units,1,One
DATAFLOW,OECD.ELS.HD:DSD_SHA@DF_SHA(1.1),Health expenditure and financing,I,KOR,Korea,A,Annual,EXP_HEALTH,Expenditure,USD_PPP_PS,"US dollars per person, PPP converted",HF2HF3,Voluntary schemes/household out-of-pocket payments,_Z,Not application,_T,Total,_T,Total,_T,Total,_Z,Not applicable,_Z,Not applicable,Q,Constant prices,2022,,1537.325,,2020,,,,,,,,,,0,Units,1,One
DATAFLOW,OECD.ELS.HD:DSD_SHA@DF_SHA(1.1),Health expenditure and financing,I,KOR,Korea,A,Annual,EXP_HEALTH,Expenditure,USD_PPP_PS,"US dollars per person, PPP converted",HF2HF3,Voluntary schemes/household out-of-pocket payments,_Z,Not application,_T,Total,_T,Total,_T,Total,_Z,Not applicable,_Z,Not applicable,Q,Constant prices,2023,,1600.475,,2020,,,,,,,,,,0,Units,1,One
DATAFLOW,OECD.ELS.HD:DSD_SHA@DF_SHA(1.1),Health expenditure and financing,I,KOR,Korea,A,Annual,EXP_HEALTH,Expenditure,USD_PPP_PS,"US dollars per person, PPP converted",HF2HF3,Voluntary schemes/household out-of-pocket payments,_Z,Not application,_T,Total,_T,Total,_T,Total,_Z,Not applicable,_Z,Not applicable,Q,Constant prices,2024,,1693.4,,2020,,,,,,,,,,0,Units,1,One
DATAFLOW,OECD.ELS.HD:DSD_SHA@DF_SHA(1.1),Health expenditure and financing,I,KOR,Korea,A,Annual,EXP_HEALTH,Expenditure,PT_B1GQ,Percentage of GDP,_T,Total,_Z,Not application,_T,Total,_T,Total,_T,Total,_Z,Not applicable,_Z,Not applicable,_Z,Not applicable,2015,,6.46,,,,,,,,,,,,0,Units,1,One
DATAFLOW,OECD.ELS.HD:DSD_SHA@DF_SHA(1.1),Health expenditure and financing,I,KOR,Korea,A,Annual,EXP_HEALTH,Expenditure,PT_B1GQ,Percentage of GDP,_T,Total,_Z,Not application,_T,Total,_T,Total,_T,Total,_Z,Not applicable,_Z,Not applicable,_Z,Not applicable,2016,,6.634,,,,,,,,,,,,0,Units,1,One
DATAFLOW,OECD.ELS.HD:DSD_SHA@DF_SHA(1.1),Health expenditure and financing,I,KOR,Korea,A,Annual,EXP_HEALTH,Expenditure,PT_B1GQ,Percentage of GDP,_T,Total,_Z,Not application,_T,Total,_T,Total,_T,Total,_Z,Not applicable,_Z,Not applicable,_Z,Not applicable,2017,,6.796,,,,,,,,,,,,0,Units,1,One
DATAFLOW,OECD.ELS.HD:DSD_SHA@DF_SHA(1.1),Health expenditure and financing,I,KOR,Korea,A,Annual,EXP_HEALTH,Expenditure,PT_B1GQ,Percentage of GDP,_T,Total,_Z,Not application,_T,Total,_T,Total,_T,Total,_Z,Not applicable,_Z,Not applicable,_Z,Not applicable,2018,,7.14,,,,,,,,,,,,0,Units,1,One
DATAFLOW,OECD.ELS.HD:DSD_SHA@DF_SHA(1.1),Health expenditure and financing,I,KOR,Korea,A,Annual,EXP_HEALTH,Expenditure,PT_B1GQ,Percentage of GDP,_T,Total,_Z,Not application,_T,Total,_T,Total,_T,Total,_Z,Not applicable,_Z,Not applicable,_Z,Not applicable,2019,,7.691,,,,,,,,,,,,0,Units,1,One
DATAFLOW,OECD.ELS.HD:DSD_SHA@DF_SHA(1.1),Health expenditure and financing,I,KOR,Korea,A,Annual,EXP_HEALTH,Expenditure,PT_B1GQ,Percentage of GDP,_T,Total,_Z,Not application,_T,Total,_T,Total,_T,Total,_Z,Not applicable,_Z,Not applicable,_Z,Not applicable,2020,,8.025,,,,,,,,,,,,0,Units,1,One
DATAFLOW,OECD.ELS.HD:DSD_SHA@DF_SHA(1.1),Health expenditure and financing,I,KOR,Korea,A,Annual,EXP_HEALTH,Expenditure,PT_B1GQ,Percentage of GDP,_T,Total,_Z,Not application,_T,Total,_T,Total,_T,Total,_Z,Not applicable,_Z,Not applicable,_Z,Not applicable,2021,,8.327,,,,,,,,,,,,0,Units,1,One
DATAFLOW,OECD.ELS.HD:DSD_SHA@DF_SHA(1.1),Health expenditure and financing,I,KOR,Korea,A,Annual,EXP_HEALTH,Expenditure,PT_B1GQ,Percentage of GDP,_T,Total,_Z,Not application,_T,Total,_T,Total,_T,Total,_Z,Not applicable,_Z,Not applicable,_Z,Not applicable,2022,,8.843,,,,,,,,,,,,0,Units,1,One
DATAFLOW,OECD.ELS.HD:DSD_SHA@DF_SHA(1.1),Health expenditure and financing,I,KOR,Korea,A,Annual,EXP_HEALTH,Expenditure,PT_B1GQ,Percentage of GDP,_T,Total,_Z,Not application,_T,Total,_T,Total,_T,Total,_Z,Not applicable,_Z,Not applicable,_Z,Not applicable,2023,,8.445,,,,,,,,,,,,0,Units,1,One
DATAFLOW,OECD.ELS.HD:DSD_SHA@DF_SHA(1.1),Health expenditure and financing,I,KOR,Korea,A,Annual,EXP_HEALTH,Expenditure,PT_B1GQ,Percentage of GDP,_T,Total,_Z,Not application,_T,Total,_T,Total,_T,Total,_Z,Not applicable,_Z,Not applicable,_Z,Not applicable,2024,,8.462,,,,,,,,,,,,0,Units,1,One
DATAFLOW,OECD.ELS.HD:DSD_SHA@DF_SHA(1.1),Health expenditure and financing,I,KOR,Korea,A,Annual,EXP_HEALTH,Expenditure,PT_B1GQ,Percentage of GDP,HF1,Government/compulsory schemes,_Z,Not application,_T,Total,_T,Total,_T,Total,_Z,Not applicable,_Z,Not applicable,_Z,Not applicable,2015,,3.604,,,,,,,,,,,,0,Units,1,One
DATAFLOW,OECD.ELS.HD:DSD_SHA@DF_SHA(1.1),Health expenditure and financing,I,KOR,Korea,A,Annual,EXP_HEALTH,Expenditure,PT_B1GQ,Percentage of GDP,HF1,Government/compulsory schemes,_Z,Not application,_T,Total,_T,Total,_T,Total,_Z,Not applicable,_Z,Not applicable,_Z,Not applicable,2016,,3.749,,,,,,,,,,,,0,Units,1,One
DATAFLOW,OECD.ELS.HD:DSD_SHA@DF_SHA(1.1),Health expenditure and financing,I,KOR,Korea,A,Annual,EXP_HEALTH,Expenditure,PT_B1GQ,Percentage of GDP,HF1,Government/compulsory schemes,_Z,Not application,_T,Total,_T,Total,_T,Total,_Z,Not applicable,_Z,Not applicable,_Z,Not applicable,2017,,3.887,,,,,,,,,,,,0,Units,1,One
DATAFLOW,OECD.ELS.HD:DSD_SHA@DF_SHA(1.1),Health expenditure and financing,I,KOR,Korea,A,Annual,EXP_HEALTH,Expenditure,PT_B1GQ,Percentage of GDP,HF1,Government/compulsory schemes,_Z,Not application,_T,Total,_T,Total,_T,Total,_Z,Not applicable,_Z,Not applicable,_Z,Not applicable,2018,,4.141,,,,,,,,,,,,0,Units,1,One
DATAFLOW,OECD.ELS.HD:DSD_SHA@DF_SHA(1.1),Health expenditure and financing,I,KOR,Korea,A,Annual,EXP_HEALTH,Expenditure,PT_B1GQ,Percentage of GDP,HF1,Government/compulsory schemes,_Z,Not application,_T,Total,_T,Total,_T,Total,_Z,Not applicable,_Z,Not applicable,_Z,Not applicable,2019,,4.547,,,,,,,,,,,,0,Units,1,One
DATAFLOW,OECD.ELS.HD:DSD_SHA@DF_SHA(1.1),Health expenditure and financing,I,KOR,Korea,A,Annual,EXP_HEALTH,Expenditure,PT_B1GQ,Percentage of GDP,HF1,Government/compulsory schemes,_Z,Not application,_T,Total,_T,Total,_T,Total,_Z,Not applicable,_Z,Not applicable,_Z,Not applicable,2020,,4.79,,,,,,,,,,,,0,Units,1,One
DATAFLOW,OECD.ELS.HD:DSD_SHA@DF_SHA(1.1),Health expenditure and financing,I,KOR,Korea,A,Annual,EXP_HEALTH,Expenditure,PT_B1GQ,Percentage of GDP,HF1,Government/compulsory schemes,_Z,Not application,_T,Total,_T,Total,_T,Total,_Z,Not applicable,_Z,Not applicable,_Z,Not applicable,2021,,5.175,,,,,,,,,,,,0,Units,1,One
DATAFLOW,OECD.ELS.HD:DSD_SHA@DF_SHA(1.1),Health expenditure and financing,I,KOR,Korea,A,Annual,EXP_HEALTH,Expenditure,PT_B1GQ,Percentage of GDP,HF1,Government/compulsory schemes,_Z,Not application,_T,Total,_T,Total,_T,Total,_Z,Not applicable,_Z,Not applicable,_Z,Not applicable,2022,,5.621,,,,,,,,,,,,0,Units,1,One
DATAFLOW,OECD.ELS.HD:DSD_SHA@DF_SHA(1.1),Health expenditure and financing,I,KOR,Korea,A,Annual,EXP_HEALTH,Expenditure,PT_B1GQ,Percentage of GDP,HF1,Government/compulsory schemes,_Z,Not application,_T,Total,_T,Total,_T,Total,_Z,Not applicable,_Z,Not applicable,_Z,Not applicable,2023,,5.103,,,,,,,,,,,,0,Units,1,One
DATAFLOW,OECD.ELS.HD:DSD_SHA@DF_SHA(1.1),Health expenditure and financing,I,KOR,Korea,A,Annual,EXP_HEALTH,Expenditure,PT_B1GQ,Percentage of GDP,HF1,Government/compulsory schemes,_Z,Not application,_T,Total,_T,Total,_T,Total,_Z,Not applicable,_Z,Not applicable,_Z,Not applicable,2024,,5.06,,,,,,,,,,,,0,Units,1,One
DATAFLOW,OECD.ELS.HD:DSD_SHA@DF_SHA(1.1),Health expenditure and financing,I,KOR,Korea,A,Annual,EXP_HEALTH,Expenditure,PT_B1GQ,Percentage of GDP,HF2HF3,Voluntary schemes/household out-of-pocket payments,_Z,Not application,_T,Total,_T,Total,_T,Total,_Z,Not applicable,_Z,Not applicable,_Z,Not applicable,2015,,2.856,,,,,,,,,,,,0,Units,1,One
DATAFLOW,OECD.ELS.HD:DSD_SHA@DF_SHA(1.1),Health expenditure and financing,I,KOR,Korea,A,Annual,EXP_HEALTH,Expenditure,PT_B1GQ,Percentage of GDP,HF2HF3,Voluntary schemes/household out-of-pocket payments,_Z,Not application,_T,Total,_T,Total,_T,Total,_Z,Not applicable,_Z,Not applicable,_Z,Not applicable,2016,,2.884,,,,,,,,,,,,0,Units,1,One
DATAFLOW,OECD.ELS.HD:DSD_SHA@DF_SHA(1.1),Health expenditure and financing,I,KOR,Korea,A,Annual,EXP_HEALTH,Expenditure,PT_B1GQ,Percentage of GDP,HF2HF3,Voluntary schemes/household out-of-pocket payments,_Z,Not application,_T,Total,_T,Total,_T,Total,_Z,Not applicable,_Z,Not applicable,_Z,Not applicable,2017,,2.909,,,,,,,,,,,,0,Units,1,One
DATAFLOW,OECD.ELS.HD:DSD_SHA@DF_SHA(1.1),Health expenditure and financing,I,KOR,Korea,A,Annual,EXP_HEALTH,Expenditure,PT_B1GQ,Percentage of GDP,HF2HF3,Voluntary schemes/household out-of-pocket payments,_Z,Not application,_T,Total,_T,Total,_T,Total,_Z,Not applicable,_Z,Not applicable,_Z,Not applicable,2018,,3,,,,,,,,,,,,0,Units,1,One
DATAFLOW,OECD.ELS.HD:DSD_SHA@DF_SHA(1.1),Health expenditure and financing,I,KOR,Korea,A,Annual,EXP_HEALTH,Expenditure,PT_B1GQ,Percentage of GDP,HF2HF3,Voluntary schemes/household out-of-pocket payments,_Z,Not application,_T,Total,_T,Total,_T,Total,_Z,Not applicable,_Z,Not applicable,_Z,Not applicable,2019,,3.145,,,,,,,,,,,,0,Units,1,One
DATAFLOW,OECD.ELS.HD:DSD_SHA@DF_SHA(1.1),Health expenditure and financing,I,KOR,Korea,A,Annual,EXP_HEALTH,Expenditure,PT_B1GQ,Percentage of GDP,HF2HF3,Voluntary schemes/household out-of-pocket payments,_Z,Not application,_T,Total,_T,Total,_T,Total,_Z,Not applicable,_Z,Not applicable,_Z,Not applicable,2020,,3.236,,,,,,,,,,,,0,Units,1,One
DATAFLOW,OECD.ELS.HD:DSD_SHA@DF_SHA(1.1),Health expenditure and financing,I,KOR,Korea,A,Annual,EXP_HEALTH,Expenditure,PT_B1GQ,Percentage of GDP,HF2HF3,Voluntary schemes/household out-of-pocket payments,_Z,Not application,_T,Total,_T,Total,_T,Total,_Z,Not applicable,_Z,Not applicable,_Z,Not applicable,2021,,3.152,,,,,,,,,,,,0,Units,1,One
DATAFLOW,OECD.ELS.HD:DSD_SHA@DF_SHA(1.1),Health expenditure and financing,I,KOR,Korea,A,Annual,EXP_HEALTH,Expenditure,PT_B1GQ,Percentage of GDP,HF2HF3,Voluntary schemes/household out-of-pocket payments,_Z,Not application,_T,Total,_T,Total,_T,Total,_Z,Not applicable,_Z,Not applicable,_Z,Not applicable,2022,,3.221,,,,,,,,,,,,0,Units,1,One
DATAFLOW,OECD.ELS.HD:DSD_SHA@DF_SHA(1.1),Health expenditure and financing,I,KOR,Korea,A,Annual,EXP_HEALTH,Expenditure,PT_B1GQ,Percentage of GDP,HF2HF3,Voluntary schemes/household out-of-pocket payments,_Z,Not application,_T,Total,_T,Total,_T,Total,_Z,Not applicable,_Z,Not applicable,_Z,Not applicable,2023,,3.343,,,,,,,,,,,,0,Units,1,One
DATAFLOW,OECD.ELS.HD:DSD_SHA@DF_SHA(1.1),Health expenditure and financing,I,KOR,Korea,A,Annual,EXP_HEALTH,Expenditure,PT_B1GQ,Percentage of GDP,HF2HF3,Voluntary schemes/household out-of-pocket payments,_Z,Not application,_T,Total,_T,Total,_T,Total,_Z,Not applicable,_Z,Not applicable,_Z,Not applicable,2024,,3.402,,,,,,,,,,,,0,Units,1,One
DATAFLOW,OECD.ELS.HD:DSD_SHA@DF_SHA(1.1),Health expenditure and financing,I,KOR,Korea,A,Annual,EXP_HEALTH,Expenditure,USD_PPP_PS,"US dollars per person, PPP converted",HF2HF3,Voluntary schemes/household out-of-pocket payments,_Z,Not application,_T,Total,_T,Total,_T,Total,_Z,Not applicable,_Z,Not applicable,V,Current prices,2015,,1122.18,,,,,,,,,,,,0,Units,1,One
DATAFLOW,OECD.ELS.HD:DSD_SHA@DF_SHA(1.1),Health expenditure and financing,I,KOR,Korea,A,Annual,EXP_HEALTH,Expenditure,USD_PPP_PS,"US dollars per person, PPP converted",HF2HF3,Voluntary schemes/household out-of-pocket payments,_Z,Not application,_T,Total,_T,Total,_T,Total,_Z,Not applicable,_Z,Not applicable,V,Current prices,2016,,1169.581,,,,,,,,,,,,0,Units,1,One
DATAFLOW,OECD.ELS.HD:DSD_SHA@DF_SHA(1.1),Health expenditure and financing,I,KOR,Korea,A,Annual,EXP_HEALTH,Expenditure,USD_PPP_PS,"US dollars per person, PPP converted",HF2HF3,Voluntary schemes/household out-of-pocket payments,_Z,Not application,_T,Total,_T,Total,_T,Total,_Z,Not applicable,_Z,Not applicable,V,Current prices,2017,,1212.236,,,,,,,,,,,,0,Units,1,One
DATAFLOW,OECD.ELS.HD:DSD_SHA@DF_SHA(1.1),Health expenditure and financing,I,KOR,Korea,A,Annual,EXP_HEALTH,Expenditure,USD_PPP_PS,"US dollars per person, PPP converted",HF2HF3,Voluntary schemes/household out-of-pocket payments,_Z,Not application,_T,Total,_T,Total,_T,Total,_Z,Not applicable,_Z,Not applicable,V,Current prices,2018,,1298.466,,,,,,,,,,,,0,Units,1,One
DATAFLOW,OECD.ELS.HD:DSD_SHA@DF_SHA(1.1),Health expenditure and financing,I,KOR,Korea,A,Annual,EXP_HEALTH,Expenditure,USD_PPP_PS,"US dollars per person, PPP converted",HF2HF3,Voluntary schemes/household out-of-pocket payments,_Z,Not application,_T,Total,_T,Total,_T,Total,_Z,Not applicable,_Z,Not applicable,V,Current prices,2019,,1379.815,,,,,,,,,,,,0,Units,1,One
DATAFLOW,OECD.ELS.HD:DSD_SHA@DF_SHA(1.1),Health expenditure and financing,I,KOR,Korea,A,Annual,EXP_HEALTH,Expenditure,USD_PPP_PS,"US dollars per person, PPP converted",HF2HF3,Voluntary schemes/household out-of-pocket payments,_Z,Not application,_T,Total,_T,Total,_T,Total,_Z,Not applicable,_Z,Not applicable,V,Current prices,2020,,1458.821,,,,,,,,,,,,0,Units,1,One
DATAFLOW,OECD.ELS.HD:DSD_SHA@DF_SHA(1.1),Health expenditure and financing,I,KOR,Korea,A,Annual,EXP_HEALTH,Expenditure,USD_PPP_PS,"US dollars per person, PPP converted",HF2HF3,Voluntary schemes/household out-of-pocket payments,_Z,Not application,_T,Total,_T,Total,_T,Total,_Z,Not applicable,_Z,Not applicable,V,Current prices,2021,,1554.448,,,,,,,,,,,,0,Units,1,One
DATAFLOW,OECD.ELS.HD:DSD_SHA@DF_SHA(1.1),Health expenditure and financing,I,KOR,Korea,A,Annual,EXP_HEALTH,Expenditure,USD_PPP_PS,"US dollars per person, PPP converted",HF2HF3,Voluntary schemes/household out-of-pocket payments,_Z,Not application,_T,Total,_T,Total,_T,Total,_Z,Not applicable,_Z,Not applicable,V,Current prices,2022,,1717.54,,,,,,,,,,,,0,Units,1,One
DATAFLOW,OECD.ELS.HD:DSD_SHA@DF_SHA(1.1),Health expenditure and financing,I,KOR,Korea,A,Annual,EXP_HEALTH,Expenditure,USD_PPP_PS,"US dollars per person, PPP converted",HF2HF3,Voluntary schemes/household out-of-pocket payments,_Z,Not application,_T,Total,_T,Total,_T,Total,_Z,Not applicable,_Z,Not applicable,V,Current prices,2023,,1882.583,,,,,,,,,,,,0,Units,1,One
DATAFLOW,OECD.ELS.HD:DSD_SHA@DF_SHA(1.1),Health expenditure and financing,I,KOR,Korea,A,Annual,EXP_HEALTH,Expenditure,USD_PPP_PS,"US dollars per person, PPP converted",HF2HF3,Voluntary schemes/household out-of-pocket payments,_Z,Not application,_T,Total,_T,Total,_T,Total,_Z,Not applicable,_Z,Not applicable,V,Current prices,2024,,2049.728,,,,,,,,,,,,0,Units,1,One
DATAFLOW,OECD.ELS.HD:DSD_SHA@DF_SHA(1.1),Health expenditure and financing,I,KOR,Korea,A,Annual,EXP_HEALTH,Expenditure,USD_PPP_PS,"US dollars per person, PPP converted",HF1,Government/compulsory schemes,_Z,Not application,_T,Total,_T,Total,_T,Total,_Z,Not applicable,_Z,Not applicable,V,Current prices,2015,,1416.109,,,,,,,,,,,,0,Units,1,One
DATAFLOW,OECD.ELS.HD:DSD_SHA@DF_SHA(1.1),Health expenditure and financing,I,KOR,Korea,A,Annual,EXP_HEALTH,Expenditure,USD_PPP_PS,"US dollars per person, PPP converted",HF1,Government/compulsory schemes,_Z,Not application,_T,Total,_T,Total,_T,Total,_Z,Not applicable,_Z,Not applicable,V,Current prices,2016,,1520.214,,,,,,,,,,,,0,Units,1,One
DATAFLOW,OECD.ELS.HD:DSD_SHA@DF_SHA(1.1),Health expenditure and financing,I,KOR,Korea,A,Annual,EXP_HEALTH,Expenditure,USD_PPP_PS,"US dollars per person, PPP converted",HF1,Government/compulsory schemes,_Z,Not application,_T,Total,_T,Total,_T,Total,_Z,Not applicable,_Z,Not applicable,V,Current prices,2017,,1619.818,,,,,,,,,,,,0,Units,1,One
DATAFLOW,OECD.ELS.HD:DSD_SHA@DF_SHA(1.1),Health expenditure and financing,I,KOR,Korea,A,Annual,EXP_HEALTH,Expenditure,USD_PPP_PS,"US dollars per person, PPP converted",HF1,Government/compulsory schemes,_Z,Not application,_T,Total,_T,Total,_T,Total,_Z,Not applicable,_Z,Not applicable,V,Current prices,2018,,1792.528,,,,,,,,,,,,0,Units,1,One
DATAFLOW,OECD.ELS.HD:DSD_SHA@DF_SHA(1.1),Health expenditure and financing,I,KOR,Korea,A,Annual,EXP_HEALTH,Expenditure,USD_PPP_PS,"US dollars per person, PPP converted",HF1,Government/compulsory schemes,_Z,Not application,_T,Total,_T,Total,_T,Total,_Z,Not applicable,_Z,Not applicable,V,Current prices,2019,,1994.987,,,,,,,,,,,,0,Units,1,One
DATAFLOW,OECD.ELS.HD:DSD_SHA@DF_SHA(1.1),Health expenditure and financing,I,KOR,Korea,A,Annual,EXP_HEALTH,Expenditure,USD_PPP_PS,"US dollars per person, PPP converted",HF1,Government/compulsory schemes,_Z,Not application,_T,Total,_T,Total,_T,Total,_Z,Not applicable,_Z,Not applicable,V,Current prices,2020,,2159.257,,,,,,,,,,,,0,Units,1,One
DATAFLOW,OECD.ELS.HD:DSD_SHA@DF_SHA(1.1),Health expenditure and financing,I,KOR,Korea,A,Annual,EXP_HEALTH,Expenditure,USD_PPP_PS,"US dollars per person, PPP converted",HF1,Government/compulsory schemes,_Z,Not application,_T,Total,_T,Total,_T,Total,_Z,Not applicable,_Z,Not applicable,V,Current prices,2021,,2551.977,,,,,,,,,,,,0,Units,1,One
DATAFLOW,OECD.ELS.HD:DSD_SHA@DF_SHA(1.1),Health expenditure and financing,I,KOR,Korea,A,Annual,EXP_HEALTH,Expenditure,USD_PPP_PS,"US dollars per person, PPP converted",HF1,Government/compulsory schemes,_Z,Not application,_T,Total,_T,Total,_T,Total,_Z,Not applicable,_Z,Not applicable,V,Current prices,2022,,2997.231,,,,,,,,,,,,0,Units,1,One
DATAFLOW,OECD.ELS.HD:DSD_SHA@DF_SHA(1.1),Health expenditure and financing,I,KOR,Korea,A,Annual,EXP_HEALTH,Expenditure,USD_PPP_PS,"US dollars per person, PPP converted",HF1,Government/compulsory schemes,_Z,Not application,_T,Total,_T,Total,_T,Total,_Z,Not applicable,_Z,Not applicable,V,Current prices,2023,,2873.967,,,,,,,,,,,,0,Units,1,One
DATAFLOW,OECD.ELS.HD:DSD_SHA@DF_SHA(1.1),Health expenditure and financing,I,KOR,Korea,A,Annual,EXP_HEALTH,Expenditure,USD_PPP_PS,"US dollars per person, PPP converted",HF1,Government/compulsory schemes,_Z,Not application,_T,Total,_T,Total,_T,Total,_Z,Not applicable,_Z,Not applicable,V,Current prices,2024,,3048.971,,,,,,,,,,,,0,Units,1,One
DATAFLOW,OECD.ELS.HD:DSD_SHA@DF_SHA(1.1),Health expenditure and financing,I,KOR,Korea,A,Annual,EXP_HEALTH,Expenditure,USD_PPP_PS,"US dollars per person, PPP converted",_T,Total,_Z,Not application,_T,Total,_T,Total,_T,Total,_Z,Not applicable,_Z,Not applicable,V,Current prices,2015,,2538.289,,,,,,,,,,,,0,Units,1,One
DATAFLOW,OECD.ELS.HD:DSD_SHA@DF_SHA(1.1),Health expenditure and financing,I,KOR,Korea,A,Annual,EXP_HEALTH,Expenditure,USD_PPP_PS,"US dollars per person, PPP converted",_T,Total,_Z,Not application,_T,Total,_T,Total,_T,Total,_Z,Not applicable,_Z,Not applicable,V,Current prices,2016,,2689.795,,,,,,,,,,,,0,Units,1,One
DATAFLOW,OECD.ELS.HD:DSD_SHA@DF_SHA(1.1),Health expenditure and financing,I,KOR,Korea,A,Annual,EXP_HEALTH,Expenditure,USD_PPP_PS,"US dollars per person, PPP converted",_T,Total,_Z,Not application,_T,Total,_T,Total,_T,Total,_Z,Not applicable,_Z,Not applicable,V,Current prices,2017,,2832.054,,,,,,,,,,,,0,Units,1,One
DATAFLOW,OECD.ELS.HD:DSD_SHA@DF_SHA(1.1),Health expenditure and financing,I,KOR,Korea,A,Annual,EXP_HEALTH,Expenditure,USD_PPP_PS,"US dollars per person, PPP converted",_T,Total,_Z,Not application,_T,Total,_T,Total,_T,Total,_Z,Not applicable,_Z,Not applicable,V,Current prices,2018,,3090.994,,,,,,,,,,,,0,Units,1,One
DATAFLOW,OECD.ELS.HD:DSD_SHA@DF_SHA(1.1),Health expenditure and financing,I,KOR,Korea,A,Annual,EXP_HEALTH,Expenditure,USD_PPP_PS,"US dollars per person, PPP converted",_T,Total,_Z,Not application,_T,Total,_T,Total,_T,Total,_Z,Not applicable,_Z,Not applicable,V,Current prices,2019,,3374.802,,,,,,,,,,,,0,Units,1,One
DATAFLOW,OECD.ELS.HD:DSD_SHA@DF_SHA(1.1),Health expenditure and financing,I,KOR,Korea,A,Annual,EXP_HEALTH,Expenditure,USD_PPP_PS,"US dollars per person, PPP converted",_T,Total,_Z,Not application,_T,Total,_T,Total,_T,Total,_Z,Not applicable,_Z,Not applicable,V,Current prices,2020,,3618.078,,,,,,,,,,,,0,Units,1,One
DATAFLOW,OECD.ELS.HD:DSD_SHA@DF_SHA(1.1),Health expenditure and financing,I,KOR,Korea,A,Annual,EXP_HEALTH,Expenditure,USD_PPP_PS,"US dollars per person, PPP converted",_T,Total,_Z,Not application,_T,Total,_T,Total,_T,Total,_Z,Not applicable,_Z,Not applicable,V,Current prices,2021,,4106.425,,,,,,,,,,,,0,Units,1,One
DATAFLOW,OECD.ELS.HD:DSD_SHA@DF_SHA(1.1),Health expenditure and financing,I,KOR,Korea,A,Annual,EXP_HEALTH,Expenditure,USD_PPP_PS,"US dollars per person, PPP converted",_T,Total,_Z,Not application,_T,Total,_T,Total,_T,Total,_Z,Not applicable,_Z,Not applicable,V,Current prices,2022,,4714.771,,,,,,,,,,,,0,Units,1,One
DATAFLOW,OECD.ELS.HD:DSD_SHA@DF_SHA(1.1),Health expenditure and financing,I,KOR,Korea,A,Annual,EXP_HEALTH,Expenditure,USD_PPP_PS,"US dollars per person, PPP converted",_T,Total,_Z,Not application,_T,Total,_T,Total,_T,Total,_Z,Not applicable,_Z,Not applicable,V,Current prices,2023,,4756.55,,,,,,,,,,,,0,Units,1,One
DATAFLOW,OECD.ELS.HD:DSD_SHA@DF_SHA(1.1),Health expenditure and financing,I,KOR,Korea,A,Annual,EXP_HEALTH,Expenditure,USD_PPP_PS,"US dollars per person, PPP converted",_T,Total,_Z,Not application,_T,Total,_T,Total,_T,Total,_Z,Not applicable,_Z,Not applicable,V,Current prices,2024,,5098.699,,,,,,,,,,,,0,Units,1,One
DATAFLOW,OECD.ELS.HD:DSD_SHA@DF_SHA(1.1),Health expenditure and financing,I,CAN,Canada,A,Annual,EXP_HEALTH,Expenditure,USD_PPP_PS,"US dollars per person, PPP converted",_T,Total,_Z,Not application,_T,Total,_T,Total,_T,Total,_Z,Not applicable,_Z,Not applicable,V,Current prices,2020,,6195.885,,,,,,D,Definition differs,,,,,0,Units,1,One
DATAFLOW,OECD.ELS.HD:DSD_SHA@DF_SHA(1.1),Health expenditure and financing,I,CAN,Canada,A,Annual,EXP_HEALTH,Expenditure,PT_B1GQ,Percentage of GDP,_T,Total,_Z,Not application,_T,Total,_T,Total,_T,Total,_Z,Not applicable,_Z,Not applicable,_Z,Not applicable,2020,,12.991,,,,,,D,Definition differs,,,,,0,Units,1,One
DATAFLOW,OECD.ELS.HD:DSD_SHA@DF_SHA(1.1),Health expenditure and financing,I,CAN,Canada,A,Annual,EXP_HEALTH,Expenditure,USD_PPP_PS,"US dollars per person, PPP converted",_T,Total,_Z,Not application,_T,Total,_T,Total,_T,Total,_Z,Not applicable,_Z,Not applicable,Q,Constant prices,2020,,6195.885,,2020,,,,D,Definition differs,,,,,0,Units,1,One
DATAFLOW,OECD.ELS.HD:DSD_SHA@DF_SHA(1.1),Health expenditure and financing,I,CAN,Canada,A,Annual,EXP_HEALTH,Expenditure,USD_PPP_PS,"US dollars per person, PPP converted",_T,Total,_Z,Not application,_T,Total,_T,Total,_T,Total,_Z,Not applicable,_Z,Not applicable,Q,Constant prices,2021,,6524.261,,2020,,,,D,Definition differs,,,,,0,Units,1,One
DATAFLOW,OECD.ELS.HD:DSD_SHA@DF_SHA(1.1),Health expenditure and financing,I,CAN,Canada,A,Annual,EXP_HEALTH,Expenditure,PT_B1GQ,Percentage of GDP,_T,Total,_Z,Not application,_T,Total,_T,Total,_T,Total,_Z,Not applicable,_Z,Not applicable,_Z,Not applicable,2021,,12.366,,,,,,D,Definition differs,,,,,0,Units,1,One
DATAFLOW,OECD.ELS.HD:DSD_SHA@DF_SHA(1.1),Health expenditure and financing,I,CAN,Canada,A,Annual,EXP_HEALTH,Expenditure,USD_PPP_PS,"US dollars per person, PPP converted",_T,Total,_Z,Not application,_T,Total,_T,Total,_T,Total,_Z,Not applicable,_Z,Not applicable,V,Current prices,2021,,6896.98,,,,,,D,Definition differs,,,,,0,Units,1,One
DATAFLOW,OECD.ELS.HD:DSD_SHA@DF_SHA(1.1),Health expenditure and financing,I,FRA,France,A,Annual,EXP_HEALTH,Expenditure,USD_PPP_PS,"US dollars per person, PPP converted",HF2HF3,Voluntary schemes/household out-of-pocket payments,_Z,Not application,_T,Total,_T,Total,_T,Total,_Z,Not applicable,_Z,Not applicable,Q,Constant prices,2015,,1417.443,,2020,,,,,,,,,,0,Units,1,One
DATAFLOW,OECD.ELS.HD:DSD_SHA@DF_SHA(1.1),Health expenditure and financing,I,FRA,France,A,Annual,EXP_HEALTH,Expenditure,USD_PPP_PS,"US dollars per person, PPP converted",_T,Total,_Z,Not application,_T,Total,_T,Total,_T,Total,_Z,Not applicable,_Z,Not applicable,Q,Constant prices,2015,,5601.869,,2020,,,,,,,,,,0,Units,1,One
DATAFLOW,OECD.ELS.HD:DSD_SHA@DF_SHA(1.1),Health expenditure and financing,I,FRA,France,A,Annual,EXP_HEALTH,Expenditure,USD_PPP_PS,"US dollars per person, PPP converted",HF1,Government/compulsory schemes,_Z,Not application,_T,Total,_T,Total,_T,Total,_Z,Not applicable,_Z,Not applicable,Q,Constant prices,2015,,4184.425,,2020,,,,,,,,,,0,Units,1,One
DATAFLOW,OECD.ELS.HD:DSD_SHA@DF_SHA(1.1),Health expenditure and financing,I,FRA,France,A,Annual,EXP_HEALTH,Expenditure,USD_PPP_PS,"US dollars per person, PPP converted",HF1,Government/compulsory schemes,_Z,Not application,_T,Total,_T,Total,_T,Total,_Z,Not applicable,_Z,Not applicable,Q,Constant prices,2016,,4612.335,,2020,,,,,,,,,,0,Units,1,One
DATAFLOW,OECD.ELS.HD:DSD_SHA@DF_SHA(1.1),Health expenditure and financing,I,FRA,France,A,Annual,EXP_HEALTH,Expenditure,USD_PPP_PS,"US dollars per person, PPP converted",_T,Total,_Z,Not application,_T,Total,_T,Total,_T,Total,_Z,Not applicable,_Z,Not applicable,Q,Constant prices,2016,,5690.706,,2020,,,,,,,,,,0,Units,1,One
DATAFLOW,OECD.ELS.HD:DSD_SHA@DF_SHA(1.1),Health expenditure and financing,I,FRA,France,A,Annual,EXP_HEALTH,Expenditure,USD_PPP_PS,"US dollars per person, PPP converted",HF2HF3,Voluntary schemes/household out-of-pocket payments,_Z,Not application,_T,Total,_T,Total,_T,Total,_Z,Not applicable,_Z,Not applicable,Q,Constant prices,2016,,1078.371,,2020,,,,,,,,,,0,Units,1,One
DATAFLOW,OECD.ELS.HD:DSD_SHA@DF_SHA(1.1),Health expenditure and financing,I,CAN,Canada,A,Annual,EXP_HEALTH,Expenditure,USD_PPP_PS,"US dollars per person, PPP converted",_T,Total,_Z,Not application,_T,Total,_T,Total,_T,Total,_Z,Not applicable,_Z,Not applicable,Q,Constant prices,2019,,5627.916,,2020,,,,,,,,,,0,Units,1,One
DATAFLOW,OECD.ELS.HD:DSD_SHA@DF_SHA(1.1),Health expenditure and financing,I,CAN,Canada,A,Annual,EXP_HEALTH,Expenditure,USD_PPP_PS,"US dollars per person, PPP converted",HF1,Government/compulsory schemes,_Z,Not application,_T,Total,_T,Total,_T,Total,_Z,Not applicable,_Z,Not applicable,Q,Constant prices,2019,,3910.981,,2020,,,,,,,,,,0,Units,1,One
DATAFLOW,OECD.ELS.HD:DSD_SHA@DF_SHA(1.1),Health expenditure and financing,I,CAN,Canada,A,Annual,EXP_HEALTH,Expenditure,USD_PPP_PS,"US dollars per person, PPP converted",HF2HF3,Voluntary schemes/household out-of-pocket payments,_Z,Not application,_T,Total,_T,Total,_T,Total,_Z,Not applicable,_Z,Not applicable,Q,Constant prices,2019,,1716.935,,2020,,,,,,,,,,0,Units,1,One
DATAFLOW,OECD.ELS.HD:DSD_SHA@DF_SHA(1.1),Health expenditure and financing,I,CAN,Canada,A,Annual,EXP_HEALTH,Expenditure,USD_PPP_PS,"US dollars per person, PPP converted",HF2HF3,Voluntary schemes/household out-of-pocket payments,_Z,Not application,_T,Total,_T,Total,_T,Total,_Z,Not applicable,_Z,Not applicable,Q,Constant prices,2020,,1621.083,,2020,,,,,,,,,,0,Units,1,One
DATAFLOW,OECD.ELS.HD:DSD_SHA@DF_SHA(1.1),Health expenditure and financing,I,CAN,Canada,A,Annual,EXP_HEALTH,Expenditure,USD_PPP_PS,"US dollars per person, PPP converted",HF1,Government/compulsory schemes,_Z,Not application,_T,Total,_T,Total,_T,Total,_Z,Not applicable,_Z,Not applicable,Q,Constant prices,2020,,4574.802,,2020,,,,,,,,,,0,Units,1,One
DATAFLOW,OECD.ELS.HD:DSD_SHA@DF_SHA(1.1),Health expenditure and financing,I,CAN,Canada,A,Annual,EXP_HEALTH,Expenditure,USD_PPP_PS,"US dollars per person, PPP converted",HF1,Government/compulsory schemes,_Z,Not application,_T,Total,_T,Total,_T,Total,_Z,Not applicable,_Z,Not applicable,Q,Constant prices,2021,,4740.059,,2020,,,,,,,,,,0,Units,1,One
DATAFLOW,OECD.ELS.HD:DSD_SHA@DF_SHA(1.1),Health expenditure and financing,I,CAN,Canada,A,Annual,EXP_HEALTH,Expenditure,USD_PPP_PS,"US dollars per person, PPP converted",HF2HF3,Voluntary schemes/household out-of-pocket payments,_Z,Not application,_T,Total,_T,Total,_T,Total,_Z,Not applicable,_Z,Not applicable,Q,Constant prices,2018,,1691.342,,2020,,,,,,,,,,0,Units,1,One
DATAFLOW,OECD.ELS.HD:DSD_SHA@DF_SHA(1.1),Health expenditure and financing,I,CAN,Canada,A,Annual,EXP_HEALTH,Expenditure,USD_PPP_PS,"US dollars per person, PPP converted",HF1,Government/compulsory schemes,_Z,Not application,_T,Total,_T,Total,_T,Total,_Z,Not applicable,_Z,Not applicable,Q,Constant prices,2018,,3864.461,,2020,,,,,,,,,,0,Units,1,One
DATAFLOW,OECD.ELS.HD:DSD_SHA@DF_SHA(1.1),Health expenditure and financing,I,CAN,Canada,A,Annual,EXP_HEALTH,Expenditure,USD_PPP_PS,"US dollars per person, PPP converted",_T,Total,_Z,Not application,_T,Total,_T,Total,_T,Total,_Z,Not applicable,_Z,Not applicable,Q,Constant prices,2018,,5555.804,,2020,,,,,,,,,,0,Units,1,One
DATAFLOW,OECD.ELS.HD:DSD_SHA@DF_SHA(1.1),Health expenditure and financing,I,CAN,Canada,A,Annual,EXP_HEALTH,Expenditure,USD_PPP_PS,"US dollars per person, PPP converted",_T,Total,_Z,Not application,_T,Total,_T,Total,_T,Total,_Z,Not applicable,_Z,Not applicable,Q,Constant prices,2017,,5493.645,,2020,,,,,,,,,,0,Units,1,One
DATAFLOW,OECD.ELS.HD:DSD_SHA@DF_SHA(1.1),Health expenditure and financing,I,CAN,Canada,A,Annual,EXP_HEALTH,Expenditure,USD_PPP_PS,"US dollars per person, PPP converted",HF1,Government/compulsory schemes,_Z,Not application,_T,Total,_T,Total,_T,Total,_Z,Not applicable,_Z,Not applicable,Q,Constant prices,2017,,3811.664,,2020,,,,,,,,,,0,Units,1,One
DATAFLOW,OECD.ELS.HD:DSD_SHA@DF_SHA(1.1),Health expenditure and financing,I,CAN,Canada,A,Annual,EXP_HEALTH,Expenditure,USD_PPP_PS,"US dollars per person, PPP converted",HF2HF3,Voluntary schemes/household out-of-pocket payments,_Z,Not application,_T,Total,_T,Total,_T,Total,_Z,Not applicable,_Z,Not applicable,Q,Constant prices,2017,,1681.982,,2020,,,,,,,,,,0,Units,1,One
DATAFLOW,OECD.ELS.HD:DSD_SHA@DF_SHA(1.1),Health expenditure and financing,I,CAN,Canada,A,Annual,EXP_HEALTH,Expenditure,PT_B1GQ,Percentage of GDP,HF2HF3,Voluntary schemes/household out-of-pocket payments,_Z,Not application,_T,Total,_T,Total,_T,Total,_Z,Not applicable,_Z,Not applicable,_Z,Not applicable,2016,,3.338,,,,,,,,,,,,0,Units,1,One
DATAFLOW,OECD.ELS.HD:DSD_SHA@DF_SHA(1.1),Health expenditure and financing,I,CAN,Canada,A,Annual,EXP_HEALTH,Expenditure,PT_B1GQ,Percentage of GDP,_T,Total,_Z,Not application,_T,Total,_T,Total,_T,Total,_Z,Not applicable,_Z,Not applicable,_Z,Not applicable,2016,,11.045,,,,,,,,,,,,0,Units,1,One
DATAFLOW,OECD.ELS.HD:DSD_SHA@DF_SHA(1.1),Health expenditure and financing,I,CAN,Canada,A,Annual,EXP_HEALTH,Expenditure,PT_B1GQ,Percentage of GDP,HF2HF3,Voluntary schemes/household out-of-pocket payments,_Z,Not application,_T,Total,_T,Total,_T,Total,_Z,Not applicable,_Z,Not applicable,_Z,Not applicable,2021,,3.382,,,,,,,,,,,,0,Units,1,One
DATAFLOW,OECD.ELS.HD:DSD_SHA@DF_SHA(1.1),Health expenditure and financing,I,CAN,Canada,A,Annual,EXP_HEALTH,Expenditure,PT_B1GQ,Percentage of GDP,HF1,Government/compulsory schemes,_Z,Not application,_T,Total,_T,Total,_T,Total,_Z,Not applicable,_Z,Not applicable,_Z,Not applicable,2021,,8.984,,,,,,,,,,,,0,Units,1,One
DATAFLOW,OECD.ELS.HD:DSD_SHA@DF_SHA(1.1),Health expenditure and financing,I,CAN,Canada,A,Annual,EXP_HEALTH,Expenditure,PT_B1GQ,Percentage of GDP,HF1,Government/compulsory schemes,_Z,Not application,_T,Total,_T,Total,_T,Total,_Z,Not applicable,_Z,Not applicable,_Z,Not applicable,2020,,9.592,,,,,,,,,,,,0,Units,1,One
DATAFLOW,OECD.ELS.HD:DSD_SHA@DF_SHA(1.1),Health expenditure and financing,I,CAN,Canada,A,Annual,EXP_HEALTH,Expenditure,PT_B1GQ,Percentage of GDP,HF2HF3,Voluntary schemes/household out-of-pocket payments,_Z,Not application,_T,Total,_T,Total,_T,Total,_Z,Not applicable,_Z,Not applicable,_Z,Not applicable,2020,,3.399,,,,,,,,,,,,0,Units,1,One
DATAFLOW,OECD.ELS.HD:DSD_SHA@DF_SHA(1.1),Health expenditure and financing,I,CAN,Canada,A,Annual,EXP_HEALTH,Expenditure,PT_B1GQ,Percentage of GDP,_T,Total,_Z,Not application,_T,Total,_T,Total,_T,Total,_Z,Not applicable,_Z,Not applicable,_Z,Not applicable,2019,,11.023,,,,,,,,,,,,0,Units,1,One
DATAFLOW,OECD.ELS.HD:DSD_SHA@DF_SHA(1.1),Health expenditure and financing,I,CAN,Canada,A,Annual,EXP_HEALTH,Expenditure,PT_B1GQ,Percentage of GDP,HF2HF3,Voluntary schemes/household out-of-pocket payments,_Z,Not application,_T,Total,_T,Total,_T,Total,_Z,Not applicable,_Z,Not applicable,_Z,Not applicable,2019,,3.363,,,,,,,,,,,,0,Units,1,One
DATAFLOW,OECD.ELS.HD:DSD_SHA@DF_SHA(1.1),Health expenditure and financing,I,CAN,Canada,A,Annual,EXP_HEALTH,Expenditure,PT_B1GQ,Percentage of GDP,HF1,Government/compulsory schemes,_Z,Not application,_T,Total,_T,Total,_T,Total,_Z,Not applicable,_Z,Not applicable,_Z,Not applicable,2019,,7.66,,,,,,,,,,,,0,Units,1,One
DATAFLOW,OECD.ELS.HD:DSD_SHA@DF_SHA(1.1),Health expenditure and financing,I,CAN,Canada,A,Annual,EXP_HEALTH,Expenditure,PT_B1GQ,Percentage of GDP,HF1,Government/compulsory schemes,_Z,Not application,_T,Total,_T,Total,_T,Total,_Z,Not applicable,_Z,Not applicable,_Z,Not applicable,2018,,7.582,,,,,,,,,,,,0,Units,1,One
DATAFLOW,OECD.ELS.HD:DSD_SHA@DF_SHA(1.1),Health expenditure and financing,I,CAN,Canada,A,Annual,EXP_HEALTH,Expenditure,PT_B1GQ,Percentage of GDP,HF2HF3,Voluntary schemes/household out-of-pocket payments,_Z,Not application,_T,Total,_T,Total,_T,Total,_Z,Not applicable,_Z,Not applicable,_Z,Not applicable,2018,,3.318,,,,,,,,,,,,0,Units,1,One
DATAFLOW,OECD.ELS.HD:DSD_SHA@DF_SHA(1.1),Health expenditure and financing,I,CAN,Canada,A,Annual,EXP_HEALTH,Expenditure,PT_B1GQ,Percentage of GDP,_T,Total,_Z,Not application,_T,Total,_T,Total,_T,Total,_Z,Not applicable,_Z,Not applicable,_Z,Not applicable,2018,,10.9,,,,,,,,,,,,0,Units,1,One
DATAFLOW,OECD.ELS.HD:DSD_SHA@DF_SHA(1.1),Health expenditure and financing,I,CAN,Canada,A,Annual,EXP_HEALTH,Expenditure,PT_B1GQ,Percentage of GDP,_T,Total,_Z,Not application,_T,Total,_T,Total,_T,Total,_Z,Not applicable,_Z,Not applicable,_Z,Not applicable,2017,,10.935,,,,,,,,,,,,0,Units,1,One
DATAFLOW,OECD.ELS.HD:DSD_SHA@DF_SHA(1.1),Health expenditure and financing,I,CAN,Canada,A,Annual,EXP_HEALTH,Expenditure,PT_B1GQ,Percentage of GDP,HF2HF3,Voluntary schemes/household out-of-pocket payments,_Z,Not application,_T,Total,_T,Total,_T,Total,_Z,Not applicable,_Z,Not applicable,_Z,Not applicable,2017,,3.348,,,,,,,,,,,,0,Units,1,One
DATAFLOW,OECD.ELS.HD:DSD_SHA@DF_SHA(1.1),Health expenditure and financing,I,CAN,Canada,A,Annual,EXP_HEALTH,Expenditure,PT_B1GQ,Percentage of GDP,HF1,Government/compulsory schemes,_Z,Not application,_T,Total,_T,Total,_T,Total,_Z,Not applicable,_Z,Not applicable,_Z,Not applicable,2017,,7.587,,,,,,,,,,,,0,Units,1,One
DATAFLOW,OECD.ELS.HD:DSD_SHA@DF_SHA(1.1),Health expenditure and financing,I,FRA,France,A,Annual,EXP_HEALTH,Expenditure,PT_B1GQ,Percentage of GDP,HF1,Government/compulsory schemes,_Z,Not application,_T,Total,_T,Total,_T,Total,_Z,Not applicable,_Z,Not applicable,_Z,Not applicable,2015,,8.425,,,,,,,,,,,,0,Units,1,One
DATAFLOW,OECD.ELS.HD:DSD_SHA@DF_SHA(1.1),Health expenditure and financing,I,FRA,France,A,Annual,EXP_HEALTH,Expenditure,PT_B1GQ,Percentage of GDP,_T,Total,_Z,Not application,_T,Total,_T,Total,_T,Total,_Z,Not applicable,_Z,Not applicable,_Z,Not applicable,2015,,11.279,,,,,,,,,,,,0,Units,1,One
DATAFLOW,OECD.ELS.HD:DSD_SHA@DF_SHA(1.1),Health expenditure and financing,I,FRA,France,A,Annual,EXP_HEALTH,Expenditure,PT_B1GQ,Percentage of GDP,HF2HF3,Voluntary schemes/household out-of-pocket payments,_Z,Not application,_T,Total,_T,Total,_T,Total,_Z,Not applicable,_Z,Not applicable,_Z,Not applicable,2015,,2.854,,,,,,,,,,,,0,Units,1,One
DATAFLOW,OECD.ELS.HD:DSD_SHA@DF_SHA(1.1),Health expenditure and financing,I,FRA,France,A,Annual,EXP_HEALTH,Expenditure,PT_B1GQ,Percentage of GDP,HF2HF3,Voluntary schemes/household out-of-pocket payments,_Z,Not application,_T,Total,_T,Total,_T,Total,_Z,Not applicable,_Z,Not applicable,_Z,Not applicable,2016,,2.15,,,,,,,,,,,,0,Units,1,One
DATAFLOW,OECD.ELS.HD:DSD_SHA@DF_SHA(1.1),Health expenditure and financing,I,FRA,France,A,Annual,EXP_HEALTH,Expenditure,USD_PPP_PS,"US dollars per person, PPP converted",_T,Total,_Z,Not application,_T,Total,_T,Total,_T,Total,_Z,Not applicable,_Z,Not applicable,V,Current prices,2015,,4607.219,,,,,,,,,,,,0,Units,1,One
DATAFLOW,OECD.ELS.HD:DSD_SHA@DF_SHA(1.1),Health expenditure and financing,I,FRA,France,A,Annual,EXP_HEALTH,Expenditure,USD_PPP_PS,"US dollars per person, PPP converted",HF1,Government/compulsory schemes,_Z,Not application,_T,Total,_T,Total,_T,Total,_Z,Not applicable,_Z,Not applicable,V,Current prices,2015,,3441.452,,,,,,,,,,,,0,Units,1,One
DATAFLOW,OECD.ELS.HD:DSD_SHA@DF_SHA(1.1),Health expenditure and financing,I,FRA,France,A,Annual,EXP_HEALTH,Expenditure,USD_PPP_PS,"US dollars per person, PPP converted",HF2HF3,Voluntary schemes/household out-of-pocket payments,_Z,Not application,_T,Total,_T,Total,_T,Total,_Z,Not applicable,_Z,Not applicable,V,Current prices,2015,,1165.767,,,,,,,,,,,,0,Units,1,One
DATAFLOW,OECD.ELS.HD:DSD_SHA@DF_SHA(1.1),Health expenditure and financing,I,FRA,France,A,Annual,EXP_HEALTH,Expenditure,USD_PPP_PS,"US dollars per person, PPP converted",HF2HF3,Voluntary schemes/household out-of-pocket payments,_Z,Not application,_T,Total,_T,Total,_T,Total,_Z,Not applicable,_Z,Not applicable,V,Current prices,2016,,921.575,,,,,,,,,,,,0,Units,1,One
DATAFLOW,OECD.ELS.HD:DSD_SHA@DF_SHA(1.1),Health expenditure and financing,I,FRA,France,A,Annual,EXP_HEALTH,Expenditure,USD_PPP_PS,"US dollars per person, PPP converted",HF1,Government/compulsory schemes,_Z,Not application,_T,Total,_T,Total,_T,Total,_Z,Not applicable,_Z,Not applicable,V,Current prices,2016,,3941.698,,,,,,,,,,,,0,Units,1,One
DATAFLOW,OECD.ELS.HD:DSD_SHA@DF_SHA(1.1),Health expenditure and financing,I,CAN,Canada,A,Annual,EXP_HEALTH,Expenditure,USD_PPP_PS,"US dollars per person, PPP converted",HF1,Government/compulsory schemes,_Z,Not application,_T,Total,_T,Total,_T,Total,_Z,Not applicable,_Z,Not applicable,V,Current prices,2019,,3749.089,,,,,,,,,,,,0,Units,1,One
DATAFLOW,OECD.ELS.HD:DSD_SHA@DF_SHA(1.1),Health expenditure and financing,I,CAN,Canada,A,Annual,EXP_HEALTH,Expenditure,USD_PPP_PS,"US dollars per person, PPP converted",_T,Total,_Z,Not application,_T,Total,_T,Total,_T,Total,_Z,Not applicable,_Z,Not applicable,V,Current prices,2019,,5394.953,,,,,,,,,,,,0,Units,1,One
DATAFLOW,OECD.ELS.HD:DSD_SHA@DF_SHA(1.1),Health expenditure and financing,I,CAN,Canada,A,Annual,EXP_HEALTH,Expenditure,USD_PPP_PS,"US dollars per person, PPP converted",HF2HF3,Voluntary schemes/household out-of-pocket payments,_Z,Not application,_T,Total,_T,Total,_T,Total,_Z,Not applicable,_Z,Not applicable,V,Current prices,2019,,1645.864,,,,,,,,,,,,0,Units,1,One
DATAFLOW,OECD.ELS.HD:DSD_SHA@DF_SHA(1.1),Health expenditure and financing,I,CAN,Canada,A,Annual,EXP_HEALTH,Expenditure,USD_PPP_PS,"US dollars per person, PPP converted",HF2HF3,Voluntary schemes/household out-of-pocket payments,_Z,Not application,_T,Total,_T,Total,_T,Total,_Z,Not applicable,_Z,Not applicable,V,Current prices,2020,,1621.083,,,,,,,,,,,,0,Units,1,One
DATAFLOW,OECD.ELS.HD:DSD_SHA@DF_SHA(1.1),Health expenditure and financing,I,CAN,Canada,A,Annual,EXP_HEALTH,Expenditure,USD_PPP_PS,"US dollars per person, PPP converted",HF1,Government/compulsory schemes,_Z,Not application,_T,Total,_T,Total,_T,Total,_Z,Not applicable,_Z,Not applicable,V,Current prices,2020,,4574.802,,,,,,,,,,,,0,Units,1,One
DATAFLOW,OECD.ELS.HD:DSD_SHA@DF_SHA(1.1),Health expenditure and financing,I,CAN,Canada,A,Annual,EXP_HEALTH,Expenditure,USD_PPP_PS,"US dollars per person, PPP converted",HF1,Government/compulsory schemes,_Z,Not application,_T,Total,_T,Total,_T,Total,_Z,Not applicable,_Z,Not applicable,V,Current prices,2021,,5010.85,,,,,,,,,,,,0,Units,1,One
DATAFLOW,OECD.ELS.HD:DSD_SHA@DF_SHA(1.1),Health expenditure and financing,I,CAN,Canada,A,Annual,EXP_HEALTH,Expenditure,USD_PPP_PS,"US dollars per person, PPP converted",HF1,Government/compulsory schemes,_Z,Not application,_T,Total,_T,Total,_T,Total,_Z,Not applicable,_Z,Not applicable,V,Current prices,2016,,3523.228,,,,,,,,,,,,0,Units,1,One
DATAFLOW,OECD.ELS.HD:DSD_SHA@DF_SHA(1.1),Health expenditure and financing,I,CAN,Canada,A,Annual,EXP_HEALTH,Expenditure,USD_PPP_PS,"US dollars per person, PPP converted",HF2HF3,Voluntary schemes/household out-of-pocket payments,_Z,Not application,_T,Total,_T,Total,_T,Total,_Z,Not applicable,_Z,Not applicable,V,Current prices,2018,,1623.706,,,,,,,,,,,,0,Units,1,One
DATAFLOW,OECD.ELS.HD:DSD_SHA@DF_SHA(1.1),Health expenditure and financing,I,CAN,Canada,A,Annual,EXP_HEALTH,Expenditure,USD_PPP_PS,"US dollars per person, PPP converted",_T,Total,_Z,Not application,_T,Total,_T,Total,_T,Total,_Z,Not applicable,_Z,Not applicable,V,Current prices,2018,,5333.631,,,,,,,,,,,,0,Units,1,One
DATAFLOW,OECD.ELS.HD:DSD_SHA@DF_SHA(1.1),Health expenditure and financing,I,CAN,Canada,A,Annual,EXP_HEALTH,Expenditure,USD_PPP_PS,"US dollars per person, PPP converted",HF1,Government/compulsory schemes,_Z,Not application,_T,Total,_T,Total,_T,Total,_Z,Not applicable,_Z,Not applicable,V,Current prices,2018,,3709.924,,,,,,,,,,,,0,Units,1,One
DATAFLOW,OECD.ELS.HD:DSD_SHA@DF_SHA(1.1),Health expenditure and financing,I,CAN,Canada,A,Annual,EXP_HEALTH,Expenditure,USD_PPP_PS,"US dollars per person, PPP converted",HF1,Government/compulsory schemes,_Z,Not application,_T,Total,_T,Total,_T,Total,_Z,Not applicable,_Z,Not applicable,V,Current prices,2017,,3597.569,,,,,,,,,,,,0,Units,1,One
DATAFLOW,OECD.ELS.HD:DSD_SHA@DF_SHA(1.1),Health expenditure and financing,I,CAN,Canada,A,Annual,EXP_HEALTH,Expenditure,USD_PPP_PS,"US dollars per person, PPP converted",_T,Total,_Z,Not application,_T,Total,_T,Total,_T,Total,_Z,Not applicable,_Z,Not applicable,V,Current prices,2017,,5185.076,,,,,,,,,,,,0,Units,1,One
DATAFLOW,OECD.ELS.HD:DSD_SHA@DF_SHA(1.1),Health expenditure and financing,I,CAN,Canada,A,Annual,EXP_HEALTH,Expenditure,USD_PPP_PS,"US dollars per person, PPP converted",HF2HF3,Voluntary schemes/household out-of-pocket payments,_Z,Not application,_T,Total,_T,Total,_T,Total,_Z,Not applicable,_Z,Not applicable,V,Current prices,2017,,1587.507,,,,,,,,,,,,0,Units,1,One
DATAFLOW,OECD.ELS.HD:DSD_SHA@DF_SHA(1.1),Health expenditure and financing,I,POL,Poland,A,Annual,EXP_HEALTH,Expenditure,USD_PPP_PS,"US dollars per person, PPP converted",_T,Total,_Z,Not application,_T,Total,_T,Total,_T,Total,_Z,Not applicable,_Z,Not applicable,Q,Constant prices,2016,,2182.693,,2020,,,,,,,,,,0,Units,1,One
DATAFLOW,OECD.ELS.HD:DSD_SHA@DF_SHA(1.1),Health expenditure and financing,I,POL,Poland,A,Annual,EXP_HEALTH,Expenditure,USD_PPP_PS,"US dollars per person, PPP converted",HF1,Government/compulsory schemes,_Z,Not application,_T,Total,_T,Total,_T,Total,_Z,Not applicable,_Z,Not applicable,Q,Constant prices,2016,,1513.064,,2020,,,,,,,,,,0,Units,1,One
DATAFLOW,OECD.ELS.HD:DSD_SHA@DF_SHA(1.1),Health expenditure and financing,I,POL,Poland,A,Annual,EXP_HEALTH,Expenditure,USD_PPP_PS,"US dollars per person, PPP converted",HF2HF3,Voluntary schemes/household out-of-pocket payments,_Z,Not application,_T,Total,_T,Total,_T,Total,_Z,Not applicable,_Z,Not applicable,Q,Constant prices,2016,,669.629,,2020,,,,,,,,,,0,Units,1,One
DATAFLOW,OECD.ELS.HD:DSD_SHA@DF_SHA(1.1),Health expenditure and financing,I,POL,Poland,A,Annual,EXP_HEALTH,Expenditure,USD_PPP_PS,"US dollars per person, PPP converted",HF2HF3,Voluntary schemes/household out-of-pocket payments,_Z,Not application,_T,Total,_T,Total,_T,Total,_Z,Not applicable,_Z,Not applicable,Q,Constant prices,2019,,704.759,,2020,,,,,,,,,,0,Units,1,One
DATAFLOW,OECD.ELS.HD:DSD_SHA@DF_SHA(1.1),Health expenditure and financing,I,POL,Poland,A,Annual,EXP_HEALTH,Expenditure,USD_PPP_PS,"US dollars per person, PPP converted",HF1,Government/compulsory schemes,_Z,Not application,_T,Total,_T,Total,_T,Total,_Z,Not applicable,_Z,Not applicable,Q,Constant prices,2019,,1792.341,,2020,,,,,,,,,,0,Units,1,One
DATAFLOW,OECD.ELS.HD:DSD_SHA@DF_SHA(1.1),Health expenditure and financing,I,POL,Poland,A,Annual,EXP_HEALTH,Expenditure,USD_PPP_PS,"US dollars per person, PPP converted",_T,Total,_Z,Not application,_T,Total,_T,Total,_T,Total,_Z,Not applicable,_Z,Not applicable,Q,Constant prices,2019,,2497.099,,2020,,,,,,,,,,0,Units,1,One
DATAFLOW,OECD.ELS.HD:DSD_SHA@DF_SHA(1.1),Health expenditure and financing,I,POL,Poland,A,Annual,EXP_HEALTH,Expenditure,USD_PPP_PS,"US dollars per person, PPP converted",_T,Total,_Z,Not application,_T,Total,_T,Total,_T,Total,_Z,Not applicable,_Z,Not applicable,Q,Constant prices,2020,,2510.275,,2020,,,,,,,,,,0,Units,1,One
DATAFLOW,OECD.ELS.HD:DSD_SHA@DF_SHA(1.1),Health expenditure and financing,I,POL,Poland,A,Annual,EXP_HEALTH,Expenditure,USD_PPP_PS,"US dollars per person, PPP converted",HF1,Government/compulsory schemes,_Z,Not application,_T,Total,_T,Total,_T,Total,_Z,Not applicable,_Z,Not applicable,Q,Constant prices,2020,,1814.073,,2020,,,,,,,,,,0,Units,1,One
DATAFLOW,OECD.ELS.HD:DSD_SHA@DF_SHA(1.1),Health expenditure and financing,I,POL,Poland,A,Annual,EXP_HEALTH,Expenditure,USD_PPP_PS,"US dollars per person, PPP converted",HF2HF3,Voluntary schemes/household out-of-pocket payments,_Z,Not application,_T,Total,_T,Total,_T,Total,_Z,Not applicable,_Z,Not applicable,Q,Constant prices,2020,,696.202,,2020,,,,,,,,,,0,Units,1,One
DATAFLOW,OECD.ELS.HD:DSD_SHA@DF_SHA(1.1),Health expenditure and financing,I,POL,Poland,A,Annual,EXP_HEALTH,Expenditure,USD_PPP_PS,"US dollars per person, PPP converted",HF2HF3,Voluntary schemes/household out-of-pocket payments,_Z,Not application,_T,Total,_T,Total,_T,Total,_Z,Not applicable,_Z,Not applicable,Q,Constant prices,2017,,704.648,,2020,,,,,,,,,,0,Units,1,One
DATAFLOW,OECD.ELS.HD:DSD_SHA@DF_SHA(1.1),Health expenditure and financing,I,POL,Poland,A,Annual,EXP_HEALTH,Expenditure,USD_PPP_PS,"US dollars per person, PPP converted",HF1,Government/compulsory schemes,_Z,Not application,_T,Total,_T,Total,_T,Total,_Z,Not applicable,_Z,Not applicable,Q,Constant prices,2017,,1589.718,,2020,,,,,,,,,,0,Units,1,One
DATAFLOW,OECD.ELS.HD:DSD_SHA@DF_SHA(1.1),Health expenditure and financing,I,POL,Poland,A,Annual,EXP_HEALTH,Expenditure,USD_PPP_PS,"US dollars per person, PPP converted",_T,Total,_Z,Not application,_T,Total,_T,Total,_T,Total,_Z,Not applicable,_Z,Not applicable,Q,Constant prices,2017,,2294.366,,2020,,,,,,,,,,0,Units,1,One
DATAFLOW,OECD.ELS.HD:DSD_SHA@DF_SHA(1.1),Health expenditure and financing,I,POL,Poland,A,Annual,EXP_HEALTH,Expenditure,USD_PPP_PS,"US dollars per person, PPP converted",HF2HF3,Voluntary schemes/household out-of-pocket payments,_Z,Not application,_T,Total,_T,Total,_T,Total,_Z,Not applicable,_Z,Not applicable,Q,Constant prices,2023,,700.978,,2020,,,,,,,,,,0,Units,1,One
DATAFLOW,OECD.ELS.HD:DSD_SHA@DF_SHA(1.1),Health expenditure and financing,I,POL,Poland,A,Annual,EXP_HEALTH,Expenditure,USD_PPP_PS,"US dollars per person, PPP converted",HF1,Government/compulsory schemes,_Z,Not application,_T,Total,_T,Total,_T,Total,_Z,Not applicable,_Z,Not applicable,Q,Constant prices,2023,,2423.915,,2020,,,,,,,,,,0,Units,1,One
DATAFLOW,OECD.ELS.HD:DSD_SHA@DF_SHA(1.1),Health expenditure and financing,I,POL,Poland,A,Annual,EXP_HEALTH,Expenditure,USD_PPP_PS,"US dollars per person, PPP converted",_T,Total,_Z,Not application,_T,Total,_T,Total,_T,Total,_Z,Not applicable,_Z,Not applicable,Q,Constant prices,2023,,3124.894,,2020,,,,,,,,,,0,Units,1,One
DATAFLOW,OECD.ELS.HD:DSD_SHA@DF_SHA(1.1),Health expenditure and financing,I,POL,Poland,A,Annual,EXP_HEALTH,Expenditure,USD_PPP_PS,"US dollars per person, PPP converted",_T,Total,_Z,Not application,_T,Total,_T,Total,_T,Total,_Z,Not applicable,_Z,Not applicable,Q,Constant prices,2022,,2881.891,,2020,,,,,,,,,,0,Units,1,One
DATAFLOW,OECD.ELS.HD:DSD_SHA@DF_SHA(1.1),Health expenditure and financing,I,POL,Poland,A,Annual,EXP_HEALTH,Expenditure,USD_PPP_PS,"US dollars per person, PPP converted",HF1,Government/compulsory schemes,_Z,Not application,_T,Total,_T,Total,_T,Total,_Z,Not applicable,_Z,Not applicable,Q,Constant prices,2022,,2160.22,,2020,,,,,,,,,,0,Units,1,One
DATAFLOW,OECD.ELS.HD:DSD_SHA@DF_SHA(1.1),Health expenditure and financing,I,POL,Poland,A,Annual,EXP_HEALTH,Expenditure,USD_PPP_PS,"US dollars per person, PPP converted",HF2HF3,Voluntary schemes/household out-of-pocket payments,_Z,Not application,_T,Total,_T,Total,_T,Total,_Z,Not applicable,_Z,Not applicable,Q,Constant prices,2022,,721.671,,2020,,,,,,,,,,0,Units,1,One
DATAFLOW,OECD.ELS.HD:DSD_SHA@DF_SHA(1.1),Health expenditure and financing,I,POL,Poland,A,Annual,EXP_HEALTH,Expenditure,USD_PPP_PS,"US dollars per person, PPP converted",HF2HF3,Voluntary schemes/household out-of-pocket payments,_Z,Not application,_T,Total,_T,Total,_T,Total,_Z,Not applicable,_Z,Not applicable,Q,Constant prices,2021,,731.517,,2020,,,,,,,,,,0,Units,1,One
DATAFLOW,OECD.ELS.HD:DSD_SHA@DF_SHA(1.1),Health expenditure and financing,I,POL,Poland,A,Annual,EXP_HEALTH,Expenditure,USD_PPP_PS,"US dollars per person, PPP converted",HF1,Government/compulsory schemes,_Z,Not application,_T,Total,_T,Total,_T,Total,_Z,Not applicable,_Z,Not applicable,Q,Constant prices,2021,,1994.578,,2020,,,,,,,,,,0,Units,1,One
DATAFLOW,OECD.ELS.HD:DSD_SHA@DF_SHA(1.1),Health expenditure and financing,I,POL,Poland,A,Annual,EXP_HEALTH,Expenditure,USD_PPP_PS,"US dollars per person, PPP converted",_T,Total,_Z,Not application,_T,Total,_T,Total,_T,Total,_Z,Not applicable,_Z,Not applicable,Q,Constant prices,2021,,2726.095,,2020,,,,,,,,,,0,Units,1,One
DATAFLOW,OECD.ELS.HD:DSD_SHA@DF_SHA(1.1),Health expenditure and financing,I,POL,Poland,A,Annual,EXP_HEALTH,Expenditure,USD_PPP_PS,"US dollars per person, PPP converted",_T,Total,_Z,Not application,_T,Total,_T,Total,_T,Total,_Z,Not applicable,_Z,Not applicable,Q,Constant prices,2024,,3551.221,,2020,,,,,,,,,,0,Units,1,One
DATAFLOW,OECD.ELS.HD:DSD_SHA@DF_SHA(1.1),Health expenditure and financing,I,POL,Poland,A,Annual,EXP_HEALTH,Expenditure,USD_PPP_PS,"US dollars per person, PPP converted",HF1,Government/compulsory schemes,_Z,Not application,_T,Total,_T,Total,_T,Total,_Z,Not applicable,_Z,Not applicable,Q,Constant prices,2024,,2731.505,,2020,,,,,,,,,,0,Units,1,One
DATAFLOW,OECD.ELS.HD:DSD_SHA@DF_SHA(1.1),Health expenditure and financing,I,POL,Poland,A,Annual,EXP_HEALTH,Expenditure,USD_PPP_PS,"US dollars per person, PPP converted",HF2HF3,Voluntary schemes/household out-of-pocket payments,_Z,Not application,_T,Total,_T,Total,_T,Total,_Z,Not applicable,_Z,Not applicable,Q,Constant prices,2024,,819.716,,2020,,,,,,,,,,0,Units,1,One
DATAFLOW,OECD.ELS.HD:DSD_SHA@DF_SHA(1.1),Health expenditure and financing,I,POL,Poland,A,Annual,EXP_HEALTH,Expenditure,USD_PPP_PS,"US dollars per person, PPP converted",_T,Total,_Z,Not application,_T,Total,_T,Total,_T,Total,_Z,Not applicable,_Z,Not applicable,Q,Constant prices,2018,,2319.602,,2020,,,,,,,,,,0,Units,1,One
DATAFLOW,OECD.ELS.HD:DSD_SHA@DF_SHA(1.1),Health expenditure and financing,I,POL,Poland,A,Annual,EXP_HEALTH,Expenditure,USD_PPP_PS,"US dollars per person, PPP converted",HF1,Government/compulsory schemes,_Z,Not application,_T,Total,_T,Total,_T,Total,_Z,Not applicable,_Z,Not applicable,Q,Constant prices,2018,,1658.383,,2020,,,,,,,,,,0,Units,1,One
DATAFLOW,OECD.ELS.HD:DSD_SHA@DF_SHA(1.1),Health expenditure and financing,I,POL,Poland,A,Annual,EXP_HEALTH,Expenditure,USD_PPP_PS,"US dollars per person, PPP converted",HF2HF3,Voluntary schemes/household out-of-pocket payments,_Z,Not application,_T,Total,_T,Total,_T,Total,_Z,Not applicable,_Z,Not applicable,Q,Constant prices,2018,,661.219,,2020,,,,,,,,,,0,Units,1,One
DATAFLOW,OECD.ELS.HD:DSD_SHA@DF_SHA(1.1),Health expenditure and financing,I,POL,Poland,A,Annual,EXP_HEALTH,Expenditure,PT_B1GQ,Percentage of GDP,HF1,Government/compulsory schemes,_Z,Not application,_T,Total,_T,Total,_T,Total,_Z,Not applicable,_Z,Not applicable,_Z,Not applicable,2016,,4.524,,,,,,,,,,,,0,Units,1,One
DATAFLOW,OECD.ELS.HD:DSD_SHA@DF_SHA(1.1),Health expenditure and financing,I,POL,Poland,A,Annual,EXP_HEALTH,Expenditure,PT_B1GQ,Percentage of GDP,_T,Total,_Z,Not application,_T,Total,_T,Total,_T,Total,_Z,Not applicable,_Z,Not applicable,_Z,Not applicable,2016,,6.526,,,,,,,,,,,,0,Units,1,One
DATAFLOW,OECD.ELS.HD:DSD_SHA@DF_SHA(1.1),Health expenditure and financing,I,POL,Poland,A,Annual,EXP_HEALTH,Expenditure,PT_B1GQ,Percentage of GDP,HF2HF3,Voluntary schemes/household out-of-pocket payments,_Z,Not application,_T,Total,_T,Total,_T,Total,_Z,Not applicable,_Z,Not applicable,_Z,Not applicable,2016,,2.002,,,,,,,,,,,,0,Units,1,One
DATAFLOW,OECD.ELS.HD:DSD_SHA@DF_SHA(1.1),Health expenditure and financing,I,POL,Poland,A,Annual,EXP_HEALTH,Expenditure,PT_B1GQ,Percentage of GDP,HF2HF3,Voluntary schemes/household out-of-pocket payments,_Z,Not application,_T,Total,_T,Total,_T,Total,_Z,Not applicable,_Z,Not applicable,_Z,Not applicable,2017,,2.008,,,,,,,,,,,,0,Units,1,One
DATAFLOW,OECD.ELS.HD:DSD_SHA@DF_SHA(1.1),Health expenditure and financing,I,POL,Poland,A,Annual,EXP_HEALTH,Expenditure,PT_B1GQ,Percentage of GDP,_T,Total,_Z,Not application,_T,Total,_T,Total,_T,Total,_Z,Not applicable,_Z,Not applicable,_Z,Not applicable,2017,,6.537,,,,,,,,,,,,0,Units,1,One
DATAFLOW,OECD.ELS.HD:DSD_SHA@DF_SHA(1.1),Health expenditure and financing,I,POL,Poland,A,Annual,EXP_HEALTH,Expenditure,PT_B1GQ,Percentage of GDP,HF1,Government/compulsory schemes,_Z,Not application,_T,Total,_T,Total,_T,Total,_Z,Not applicable,_Z,Not applicable,_Z,Not applicable,2017,,4.529,,,,,,,,,,,,0,Units,1,One
DATAFLOW,OECD.ELS.HD:DSD_SHA@DF_SHA(1.1),Health expenditure and financing,I,POL,Poland,A,Annual,EXP_HEALTH,Expenditure,PT_B1GQ,Percentage of GDP,HF1,Government/compulsory schemes,_Z,Not application,_T,Total,_T,Total,_T,Total,_Z,Not applicable,_Z,Not applicable,_Z,Not applicable,2018,,4.469,,,,,,,,,,,,0,Units,1,One
DATAFLOW,OECD.ELS.HD:DSD_SHA@DF_SHA(1.1),Health expenditure and financing,I,POL,Poland,A,Annual,EXP_HEALTH,Expenditure,PT_B1GQ,Percentage of GDP,_T,Total,_Z,Not application,_T,Total,_T,Total,_T,Total,_Z,Not applicable,_Z,Not applicable,_Z,Not applicable,2018,,6.251,,,,,,,,,,,,0,Units,1,One
DATAFLOW,OECD.ELS.HD:DSD_SHA@DF_SHA(1.1),Health expenditure and financing,I,POL,Poland,A,Annual,EXP_HEALTH,Expenditure,PT_B1GQ,Percentage of GDP,HF2HF3,Voluntary schemes/household out-of-pocket payments,_Z,Not application,_T,Total,_T,Total,_T,Total,_Z,Not applicable,_Z,Not applicable,_Z,Not applicable,2018,,1.782,,,,,,,,,,,,0,Units,1,One
DATAFLOW,OECD.ELS.HD:DSD_SHA@DF_SHA(1.1),Health expenditure and financing,I,POL,Poland,A,Annual,EXP_HEALTH,Expenditure,PT_B1GQ,Percentage of GDP,HF2HF3,Voluntary schemes/household out-of-pocket payments,_Z,Not application,_T,Total,_T,Total,_T,Total,_Z,Not applicable,_Z,Not applicable,_Z,Not applicable,2019,,1.803,,,,,,,,,,,,0,Units,1,One
DATAFLOW,OECD.ELS.HD:DSD_SHA@DF_SHA(1.1),Health expenditure and financing,I,POL,Poland,A,Annual,EXP_HEALTH,Expenditure,PT_B1GQ,Percentage of GDP,_T,Total,_Z,Not application,_T,Total,_T,Total,_T,Total,_Z,Not applicable,_Z,Not applicable,_Z,Not applicable,2019,,6.389,,,,,,,,,,,,0,Units,1,One
DATAFLOW,OECD.ELS.HD:DSD_SHA@DF_SHA(1.1),Health expenditure and financing,I,POL,Poland,A,Annual,EXP_HEALTH,Expenditure,PT_B1GQ,Percentage of GDP,HF1,Government/compulsory schemes,_Z,Not application,_T,Total,_T,Total,_T,Total,_Z,Not applicable,_Z,Not applicable,_Z,Not applicable,2019,,4.586,,,,,,,,,,,,0,Units,1,One
DATAFLOW,OECD.ELS.HD:DSD_SHA@DF_SHA(1.1),Health expenditure and financing,I,POL,Poland,A,Annual,EXP_HEALTH,Expenditure,PT_B1GQ,Percentage of GDP,HF1,Government/compulsory schemes,_Z,Not application,_T,Total,_T,Total,_T,Total,_Z,Not applicable,_Z,Not applicable,_Z,Not applicable,2020,,4.645,,,,,,,,,,,,0,Units,1,One
DATAFLOW,OECD.ELS.HD:DSD_SHA@DF_SHA(1.1),Health expenditure and financing,I,POL,Poland,A,Annual,EXP_HEALTH,Expenditure,PT_B1GQ,Percentage of GDP,_T,Total,_Z,Not application,_T,Total,_T,Total,_T,Total,_Z,Not applicable,_Z,Not applicable,_Z,Not applicable,2020,,6.427,,,,,,,,,,,,0,Units,1,One
DATAFLOW,OECD.ELS.HD:DSD_SHA@DF_SHA(1.1),Health expenditure and financing,I,POL,Poland,A,Annual,EXP_HEALTH,Expenditure,PT_B1GQ,Percentage of GDP,HF2HF3,Voluntary schemes/household out-of-pocket payments,_Z,Not application,_T,Total,_T,Total,_T,Total,_Z,Not applicable,_Z,Not applicable,_Z,Not applicable,2020,,1.783,,,,,,,,,,,,0,Units,1,One
DATAFLOW,OECD.ELS.HD:DSD_SHA@DF_SHA(1.1),Health expenditure and financing,I,POL,Poland,A,Annual,EXP_HEALTH,Expenditure,PT_B1GQ,Percentage of GDP,HF2HF3,Voluntary schemes/household out-of-pocket payments,_Z,Not application,_T,Total,_T,Total,_T,Total,_Z,Not applicable,_Z,Not applicable,_Z,Not applicable,2021,,1.731,,,,,,,,,,,,0,Units,1,One
DATAFLOW,OECD.ELS.HD:DSD_SHA@DF_SHA(1.1),Health expenditure and financing,I,POL,Poland,A,Annual,EXP_HEALTH,Expenditure,PT_B1GQ,Percentage of GDP,_T,Total,_Z,Not application,_T,Total,_T,Total,_T,Total,_Z,Not applicable,_Z,Not applicable,_Z,Not applicable,2021,,6.45,,,,,,,,,,,,0,Units,1,One
DATAFLOW,OECD.ELS.HD:DSD_SHA@DF_SHA(1.1),Health expenditure and financing,I,POL,Poland,A,Annual,EXP_HEALTH,Expenditure,PT_B1GQ,Percentage of GDP,HF1,Government/compulsory schemes,_Z,Not application,_T,Total,_T,Total,_T,Total,_Z,Not applicable,_Z,Not applicable,_Z,Not applicable,2021,,4.719,,,,,,,,,,,,0,Units,1,One
DATAFLOW,OECD.ELS.HD:DSD_SHA@DF_SHA(1.1),Health expenditure and financing,I,POL,Poland,A,Annual,EXP_HEALTH,Expenditure,PT_B1GQ,Percentage of GDP,HF1,Government/compulsory schemes,_Z,Not application,_T,Total,_T,Total,_T,Total,_Z,Not applicable,_Z,Not applicable,_Z,Not applicable,2022,,4.978,,,,,,,,,,,,0,Units,1,One
DATAFLOW,OECD.ELS.HD:DSD_SHA@DF_SHA(1.1),Health expenditure and financing,I,POL,Poland,A,Annual,EXP_HEALTH,Expenditure,PT_B1GQ,Percentage of GDP,_T,Total,_Z,Not application,_T,Total,_T,Total,_T,Total,_Z,Not applicable,_Z,Not applicable,_Z,Not applicable,2022,,6.641,,,,,,,,,,,,0,Units,1,One
DATAFLOW,OECD.ELS.HD:DSD_SHA@DF_SHA(1.1),Health expenditure and financing,I,POL,Poland,A,Annual,EXP_HEALTH,Expenditure,PT_B1GQ,Percentage of GDP,HF2HF3,Voluntary schemes/household out-of-pocket payments,_Z,Not application,_T,Total,_T,Total,_T,Total,_Z,Not applicable,_Z,Not applicable,_Z,Not applicable,2022,,1.663,,,,,,,,,,,,0,Units,1,One
DATAFLOW,OECD.ELS.HD:DSD_SHA@DF_SHA(1.1),Health expenditure and financing,I,POL,Poland,A,Annual,EXP_HEALTH,Expenditure,PT_B1GQ,Percentage of GDP,HF2HF3,Voluntary schemes/household out-of-pocket payments,_Z,Not application,_T,Total,_T,Total,_T,Total,_Z,Not applicable,_Z,Not applicable,_Z,Not applicable,2023,,1.601,,,,,,,,,,,,0,Units,1,One
DATAFLOW,OECD.ELS.HD:DSD_SHA@DF_SHA(1.1),Health expenditure and financing,I,POL,Poland,A,Annual,EXP_HEALTH,Expenditure,PT_B1GQ,Percentage of GDP,_T,Total,_Z,Not application,_T,Total,_T,Total,_T,Total,_Z,Not applicable,_Z,Not applicable,_Z,Not applicable,2023,,7.138,,,,,,,,,,,,0,Units,1,One
DATAFLOW,OECD.ELS.HD:DSD_SHA@DF_SHA(1.1),Health expenditure and financing,I,POL,Poland,A,Annual,EXP_HEALTH,Expenditure,PT_B1GQ,Percentage of GDP,HF1,Government/compulsory schemes,_Z,Not application,_T,Total,_T,Total,_T,Total,_Z,Not applicable,_Z,Not applicable,_Z,Not applicable,2023,,5.537,,,,,,,,,,,,0,Units,1,One
DATAFLOW,OECD.ELS.HD:DSD_SHA@DF_SHA(1.1),Health expenditure and financing,I,POL,Poland,A,Annual,EXP_HEALTH,Expenditure,PT_B1GQ,Percentage of GDP,HF1,Government/compulsory schemes,_Z,Not application,_T,Total,_T,Total,_T,Total,_Z,Not applicable,_Z,Not applicable,_Z,Not applicable,2024,,6.028,,,,,,,,,,,,0,Units,1,One
DATAFLOW,OECD.ELS.HD:DSD_SHA@DF_SHA(1.1),Health expenditure and financing,I,POL,Poland,A,Annual,EXP_HEALTH,Expenditure,PT_B1GQ,Percentage of GDP,_T,Total,_Z,Not application,_T,Total,_T,Total,_T,Total,_Z,Not applicable,_Z,Not applicable,_Z,Not applicable,2024,,7.837,,,,,,,,,,,,0,Units,1,One
DATAFLOW,OECD.ELS.HD:DSD_SHA@DF_SHA(1.1),Health expenditure and financing,I,POL,Poland,A,Annual,EXP_HEALTH,Expenditure,PT_B1GQ,Percentage of GDP,HF2HF3,Voluntary schemes/household out-of-pocket payments,_Z,Not application,_T,Total,_T,Total,_T,Total,_Z,Not applicable,_Z,Not applicable,_Z,Not applicable,2024,,1.809,,,,,,,,,,,,0,Units,1,One
DATAFLOW,OECD.ELS.HD:DSD_SHA@DF_SHA(1.1),Health expenditure and financing,I,POL,Poland,A,Annual,EXP_HEALTH,Expenditure,USD_PPP_PS,"US dollars per person, PPP converted",HF2HF3,Voluntary schemes/household out-of-pocket payments,_Z,Not application,_T,Total,_T,Total,_T,Total,_Z,Not applicable,_Z,Not applicable,V,Current prices,2016,,601.031,,,,,,,,,,,,0,Units,1,One
DATAFLOW,OECD.ELS.HD:DSD_SHA@DF_SHA(1.1),Health expenditure and financing,I,POL,Poland,A,Annual,EXP_HEALTH,Expenditure,USD_PPP_PS,"US dollars per person, PPP converted",_T,Total,_Z,Not application,_T,Total,_T,Total,_T,Total,_Z,Not applicable,_Z,Not applicable,V,Current prices,2016,,1959.094,,,,,,,,,,,,0,Units,1,One
DATAFLOW,OECD.ELS.HD:DSD_SHA@DF_SHA(1.1),Health expenditure and financing,I,POL,Poland,A,Annual,EXP_HEALTH,Expenditure,USD_PPP_PS,"US dollars per person, PPP converted",HF1,Government/compulsory schemes,_Z,Not application,_T,Total,_T,Total,_T,Total,_Z,Not applicable,_Z,Not applicable,V,Current prices,2016,,1358.063,,,,,,,,,,,,0,Units,1,One
DATAFLOW,OECD.ELS.HD:DSD_SHA@DF_SHA(1.1),Health expenditure and financing,I,POL,Poland,A,Annual,EXP_HEALTH,Expenditure,USD_PPP_PS,"US dollars per person, PPP converted",HF1,Government/compulsory schemes,_Z,Not application,_T,Total,_T,Total,_T,Total,_Z,Not applicable,_Z,Not applicable,V,Current prices,2019,,1716.595,,,,,,,,,,,,0,Units,1,One
DATAFLOW,OECD.ELS.HD:DSD_SHA@DF_SHA(1.1),Health expenditure and financing,I,POL,Poland,A,Annual,EXP_HEALTH,Expenditure,USD_PPP_PS,"US dollars per person, PPP converted",_T,Total,_Z,Not application,_T,Total,_T,Total,_T,Total,_Z,Not applicable,_Z,Not applicable,V,Current prices,2019,,2391.57,,,,,,,,,,,,0,Units,1,One
DATAFLOW,OECD.ELS.HD:DSD_SHA@DF_SHA(1.1),Health expenditure and financing,I,POL,Poland,A,Annual,EXP_HEALTH,Expenditure,USD_PPP_PS,"US dollars per person, PPP converted",HF2HF3,Voluntary schemes/household out-of-pocket payments,_Z,Not application,_T,Total,_T,Total,_T,Total,_Z,Not applicable,_Z,Not applicable,V,Current prices,2019,,674.975,,,,,,,,,,,,0,Units,1,One
DATAFLOW,OECD.ELS.HD:DSD_SHA@DF_SHA(1.1),Health expenditure and financing,I,POL,Poland,A,Annual,EXP_HEALTH,Expenditure,USD_PPP_PS,"US dollars per person, PPP converted",HF2HF3,Voluntary schemes/household out-of-pocket payments,_Z,Not application,_T,Total,_T,Total,_T,Total,_Z,Not applicable,_Z,Not applicable,V,Current prices,2020,,696.202,,,,,,,,,,,,0,Units,1,One
DATAFLOW,OECD.ELS.HD:DSD_SHA@DF_SHA(1.1),Health expenditure and financing,I,POL,Poland,A,Annual,EXP_HEALTH,Expenditure,USD_PPP_PS,"US dollars per person, PPP converted",_T,Total,_Z,Not application,_T,Total,_T,Total,_T,Total,_Z,Not applicable,_Z,Not applicable,V,Current prices,2020,,2510.275,,,,,,,,,,,,0,Units,1,One
DATAFLOW,OECD.ELS.HD:DSD_SHA@DF_SHA(1.1),Health expenditure and financing,I,POL,Poland,A,Annual,EXP_HEALTH,Expenditure,USD_PPP_PS,"US dollars per person, PPP converted",HF1,Government/compulsory schemes,_Z,Not application,_T,Total,_T,Total,_T,Total,_Z,Not applicable,_Z,Not applicable,V,Current prices,2020,,1814.073,,,,,,,,,,,,0,Units,1,One
DATAFLOW,OECD.ELS.HD:DSD_SHA@DF_SHA(1.1),Health expenditure and financing,I,POL,Poland,A,Annual,EXP_HEALTH,Expenditure,USD_PPP_PS,"US dollars per person, PPP converted",HF1,Government/compulsory schemes,_Z,Not application,_T,Total,_T,Total,_T,Total,_Z,Not applicable,_Z,Not applicable,V,Current prices,2017,,1429.225,,,,,,,,,,,,0,Units,1,One
DATAFLOW,OECD.ELS.HD:DSD_SHA@DF_SHA(1.1),Health expenditure and financing,I,POL,Poland,A,Annual,EXP_HEALTH,Expenditure,USD_PPP_PS,"US dollars per person, PPP converted",_T,Total,_Z,Not application,_T,Total,_T,Total,_T,Total,_Z,Not applicable,_Z,Not applicable,V,Current prices,2017,,2062.735,,,,,,,,,,,,0,Units,1,One
DATAFLOW,OECD.ELS.HD:DSD_SHA@DF_SHA(1.1),Health expenditure and financing,I,POL,Poland,A,Annual,EXP_HEALTH,Expenditure,USD_PPP_PS,"US dollars per person, PPP converted",HF2HF3,Voluntary schemes/household out-of-pocket payments,_Z,Not application,_T,Total,_T,Total,_T,Total,_Z,Not applicable,_Z,Not applicable,V,Current prices,2017,,633.51,,,,,,,,,,,,0,Units,1,One
DATAFLOW,OECD.ELS.HD:DSD_SHA@DF_SHA(1.1),Health expenditure and financing,I,POL,Poland,A,Annual,EXP_HEALTH,Expenditure,USD_PPP_PS,"US dollars per person, PPP converted",HF1,Government/compulsory schemes,_Z,Not application,_T,Total,_T,Total,_T,Total,_Z,Not applicable,_Z,Not applicable,V,Current prices,2023,,2878.897,,,,,,,,,,,,0,Units,1,One
DATAFLOW,OECD.ELS.HD:DSD_SHA@DF_SHA(1.1),Health expenditure and financing,I,POL,Poland,A,Annual,EXP_HEALTH,Expenditure,USD_PPP_PS,"US dollars per person, PPP converted",_T,Total,_Z,Not application,_T,Total,_T,Total,_T,Total,_Z,Not applicable,_Z,Not applicable,V,Current prices,2023,,3711.453,,,,,,,,,,,,0,Units,1,One
DATAFLOW,OECD.ELS.HD:DSD_SHA@DF_SHA(1.1),Health expenditure and financing,I,POL,Poland,A,Annual,EXP_HEALTH,Expenditure,USD_PPP_PS,"US dollars per person, PPP converted",HF2HF3,Voluntary schemes/household out-of-pocket payments,_Z,Not application,_T,Total,_T,Total,_T,Total,_Z,Not applicable,_Z,Not applicable,V,Current prices,2023,,832.556,,,,,,,,,,,,0,Units,1,One
DATAFLOW,OECD.ELS.HD:DSD_SHA@DF_SHA(1.1),Health expenditure and financing,I,POL,Poland,A,Annual,EXP_HEALTH,Expenditure,USD_PPP_PS,"US dollars per person, PPP converted",HF2HF3,Voluntary schemes/household out-of-pocket payments,_Z,Not application,_T,Total,_T,Total,_T,Total,_Z,Not applicable,_Z,Not applicable,V,Current prices,2022,,817.177,,,,,,,,,,,,0,Units,1,One
DATAFLOW,OECD.ELS.HD:DSD_SHA@DF_SHA(1.1),Health expenditure and financing,I,POL,Poland,A,Annual,EXP_HEALTH,Expenditure,USD_PPP_PS,"US dollars per person, PPP converted",_T,Total,_Z,Not application,_T,Total,_T,Total,_T,Total,_Z,Not applicable,_Z,Not applicable,V,Current prices,2022,,3263.279,,,,,,,,,,,,0,Units,1,One
DATAFLOW,OECD.ELS.HD:DSD_SHA@DF_SHA(1.1),Health expenditure and financing,I,POL,Poland,A,Annual,EXP_HEALTH,Expenditure,USD_PPP_PS,"US dollars per person, PPP converted",HF1,Government/compulsory schemes,_Z,Not application,_T,Total,_T,Total,_T,Total,_Z,Not applicable,_Z,Not applicable,V,Current prices,2022,,2446.102,,,,,,,,,,,,0,Units,1,One
DATAFLOW,OECD.ELS.HD:DSD_SHA@DF_SHA(1.1),Health expenditure and financing,I,POL,Poland,A,Annual,EXP_HEALTH,Expenditure,USD_PPP_PS,"US dollars per person, PPP converted",HF1,Government/compulsory schemes,_Z,Not application,_T,Total,_T,Total,_T,Total,_Z,Not applicable,_Z,Not applicable,V,Current prices,2021,,2040.03,,,,,,,,,,,,0,Units,1,One
DATAFLOW,OECD.ELS.HD:DSD_SHA@DF_SHA(1.1),Health expenditure and financing,I,POL,Poland,A,Annual,EXP_HEALTH,Expenditure,USD_PPP_PS,"US dollars per person, PPP converted",_T,Total,_Z,Not application,_T,Total,_T,Total,_T,Total,_Z,Not applicable,_Z,Not applicable,V,Current prices,2021,,2788.216,,,,,,,,,,,,0,Units,1,One
DATAFLOW,OECD.ELS.HD:DSD_SHA@DF_SHA(1.1),Health expenditure and financing,I,POL,Poland,A,Annual,EXP_HEALTH,Expenditure,USD_PPP_PS,"US dollars per person, PPP converted",HF2HF3,Voluntary schemes/household out-of-pocket payments,_Z,Not application,_T,Total,_T,Total,_T,Total,_Z,Not applicable,_Z,Not applicable,V,Current prices,2021,,748.186,,,,,,,,,,,,0,Units,1,One
DATAFLOW,OECD.ELS.HD:DSD_SHA@DF_SHA(1.1),Health expenditure and financing,I,POL,Poland,A,Annual,EXP_HEALTH,Expenditure,USD_PPP_PS,"US dollars per person, PPP converted",HF2HF3,Voluntary schemes/household out-of-pocket payments,_Z,Not application,_T,Total,_T,Total,_T,Total,_Z,Not applicable,_Z,Not applicable,V,Current prices,2024,,998.984,,,,,,,,,,,,0,Units,1,One
DATAFLOW,OECD.ELS.HD:DSD_SHA@DF_SHA(1.1),Health expenditure and financing,I,POL,Poland,A,Annual,EXP_HEALTH,Expenditure,USD_PPP_PS,"US dollars per person, PPP converted",_T,Total,_Z,Not application,_T,Total,_T,Total,_T,Total,_Z,Not applicable,_Z,Not applicable,V,Current prices,2024,,4327.855,,,,,,,,,,,,0,Units,1,One
DATAFLOW,OECD.ELS.HD:DSD_SHA@DF_SHA(1.1),Health expenditure and financing,I,POL,Poland,A,Annual,EXP_HEALTH,Expenditure,USD_PPP_PS,"US dollars per person, PPP converted",HF1,Government/compulsory schemes,_Z,Not application,_T,Total,_T,Total,_T,Total,_Z,Not applicable,_Z,Not applicable,V,Current prices,2024,,3328.871,,,,,,,,,,,,0,Units,1,One
DATAFLOW,OECD.ELS.HD:DSD_SHA@DF_SHA(1.1),Health expenditure and financing,I,POL,Poland,A,Annual,EXP_HEALTH,Expenditure,USD_PPP_PS,"US dollars per person, PPP converted",HF2HF3,Voluntary schemes/household out-of-pocket payments,_Z,Not application,_T,Total,_T,Total,_T,Total,_Z,Not applicable,_Z,Not applicable,V,Current prices,2018,,600.519,,,,,,,,,,,,0,Units,1,One
DATAFLOW,OECD.ELS.HD:DSD_SHA@DF_SHA(1.1),Health expenditure and financing,I,POL,Poland,A,Annual,EXP_HEALTH,Expenditure,USD_PPP_PS,"US dollars per person, PPP converted",_T,Total,_Z,Not application,_T,Total,_T,Total,_T,Total,_Z,Not applicable,_Z,Not applicable,V,Current prices,2018,,2106.662,,,,,,,,,,,,0,Units,1,One
DATAFLOW,OECD.ELS.HD:DSD_SHA@DF_SHA(1.1),Health expenditure and financing,I,POL,Poland,A,Annual,EXP_HEALTH,Expenditure,USD_PPP_PS,"US dollars per person, PPP converted",HF1,Government/compulsory schemes,_Z,Not application,_T,Total,_T,Total,_T,Total,_Z,Not applicable,_Z,Not applicable,V,Current prices,2018,,1506.142,,,,,,,,,,,,0,Units,1,One
DATAFLOW,OECD.ELS.HD:DSD_SHA@DF_SHA(1.1),Health expenditure and financing,I,POL,Poland,A,Annual,EXP_HEALTH,Expenditure,USD_PPP_PS,"US dollars per person, PPP converted",HF1,Government/compulsory schemes,_Z,Not application,_T,Total,_T,Total,_T,Total,_Z,Not applicable,_Z,Not applicable,V,Current prices,2025,,4004.24,,,,,,P,Provisional value,,,,,0,Units,1,One
DATAFLOW,OECD.ELS.HD:DSD_SHA@DF_SHA(1.1),Health expenditure and financing,I,POL,Poland,A,Annual,EXP_HEALTH,Expenditure,USD_PPP_PS,"US dollars per person, PPP converted",_T,Total,_Z,Not application,_T,Total,_T,Total,_T,Total,_Z,Not applicable,_Z,Not applicable,V,Current prices,2025,,5126.955,,,,,,P,Provisional value,,,,,0,Units,1,One
DATAFLOW,OECD.ELS.HD:DSD_SHA@DF_SHA(1.1),Health expenditure and financing,I,POL,Poland,A,Annual,EXP_HEALTH,Expenditure,USD_PPP_PS,"US dollars per person, PPP converted",HF2HF3,Voluntary schemes/household out-of-pocket payments,_Z,Not application,_T,Total,_T,Total,_T,Total,_Z,Not applicable,_Z,Not applicable,V,Current prices,2025,,1122.715,,,,,,P,Provisional value,,,,,0,Units,1,One
DATAFLOW,OECD.ELS.HD:DSD_SHA@DF_SHA(1.1),Health expenditure and financing,I,POL,Poland,A,Annual,EXP_HEALTH,Expenditure,PT_B1GQ,Percentage of GDP,HF2HF3,Voluntary schemes/household out-of-pocket payments,_Z,Not application,_T,Total,_T,Total,_T,Total,_Z,Not applicable,_Z,Not applicable,_Z,Not applicable,2025,,1.948,,,,,,P,Provisional value,,,,,0,Units,1,One
DATAFLOW,OECD.ELS.HD:DSD_SHA@DF_SHA(1.1),Health expenditure and financing,I,POL,Poland,A,Annual,EXP_HEALTH,Expenditure,PT_B1GQ,Percentage of GDP,_T,Total,_Z,Not application,_T,Total,_T,Total,_T,Total,_Z,Not applicable,_Z,Not applicable,_Z,Not applicable,2025,,8.894,,,,,,P,Provisional value,,,,,0,Units,1,One
DATAFLOW,OECD.ELS.HD:DSD_SHA@DF_SHA(1.1),Health expenditure and financing,I,POL,Poland,A,Annual,EXP_HEALTH,Expenditure,PT_B1GQ,Percentage of GDP,HF1,Government/compulsory schemes,_Z,Not application,_T,Total,_T,Total,_T,Total,_Z,Not applicable,_Z,Not applicable,_Z,Not applicable,2025,,6.947,,,,,,P,Provisional value,,,,,0,Units,1,One
DATAFLOW,OECD.ELS.HD:DSD_SHA@DF_SHA(1.1),Health expenditure and financing,I,POL,Poland,A,Annual,EXP_HEALTH,Expenditure,USD_PPP_PS,"US dollars per person, PPP converted",HF2HF3,Voluntary schemes/household out-of-pocket payments,_Z,Not application,_T,Total,_T,Total,_T,Total,_Z,Not applicable,_Z,Not applicable,Q,Constant prices,2025,,907.337,,2020,,,,P,Provisional value,,,,,0,Units,1,One
DATAFLOW,OECD.ELS.HD:DSD_SHA@DF_SHA(1.1),Health expenditure and financing,I,POL,Poland,A,Annual,EXP_HEALTH,Expenditure,USD_PPP_PS,"US dollars per person, PPP converted",HF1,Government/compulsory schemes,_Z,Not application,_T,Total,_T,Total,_T,Total,_Z,Not applicable,_Z,Not applicable,Q,Constant prices,2025,,3236.08,,2020,,,,P,Provisional value,,,,,0,Units,1,One
DATAFLOW,OECD.ELS.HD:DSD_SHA@DF_SHA(1.1),Health expenditure and financing,I,POL,Poland,A,Annual,EXP_HEALTH,Expenditure,USD_PPP_PS,"US dollars per person, PPP converted",_T,Total,_Z,Not application,_T,Total,_T,Total,_T,Total,_Z,Not applicable,_Z,Not applicable,Q,Constant prices,2025,,4143.416,,2020,,,,P,Provisional value,,,,,0,Units,1,One
DATAFLOW,OECD.ELS.HD:DSD_SHA@DF_SHA(1.1),Health expenditure and financing,I,CHL,Chile,A,Annual,EXP_HEALTH,Expenditure,USD_PPP_PS,"US dollars per person, PPP converted",_T,Total,_Z,Not application,_T,Total,_T,Total,_T,Total,_Z,Not applicable,_Z,Not applicable,Q,Constant prices,2015,,2181.035,,2020,,,,,,,,,,0,Units,1,One
DATAFLOW,OECD.ELS.HD:DSD_SHA@DF_SHA(1.1),Health expenditure and financing,I,CHL,Chile,A,Annual,EXP_HEALTH,Expenditure,USD_PPP_PS,"US dollars per person, PPP converted",HF2HF3,Voluntary schemes/household out-of-pocket payments,_Z,Not application,_T,Total,_T,Total,_T,Total,_Z,Not applicable,_Z,Not applicable,Q,Constant prices,2015,,899.758,,2020,,,,,,,,,,0,Units,1,One
DATAFLOW,OECD.ELS.HD:DSD_SHA@DF_SHA(1.1),Health expenditure and financing,I,CHL,Chile,A,Annual,EXP_HEALTH,Expenditure,USD_PPP_PS,"US dollars per person, PPP converted",HF1,Government/compulsory schemes,_Z,Not application,_T,Total,_T,Total,_T,Total,_Z,Not applicable,_Z,Not applicable,Q,Constant prices,2015,,1281.277,,2020,,,,,,,,,,0,Units,1,One
DATAFLOW,OECD.ELS.HD:DSD_SHA@DF_SHA(1.1),Health expenditure and financing,I,CHL,Chile,A,Annual,EXP_HEALTH,Expenditure,PT_B1GQ,Percentage of GDP,HF1,Government/compulsory schemes,_Z,Not application,_T,Total,_T,Total,_T,Total,_Z,Not applicable,_Z,Not applicable,_Z,Not applicable,2015,,4.906,,,,,,,,,,,,0,Units,1,One
DATAFLOW,OECD.ELS.HD:DSD_SHA@DF_SHA(1.1),Health expenditure and financing,I,CHL,Chile,A,Annual,EXP_HEALTH,Expenditure,PT_B1GQ,Percentage of GDP,_T,Total,_Z,Not application,_T,Total,_T,Total,_T,Total,_Z,Not applicable,_Z,Not applicable,_Z,Not applicable,2015,,8.351,,,,,,,,,,,,0,Units,1,One
DATAFLOW,OECD.ELS.HD:DSD_SHA@DF_SHA(1.1),Health expenditure and financing,I,CHL,Chile,A,Annual,EXP_HEALTH,Expenditure,PT_B1GQ,Percentage of GDP,HF2HF3,Voluntary schemes/household out-of-pocket payments,_Z,Not application,_T,Total,_T,Total,_T,Total,_Z,Not applicable,_Z,Not applicable,_Z,Not applicable,2015,,3.445,,,,,,,,,,,,0,Units,1,One
DATAFLOW,OECD.ELS.HD:DSD_SHA@DF_SHA(1.1),Health expenditure and financing,I,CHL,Chile,A,Annual,EXP_HEALTH,Expenditure,USD_PPP_PS,"US dollars per person, PPP converted",HF2HF3,Voluntary schemes/household out-of-pocket payments,_Z,Not application,_T,Total,_T,Total,_T,Total,_Z,Not applicable,_Z,Not applicable,V,Current prices,2015,,756.409,,,,,,,,,,,,0,Units,1,One
DATAFLOW,OECD.ELS.HD:DSD_SHA@DF_SHA(1.1),Health expenditure and financing,I,CHL,Chile,A,Annual,EXP_HEALTH,Expenditure,USD_PPP_PS,"US dollars per person, PPP converted",_T,Total,_Z,Not application,_T,Total,_T,Total,_T,Total,_Z,Not applicable,_Z,Not applicable,V,Current prices,2015,,1833.552,,,,,,,,,,,,0,Units,1,One
DATAFLOW,OECD.ELS.HD:DSD_SHA@DF_SHA(1.1),Health expenditure and financing,I,CHL,Chile,A,Annual,EXP_HEALTH,Expenditure,USD_PPP_PS,"US dollars per person, PPP converted",HF1,Government/compulsory schemes,_Z,Not application,_T,Total,_T,Total,_T,Total,_Z,Not applicable,_Z,Not applicable,V,Current prices,2015,,1077.144,,,,,,,,,,,,0,Units,1,One
DATAFLOW,OECD.ELS.HD:DSD_SHA@DF_SHA(1.1),Health expenditure and financing,I,CHL,Chile,A,Annual,EXP_HEALTH,Expenditure,USD_PPP_PS,"US dollars per person, PPP converted",HF1,Government/compulsory schemes,_Z,Not application,_T,Total,_T,Total,_T,Total,_Z,Not applicable,_Z,Not applicable,Q,Constant prices,2016,,1327.399,,2020,,,,,,,,,,0,Units,1,One
DATAFLOW,OECD.ELS.HD:DSD_SHA@DF_SHA(1.1),Health expenditure and financing,I,CHL,Chile,A,Annual,EXP_HEALTH,Expenditure,USD_PPP_PS,"US dollars per person, PPP converted",HF2HF3,Voluntary schemes/household out-of-pocket payments,_Z,Not application,_T,Total,_T,Total,_T,Total,_Z,Not applicable,_Z,Not applicable,Q,Constant prices,2016,,941.968,,2020,,,,,,,,,,0,Units,1,One
DATAFLOW,OECD.ELS.HD:DSD_SHA@DF_SHA(1.1),Health expenditure and financing,I,CHL,Chile,A,Annual,EXP_HEALTH,Expenditure,USD_PPP_PS,"US dollars per person, PPP converted",_T,Total,_Z,Not application,_T,Total,_T,Total,_T,Total,_Z,Not applicable,_Z,Not applicable,Q,Constant prices,2016,,2269.366,,2020,,,,,,,,,,0,Units,1,One
DATAFLOW,OECD.ELS.HD:DSD_SHA@DF_SHA(1.1),Health expenditure and financing,I,CHL,Chile,A,Annual,EXP_HEALTH,Expenditure,USD_PPP_PS,"US dollars per person, PPP converted",_T,Total,_Z,Not application,_T,Total,_T,Total,_T,Total,_Z,Not applicable,_Z,Not applicable,Q,Constant prices,2017,,2462.771,,2020,,,,,,,,,,0,Units,1,One
DATAFLOW,OECD.ELS.HD:DSD_SHA@DF_SHA(1.1),Health expenditure and financing,I,CHL,Chile,A,Annual,EXP_HEALTH,Expenditure,USD_PPP_PS,"US dollars per person, PPP converted",HF2HF3,Voluntary schemes/household out-of-pocket payments,_Z,Not application,_T,Total,_T,Total,_T,Total,_Z,Not applicable,_Z,Not applicable,Q,Constant prices,2017,,981.523,,2020,,,,,,,,,,0,Units,1,One
DATAFLOW,OECD.ELS.HD:DSD_SHA@DF_SHA(1.1),Health expenditure and financing,I,CHL,Chile,A,Annual,EXP_HEALTH,Expenditure,USD_PPP_PS,"US dollars per person, PPP converted",HF1,Government/compulsory schemes,_Z,Not application,_T,Total,_T,Total,_T,Total,_Z,Not applicable,_Z,Not applicable,Q,Constant prices,2017,,1481.248,,2020,,,,,,,,,,0,Units,1,One
DATAFLOW,OECD.ELS.HD:DSD_SHA@DF_SHA(1.1),Health expenditure and financing,I,CHL,Chile,A,Annual,EXP_HEALTH,Expenditure,PT_B1GQ,Percentage of GDP,HF2HF3,Voluntary schemes/household out-of-pocket payments,_Z,Not application,_T,Total,_T,Total,_T,Total,_Z,Not applicable,_Z,Not applicable,_Z,Not applicable,2016,,3.552,,,,,,,,,,,,0,Units,1,One
DATAFLOW,OECD.ELS.HD:DSD_SHA@DF_SHA(1.1),Health expenditure and financing,I,CHL,Chile,A,Annual,EXP_HEALTH,Expenditure,PT_B1GQ,Percentage of GDP,_T,Total,_Z,Not application,_T,Total,_T,Total,_T,Total,_Z,Not applicable,_Z,Not applicable,_Z,Not applicable,2016,,8.558,,,,,,,,,,,,0,Units,1,One
DATAFLOW,OECD.ELS.HD:DSD_SHA@DF_SHA(1.1),Health expenditure and financing,I,CHL,Chile,A,Annual,EXP_HEALTH,Expenditure,PT_B1GQ,Percentage of GDP,HF1,Government/compulsory schemes,_Z,Not application,_T,Total,_T,Total,_T,Total,_Z,Not applicable,_Z,Not applicable,_Z,Not applicable,2016,,5.006,,,,,,,,,,,,0,Units,1,One
DATAFLOW,OECD.ELS.HD:DSD_SHA@DF_SHA(1.1),Health expenditure and financing,I,CHL,Chile,A,Annual,EXP_HEALTH,Expenditure,PT_B1GQ,Percentage of GDP,HF1,Government/compulsory schemes,_Z,Not application,_T,Total,_T,Total,_T,Total,_Z,Not applicable,_Z,Not applicable,_Z,Not applicable,2017,,5.468,,,,,,,,,,,,0,Units,1,One
DATAFLOW,OECD.ELS.HD:DSD_SHA@DF_SHA(1.1),Health expenditure and financing,I,CHL,Chile,A,Annual,EXP_HEALTH,Expenditure,PT_B1GQ,Percentage of GDP,_T,Total,_Z,Not application,_T,Total,_T,Total,_T,Total,_Z,Not applicable,_Z,Not applicable,_Z,Not applicable,2017,,9.091,,,,,,,,,,,,0,Units,1,One
DATAFLOW,OECD.ELS.HD:DSD_SHA@DF_SHA(1.1),Health expenditure and financing,I,CHL,Chile,A,Annual,EXP_HEALTH,Expenditure,PT_B1GQ,Percentage of GDP,HF2HF3,Voluntary schemes/household out-of-pocket payments,_Z,Not application,_T,Total,_T,Total,_T,Total,_Z,Not applicable,_Z,Not applicable,_Z,Not applicable,2017,,3.623,,,,,,,,,,,,0,Units,1,One
DATAFLOW,OECD.ELS.HD:DSD_SHA@DF_SHA(1.1),Health expenditure and financing,I,CHL,Chile,A,Annual,EXP_HEALTH,Expenditure,USD_PPP_PS,"US dollars per person, PPP converted",HF1,Government/compulsory schemes,_Z,Not application,_T,Total,_T,Total,_T,Total,_Z,Not applicable,_Z,Not applicable,V,Current prices,2016,,1135.48,,,,,,,,,,,,0,Units,1,One
DATAFLOW,OECD.ELS.HD:DSD_SHA@DF_SHA(1.1),Health expenditure and financing,I,CHL,Chile,A,Annual,EXP_HEALTH,Expenditure,USD_PPP_PS,"US dollars per person, PPP converted",_T,Total,_Z,Not application,_T,Total,_T,Total,_T,Total,_Z,Not applicable,_Z,Not applicable,V,Current prices,2016,,1941.256,,,,,,,,,,,,0,Units,1,One
DATAFLOW,OECD.ELS.HD:DSD_SHA@DF_SHA(1.1),Health expenditure and financing,I,CHL,Chile,A,Annual,EXP_HEALTH,Expenditure,USD_PPP_PS,"US dollars per person, PPP converted",HF2HF3,Voluntary schemes/household out-of-pocket payments,_Z,Not application,_T,Total,_T,Total,_T,Total,_Z,Not applicable,_Z,Not applicable,V,Current prices,2016,,805.776,,,,,,,,,,,,0,Units,1,One
DATAFLOW,OECD.ELS.HD:DSD_SHA@DF_SHA(1.1),Health expenditure and financing,I,CHL,Chile,A,Annual,EXP_HEALTH,Expenditure,USD_PPP_PS,"US dollars per person, PPP converted",HF2HF3,Voluntary schemes/household out-of-pocket payments,_Z,Not application,_T,Total,_T,Total,_T,Total,_Z,Not applicable,_Z,Not applicable,V,Current prices,2017,,844.735,,,,,,,,,,,,0,Units,1,One
DATAFLOW,OECD.ELS.HD:DSD_SHA@DF_SHA(1.1),Health expenditure and financing,I,CHL,Chile,A,Annual,EXP_HEALTH,Expenditure,USD_PPP_PS,"US dollars per person, PPP converted",_T,Total,_Z,Not application,_T,Total,_T,Total,_T,Total,_Z,Not applicable,_Z,Not applicable,V,Current prices,2017,,2119.552,,,,,,,,,,,,0,Units,1,One
DATAFLOW,OECD.ELS.HD:DSD_SHA@DF_SHA(1.1),Health expenditure and financing,I,CHL,Chile,A,Annual,EXP_HEALTH,Expenditure,USD_PPP_PS,"US dollars per person, PPP converted",HF1,Government/compulsory schemes,_Z,Not application,_T,Total,_T,Total,_T,Total,_Z,Not applicable,_Z,Not applicable,V,Current prices,2017,,1274.817,,,,,,,,,,,,0,Units,1,One
DATAFLOW,OECD.ELS.HD:DSD_SHA@DF_SHA(1.1),Health expenditure and financing,I,DEU,Germany,A,Annual,EXP_HEALTH,Expenditure,USD_PPP_PS,"US dollars per person, PPP converted",HF2HF3,Voluntary schemes/household out-of-pocket payments,_Z,Not application,_T,Total,_T,Total,_T,Total,_Z,Not applicable,_Z,Not applicable,V,Current prices,2025,,1389.493,,,,,,P,Provisional value,,,,,0,Units,1,One
DATAFLOW,OECD.ELS.HD:DSD_SHA@DF_SHA(1.1),Health expenditure and financing,I,DEU,Germany,A,Annual,EXP_HEALTH,Expenditure,USD_PPP_PS,"US dollars per person, PPP converted",HF1,Government/compulsory schemes,_Z,Not application,_T,Total,_T,Total,_T,Total,_Z,Not applicable,_Z,Not applicable,V,Current prices,2025,,8726.235,,,,,,P,Provisional value,,,,,0,Units,1,One
DATAFLOW,OECD.ELS.HD:DSD_SHA@DF_SHA(1.1),Health expenditure and financing,I,DEU,Germany,A,Annual,EXP_HEALTH,Expenditure,PT_B1GQ,Percentage of GDP,_T,Total,_Z,Not application,_T,Total,_T,Total,_T,Total,_Z,Not applicable,_Z,Not applicable,_Z,Not applicable,2025,,12.735,,,,,,P,Provisional value,,,,,0,Units,1,One
DATAFLOW,OECD.ELS.HD:DSD_SHA@DF_SHA(1.1),Health expenditure and financing,I,DEU,Germany,A,Annual,EXP_HEALTH,Expenditure,PT_B1GQ,Percentage of GDP,HF1,Government/compulsory schemes,_Z,Not application,_T,Total,_T,Total,_T,Total,_Z,Not applicable,_Z,Not applicable,_Z,Not applicable,2025,,10.986,,,,,,P,Provisional value,,,,,0,Units,1,One
DATAFLOW,OECD.ELS.HD:DSD_SHA@DF_SHA(1.1),Health expenditure and financing,I,DEU,Germany,A,Annual,EXP_HEALTH,Expenditure,USD_PPP_PS,"US dollars per person, PPP converted",HF2HF3,Voluntary schemes/household out-of-pocket payments,_Z,Not application,_T,Total,_T,Total,_T,Total,_Z,Not applicable,_Z,Not applicable,Q,Constant prices,2025,,1086.167,,2020,,,,P,Provisional value,,,,,0,Units,1,One
DATAFLOW,OECD.ELS.HD:DSD_SHA@DF_SHA(1.1),Health expenditure and financing,I,DEU,Germany,A,Annual,EXP_HEALTH,Expenditure,USD_PPP_PS,"US dollars per person, PPP converted",_T,Total,_Z,Not application,_T,Total,_T,Total,_T,Total,_Z,Not applicable,_Z,Not applicable,V,Current prices,2025,,10115.728,,,,,,P,Provisional value,,,,,0,Units,1,One
DATAFLOW,OECD.ELS.HD:DSD_SHA@DF_SHA(1.1),Health expenditure and financing,I,DEU,Germany,A,Annual,EXP_HEALTH,Expenditure,USD_PPP_PS,"US dollars per person, PPP converted",_T,Total,_Z,Not application,_T,Total,_T,Total,_T,Total,_Z,Not applicable,_Z,Not applicable,Q,Constant prices,2025,,7907.467,,2020,,,,P,Provisional value,,,,,0,Units,1,One
DATAFLOW,OECD.ELS.HD:DSD_SHA@DF_SHA(1.1),Health expenditure and financing,I,DEU,Germany,A,Annual,EXP_HEALTH,Expenditure,USD_PPP_PS,"US dollars per person, PPP converted",HF1,Government/compulsory schemes,_Z,Not application,_T,Total,_T,Total,_T,Total,_Z,Not applicable,_Z,Not applicable,Q,Constant prices,2025,,6821.3,,2020,,,,P,Provisional value,,,,,0,Units,1,One
DATAFLOW,OECD.ELS.HD:DSD_SHA@DF_SHA(1.1),Health expenditure and financing,I,DEU,Germany,A,Annual,EXP_HEALTH,Expenditure,PT_B1GQ,Percentage of GDP,HF2HF3,Voluntary schemes/household out-of-pocket payments,_Z,Not application,_T,Total,_T,Total,_T,Total,_Z,Not applicable,_Z,Not applicable,_Z,Not applicable,2025,,1.749,,,,,,P,Provisional value,,,,,0,Units,1,One
DATAFLOW,OECD.ELS.HD:DSD_SHA@DF_SHA(1.1),Health expenditure and financing,I,CHL,Chile,A,Annual,EXP_HEALTH,Expenditure,USD_PPP_PS,"US dollars per person, PPP converted",_T,Total,_Z,Not application,_T,Total,_T,Total,_T,Total,_Z,Not applicable,_Z,Not applicable,Q,Constant prices,2025,,3271.309,,2020,,,,P,Provisional value,,,,,0,Units,1,One
DATAFLOW,OECD.ELS.HD:DSD_SHA@DF_SHA(1.1),Health expenditure and financing,I,CHL,Chile,A,Annual,EXP_HEALTH,Expenditure,USD_PPP_PS,"US dollars per person, PPP converted",HF2HF3,Voluntary schemes/household out-of-pocket payments,_Z,Not application,_T,Total,_T,Total,_T,Total,_Z,Not applicable,_Z,Not applicable,Q,Constant prices,2025,,1402.715,,2020,,,,P,Provisional value,,,,,0,Units,1,One
DATAFLOW,OECD.ELS.HD:DSD_SHA@DF_SHA(1.1),Health expenditure and financing,I,CHL,Chile,A,Annual,EXP_HEALTH,Expenditure,USD_PPP_PS,"US dollars per person, PPP converted",HF1,Government/compulsory schemes,_Z,Not application,_T,Total,_T,Total,_T,Total,_Z,Not applicable,_Z,Not applicable,Q,Constant prices,2025,,1868.595,,2020,,,,P,Provisional value,,,,,0,Units,1,One
DATAFLOW,OECD.ELS.HD:DSD_SHA@DF_SHA(1.1),Health expenditure and financing,I,CHL,Chile,A,Annual,EXP_HEALTH,Expenditure,PT_B1GQ,Percentage of GDP,HF1,Government/compulsory schemes,_Z,Not application,_T,Total,_T,Total,_T,Total,_Z,Not applicable,_Z,Not applicable,_Z,Not applicable,2025,,5.883,,,,,,P,Provisional value,,,,,0,Units,1,One
DATAFLOW,OECD.ELS.HD:DSD_SHA@DF_SHA(1.1),Health expenditure and financing,I,CHL,Chile,A,Annual,EXP_HEALTH,Expenditure,PT_B1GQ,Percentage of GDP,_T,Total,_Z,Not application,_T,Total,_T,Total,_T,Total,_Z,Not applicable,_Z,Not applicable,_Z,Not applicable,2025,,10.3,,,,,,P,Provisional value,,,,,0,Units,1,One
DATAFLOW,OECD.ELS.HD:DSD_SHA@DF_SHA(1.1),Health expenditure and financing,I,CHL,Chile,A,Annual,EXP_HEALTH,Expenditure,PT_B1GQ,Percentage of GDP,HF2HF3,Voluntary schemes/household out-of-pocket payments,_Z,Not application,_T,Total,_T,Total,_T,Total,_Z,Not applicable,_Z,Not applicable,_Z,Not applicable,2025,,4.417,,,,,,P,Provisional value,,,,,0,Units,1,One
DATAFLOW,OECD.ELS.HD:DSD_SHA@DF_SHA(1.1),Health expenditure and financing,I,CHL,Chile,A,Annual,EXP_HEALTH,Expenditure,USD_PPP_PS,"US dollars per person, PPP converted",HF2HF3,Voluntary schemes/household out-of-pocket payments,_Z,Not application,_T,Total,_T,Total,_T,Total,_Z,Not applicable,_Z,Not applicable,V,Current prices,2025,,1755.927,,,,,,P,Provisional value,,,,,0,Units,1,One
DATAFLOW,OECD.ELS.HD:DSD_SHA@DF_SHA(1.1),Health expenditure and financing,I,CHL,Chile,A,Annual,EXP_HEALTH,Expenditure,USD_PPP_PS,"US dollars per person, PPP converted",_T,Total,_Z,Not application,_T,Total,_T,Total,_T,Total,_Z,Not applicable,_Z,Not applicable,V,Current prices,2025,,4095.044,,,,,,P,Provisional value,,,,,0,Units,1,One
DATAFLOW,OECD.ELS.HD:DSD_SHA@DF_SHA(1.1),Health expenditure and financing,I,CHL,Chile,A,Annual,EXP_HEALTH,Expenditure,USD_PPP_PS,"US dollars per person, PPP converted",HF1,Government/compulsory schemes,_Z,Not application,_T,Total,_T,Total,_T,Total,_Z,Not applicable,_Z,Not applicable,V,Current prices,2025,,2339.118,,,,,,P,Provisional value,,,,,0,Units,1,One
DATAFLOW,OECD.ELS.HD:DSD_SHA@DF_SHA(1.1),Health expenditure and financing,I,CAN,Canada,A,Annual,EXP_HEALTH,Expenditure,USD_PPP_PS,"US dollars per person, PPP converted",_T,Total,_Z,Not application,_T,Total,_T,Total,_T,Total,_Z,Not applicable,_Z,Not applicable,Q,Constant prices,2025,,6144.511,,2020,,,,P,Provisional value,,,,,0,Units,1,One
DATAFLOW,OECD.ELS.HD:DSD_SHA@DF_SHA(1.1),Health expenditure and financing,I,CAN,Canada,A,Annual,EXP_HEALTH,Expenditure,USD_PPP_PS,"US dollars per person, PPP converted",HF1,Government/compulsory schemes,_Z,Not application,_T,Total,_T,Total,_T,Total,_Z,Not applicable,_Z,Not applicable,Q,Constant prices,2025,,4324.258,,2020,,,,P,Provisional value,,,,,0,Units,1,One
DATAFLOW,OECD.ELS.HD:DSD_SHA@DF_SHA(1.1),Health expenditure and financing,I,CAN,Canada,A,Annual,EXP_HEALTH,Expenditure,USD_PPP_PS,"US dollars per person, PPP converted",HF2HF3,Voluntary schemes/household out-of-pocket payments,_Z,Not application,_T,Total,_T,Total,_T,Total,_Z,Not applicable,_Z,Not applicable,Q,Constant prices,2025,,1820.253,,2020,,,,P,Provisional value,,,,,0,Units,1,One
DATAFLOW,OECD.ELS.HD:DSD_SHA@DF_SHA(1.1),Health expenditure and financing,I,CAN,Canada,A,Annual,EXP_HEALTH,Expenditure,PT_B1GQ,Percentage of GDP,HF2HF3,Voluntary schemes/household out-of-pocket payments,_Z,Not application,_T,Total,_T,Total,_T,Total,_Z,Not applicable,_Z,Not applicable,_Z,Not applicable,2025,,3.402,,,,,,P,Provisional value,,,,,0,Units,1,One
DATAFLOW,OECD.ELS.HD:DSD_SHA@DF_SHA(1.1),Health expenditure and financing,I,CAN,Canada,A,Annual,EXP_HEALTH,Expenditure,PT_B1GQ,Percentage of GDP,HF1,Government/compulsory schemes,_Z,Not application,_T,Total,_T,Total,_T,Total,_Z,Not applicable,_Z,Not applicable,_Z,Not applicable,2025,,8.082,,,,,,P,Provisional value,,,,,0,Units,1,One
DATAFLOW,OECD.ELS.HD:DSD_SHA@DF_SHA(1.1),Health expenditure and financing,I,CAN,Canada,A,Annual,EXP_HEALTH,Expenditure,USD_PPP_PS,"US dollars per person, PPP converted",_T,Total,_Z,Not application,_T,Total,_T,Total,_T,Total,_Z,Not applicable,_Z,Not applicable,V,Current prices,2025,,7505.901,,,,,,P,Provisional value,,,,,0,Units,1,One
DATAFLOW,OECD.ELS.HD:DSD_SHA@DF_SHA(1.1),Health expenditure and financing,I,CAN,Canada,A,Annual,EXP_HEALTH,Expenditure,USD_PPP_PS,"US dollars per person, PPP converted",HF2HF3,Voluntary schemes/household out-of-pocket payments,_Z,Not application,_T,Total,_T,Total,_T,Total,_Z,Not applicable,_Z,Not applicable,V,Current prices,2025,,2223.552,,,,,,P,Provisional value,,,,,0,Units,1,One
DATAFLOW,OECD.ELS.HD:DSD_SHA@DF_SHA(1.1),Health expenditure and financing,I,CHL,Chile,A,Annual,EXP_HEALTH,Expenditure,USD_PPP_PS,"US dollars per person, PPP converted",HF1,Government/compulsory schemes,_Z,Not application,_T,Total,_T,Total,_T,Total,_Z,Not applicable,_Z,Not applicable,Q,Constant prices,2024,,1800.398,,2020,,,,,,,,,,0,Units,1,One
DATAFLOW,OECD.ELS.HD:DSD_SHA@DF_SHA(1.1),Health expenditure and financing,I,CHL,Chile,A,Annual,EXP_HEALTH,Expenditure,USD_PPP_PS,"US dollars per person, PPP converted",HF2HF3,Voluntary schemes/household out-of-pocket payments,_Z,Not application,_T,Total,_T,Total,_T,Total,_Z,Not applicable,_Z,Not applicable,Q,Constant prices,2024,,1383.935,,2020,,,,,,,,,,0,Units,1,One
DATAFLOW,OECD.ELS.HD:DSD_SHA@DF_SHA(1.1),Health expenditure and financing,I,CHL,Chile,A,Annual,EXP_HEALTH,Expenditure,USD_PPP_PS,"US dollars per person, PPP converted",_T,Total,_Z,Not application,_T,Total,_T,Total,_T,Total,_Z,Not applicable,_Z,Not applicable,Q,Constant prices,2024,,3184.333,,2020,,,,,,,,,,0,Units,1,One
DATAFLOW,OECD.ELS.HD:DSD_SHA@DF_SHA(1.1),Health expenditure and financing,I,CHL,Chile,A,Annual,EXP_HEALTH,Expenditure,USD_PPP_PS,"US dollars per person, PPP converted",_T,Total,_Z,Not application,_T,Total,_T,Total,_T,Total,_Z,Not applicable,_Z,Not applicable,Q,Constant prices,2021,,2865.452,,2020,,,,,,,,,,0,Units,1,One
DATAFLOW,OECD.ELS.HD:DSD_SHA@DF_SHA(1.1),Health expenditure and financing,I,CHL,Chile,A,Annual,EXP_HEALTH,Expenditure,USD_PPP_PS,"US dollars per person, PPP converted",HF2HF3,Voluntary schemes/household out-of-pocket payments,_Z,Not application,_T,Total,_T,Total,_T,Total,_Z,Not applicable,_Z,Not applicable,Q,Constant prices,2021,,1131.497,,2020,,,,,,,,,,0,Units,1,One
DATAFLOW,OECD.ELS.HD:DSD_SHA@DF_SHA(1.1),Health expenditure and financing,I,CHL,Chile,A,Annual,EXP_HEALTH,Expenditure,USD_PPP_PS,"US dollars per person, PPP converted",HF1,Government/compulsory schemes,_Z,Not application,_T,Total,_T,Total,_T,Total,_Z,Not applicable,_Z,Not applicable,Q,Constant prices,2021,,1733.955,,2020,,,,,,,,,,0,Units,1,One
DATAFLOW,OECD.ELS.HD:DSD_SHA@DF_SHA(1.1),Health expenditure and financing,I,CHL,Chile,A,Annual,EXP_HEALTH,Expenditure,USD_PPP_PS,"US dollars per person, PPP converted",HF1,Government/compulsory schemes,_Z,Not application,_T,Total,_T,Total,_T,Total,_Z,Not applicable,_Z,Not applicable,Q,Constant prices,2020,,1625.251,,2020,,,,,,,,,,0,Units,1,One
DATAFLOW,OECD.ELS.HD:DSD_SHA@DF_SHA(1.1),Health expenditure and financing,I,CHL,Chile,A,Annual,EXP_HEALTH,Expenditure,USD_PPP_PS,"US dollars per person, PPP converted",HF2HF3,Voluntary schemes/household out-of-pocket payments,_Z,Not application,_T,Total,_T,Total,_T,Total,_Z,Not applicable,_Z,Not applicable,Q,Constant prices,2020,,864.175,,2020,,,,,,,,,,0,Units,1,One
DATAFLOW,OECD.ELS.HD:DSD_SHA@DF_SHA(1.1),Health expenditure and financing,I,CHL,Chile,A,Annual,EXP_HEALTH,Expenditure,USD_PPP_PS,"US dollars per person, PPP converted",_T,Total,_Z,Not application,_T,Total,_T,Total,_T,Total,_Z,Not applicable,_Z,Not applicable,Q,Constant prices,2020,,2489.426,,2020,,,,,,,,,,0,Units,1,One
DATAFLOW,OECD.ELS.HD:DSD_SHA@DF_SHA(1.1),Health expenditure and financing,I,CHL,Chile,A,Annual,EXP_HEALTH,Expenditure,USD_PPP_PS,"US dollars per person, PPP converted",HF1,Government/compulsory schemes,_Z,Not application,_T,Total,_T,Total,_T,Total,_Z,Not applicable,_Z,Not applicable,Q,Constant prices,2022,,1706.53,,2020,,,,,,,,,,0,Units,1,One
DATAFLOW,OECD.ELS.HD:DSD_SHA@DF_SHA(1.1),Health expenditure and financing,I,CHL,Chile,A,Annual,EXP_HEALTH,Expenditure,USD_PPP_PS,"US dollars per person, PPP converted",HF2HF3,Voluntary schemes/household out-of-pocket payments,_Z,Not application,_T,Total,_T,Total,_T,Total,_Z,Not applicable,_Z,Not applicable,Q,Constant prices,2022,,1237.254,,2020,,,,,,,,,,0,Units,1,One
DATAFLOW,OECD.ELS.HD:DSD_SHA@DF_SHA(1.1),Health expenditure and financing,I,CHL,Chile,A,Annual,EXP_HEALTH,Expenditure,USD_PPP_PS,"US dollars per person, PPP converted",_T,Total,_Z,Not application,_T,Total,_T,Total,_T,Total,_Z,Not applicable,_Z,Not applicable,Q,Constant prices,2022,,2943.784,,2020,,,,,,,,,,0,Units,1,One
DATAFLOW,OECD.ELS.HD:DSD_SHA@DF_SHA(1.1),Health expenditure and financing,I,CHL,Chile,A,Annual,EXP_HEALTH,Expenditure,USD_PPP_PS,"US dollars per person, PPP converted",_T,Total,_Z,Not application,_T,Total,_T,Total,_T,Total,_Z,Not applicable,_Z,Not applicable,Q,Constant prices,2019,,2543.071,,2020,,,,,,,,,,0,Units,1,One
DATAFLOW,OECD.ELS.HD:DSD_SHA@DF_SHA(1.1),Health expenditure and financing,I,CHL,Chile,A,Annual,EXP_HEALTH,Expenditure,USD_PPP_PS,"US dollars per person, PPP converted",HF2HF3,Voluntary schemes/household out-of-pocket payments,_Z,Not application,_T,Total,_T,Total,_T,Total,_Z,Not applicable,_Z,Not applicable,Q,Constant prices,2019,,989.364,,2020,,,,,,,,,,0,Units,1,One
DATAFLOW,OECD.ELS.HD:DSD_SHA@DF_SHA(1.1),Health expenditure and financing,I,CHL,Chile,A,Annual,EXP_HEALTH,Expenditure,USD_PPP_PS,"US dollars per person, PPP converted",HF1,Government/compulsory schemes,_Z,Not application,_T,Total,_T,Total,_T,Total,_Z,Not applicable,_Z,Not applicable,Q,Constant prices,2019,,1553.707,,2020,,,,,,,,,,0,Units,1,One
DATAFLOW,OECD.ELS.HD:DSD_SHA@DF_SHA(1.1),Health expenditure and financing,I,CHL,Chile,A,Annual,EXP_HEALTH,Expenditure,USD_PPP_PS,"US dollars per person, PPP converted",HF1,Government/compulsory schemes,_Z,Not application,_T,Total,_T,Total,_T,Total,_Z,Not applicable,_Z,Not applicable,Q,Constant prices,2018,,1537.605,,2020,,,,,,,,,,0,Units,1,One
DATAFLOW,OECD.ELS.HD:DSD_SHA@DF_SHA(1.1),Health expenditure and financing,I,CHL,Chile,A,Annual,EXP_HEALTH,Expenditure,USD_PPP_PS,"US dollars per person, PPP converted",HF2HF3,Voluntary schemes/household out-of-pocket payments,_Z,Not application,_T,Total,_T,Total,_T,Total,_Z,Not applicable,_Z,Not applicable,Q,Constant prices,2018,,989.148,,2020,,,,,,,,,,0,Units,1,One
DATAFLOW,OECD.ELS.HD:DSD_SHA@DF_SHA(1.1),Health expenditure and financing,I,CHL,Chile,A,Annual,EXP_HEALTH,Expenditure,USD_PPP_PS,"US dollars per person, PPP converted",_T,Total,_Z,Not application,_T,Total,_T,Total,_T,Total,_Z,Not applicable,_Z,Not applicable,Q,Constant prices,2018,,2526.753,,2020,,,,,,,,,,0,Units,1,One
DATAFLOW,OECD.ELS.HD:DSD_SHA@DF_SHA(1.1),Health expenditure and financing,I,CHL,Chile,A,Annual,EXP_HEALTH,Expenditure,USD_PPP_PS,"US dollars per person, PPP converted",_T,Total,_Z,Not application,_T,Total,_T,Total,_T,Total,_Z,Not applicable,_Z,Not applicable,Q,Constant prices,2023,,3003.406,,2020,,,,,,,,,,0,Units,1,One
DATAFLOW,OECD.ELS.HD:DSD_SHA@DF_SHA(1.1),Health expenditure and financing,I,CHL,Chile,A,Annual,EXP_HEALTH,Expenditure,USD_PPP_PS,"US dollars per person, PPP converted",HF2HF3,Voluntary schemes/household out-of-pocket payments,_Z,Not application,_T,Total,_T,Total,_T,Total,_Z,Not applicable,_Z,Not applicable,Q,Constant prices,2023,,1244.783,,2020,,,,,,,,,,0,Units,1,One
DATAFLOW,OECD.ELS.HD:DSD_SHA@DF_SHA(1.1),Health expenditure and financing,I,CHL,Chile,A,Annual,EXP_HEALTH,Expenditure,USD_PPP_PS,"US dollars per person, PPP converted",HF1,Government/compulsory schemes,_Z,Not application,_T,Total,_T,Total,_T,Total,_Z,Not applicable,_Z,Not applicable,Q,Constant prices,2023,,1758.623,,2020,,,,,,,,,,0,Units,1,One
DATAFLOW,OECD.ELS.HD:DSD_SHA@DF_SHA(1.1),Health expenditure and financing,I,CHL,Chile,A,Annual,EXP_HEALTH,Expenditure,PT_B1GQ,Percentage of GDP,HF1,Government/compulsory schemes,_Z,Not application,_T,Total,_T,Total,_T,Total,_Z,Not applicable,_Z,Not applicable,_Z,Not applicable,2023,,6.029,,,,,,,,,,,,0,Units,1,One
DATAFLOW,OECD.ELS.HD:DSD_SHA@DF_SHA(1.1),Health expenditure and financing,I,CHL,Chile,A,Annual,EXP_HEALTH,Expenditure,PT_B1GQ,Percentage of GDP,_T,Total,_Z,Not application,_T,Total,_T,Total,_T,Total,_Z,Not applicable,_Z,Not applicable,_Z,Not applicable,2023,,10.297,,,,,,,,,,,,0,Units,1,One
DATAFLOW,OECD.ELS.HD:DSD_SHA@DF_SHA(1.1),Health expenditure and financing,I,CHL,Chile,A,Annual,EXP_HEALTH,Expenditure,PT_B1GQ,Percentage of GDP,HF2HF3,Voluntary schemes/household out-of-pocket payments,_Z,Not application,_T,Total,_T,Total,_T,Total,_Z,Not applicable,_Z,Not applicable,_Z,Not applicable,2023,,4.268,,,,,,,,,,,,0,Units,1,One
DATAFLOW,OECD.ELS.HD:DSD_SHA@DF_SHA(1.1),Health expenditure and financing,I,CHL,Chile,A,Annual,EXP_HEALTH,Expenditure,PT_B1GQ,Percentage of GDP,HF2HF3,Voluntary schemes/household out-of-pocket payments,_Z,Not application,_T,Total,_T,Total,_T,Total,_Z,Not applicable,_Z,Not applicable,_Z,Not applicable,2024,,4.554,,,,,,,,,,,,0,Units,1,One
DATAFLOW,OECD.ELS.HD:DSD_SHA@DF_SHA(1.1),Health expenditure and financing,I,CHL,Chile,A,Annual,EXP_HEALTH,Expenditure,PT_B1GQ,Percentage of GDP,_T,Total,_Z,Not application,_T,Total,_T,Total,_T,Total,_Z,Not applicable,_Z,Not applicable,_Z,Not applicable,2024,,10.478,,,,,,,,,,,,0,Units,1,One
DATAFLOW,OECD.ELS.HD:DSD_SHA@DF_SHA(1.1),Health expenditure and financing,I,CHL,Chile,A,Annual,EXP_HEALTH,Expenditure,PT_B1GQ,Percentage of GDP,HF1,Government/compulsory schemes,_Z,Not application,_T,Total,_T,Total,_T,Total,_Z,Not applicable,_Z,Not applicable,_Z,Not applicable,2024,,5.924,,,,,,,,,,,,0,Units,1,One
DATAFLOW,OECD.ELS.HD:DSD_SHA@DF_SHA(1.1),Health expenditure and financing,I,CHL,Chile,A,Annual,EXP_HEALTH,Expenditure,PT_B1GQ,Percentage of GDP,HF1,Government/compulsory schemes,_Z,Not application,_T,Total,_T,Total,_T,Total,_Z,Not applicable,_Z,Not applicable,_Z,Not applicable,2021,,5.881,,,,,,,,,,,,0,Units,1,One
DATAFLOW,OECD.ELS.HD:DSD_SHA@DF_SHA(1.1),Health expenditure and financing,I,CHL,Chile,A,Annual,EXP_HEALTH,Expenditure,PT_B1GQ,Percentage of GDP,_T,Total,_Z,Not application,_T,Total,_T,Total,_T,Total,_Z,Not applicable,_Z,Not applicable,_Z,Not applicable,2021,,9.719,,,,,,,,,,,,0,Units,1,One
DATAFLOW,OECD.ELS.HD:DSD_SHA@DF_SHA(1.1),Health expenditure and financing,I,CHL,Chile,A,Annual,EXP_HEALTH,Expenditure,PT_B1GQ,Percentage of GDP,HF2HF3,Voluntary schemes/household out-of-pocket payments,_Z,Not application,_T,Total,_T,Total,_T,Total,_Z,Not applicable,_Z,Not applicable,_Z,Not applicable,2021,,3.838,,,,,,,,,,,,0,Units,1,One
DATAFLOW,OECD.ELS.HD:DSD_SHA@DF_SHA(1.1),Health expenditure and financing,I,CHL,Chile,A,Annual,EXP_HEALTH,Expenditure,PT_B1GQ,Percentage of GDP,HF2HF3,Voluntary schemes/household out-of-pocket payments,_Z,Not application,_T,Total,_T,Total,_T,Total,_Z,Not applicable,_Z,Not applicable,_Z,Not applicable,2020,,3.366,,,,,,,,,,,,0,Units,1,One
DATAFLOW,OECD.ELS.HD:DSD_SHA@DF_SHA(1.1),Health expenditure and financing,I,CHL,Chile,A,Annual,EXP_HEALTH,Expenditure,PT_B1GQ,Percentage of GDP,_T,Total,_Z,Not application,_T,Total,_T,Total,_T,Total,_Z,Not applicable,_Z,Not applicable,_Z,Not applicable,2020,,9.697,,,,,,,,,,,,0,Units,1,One
DATAFLOW,OECD.ELS.HD:DSD_SHA@DF_SHA(1.1),Health expenditure and financing,I,CHL,Chile,A,Annual,EXP_HEALTH,Expenditure,PT_B1GQ,Percentage of GDP,HF1,Government/compulsory schemes,_Z,Not application,_T,Total,_T,Total,_T,Total,_Z,Not applicable,_Z,Not applicable,_Z,Not applicable,2020,,6.331,,,,,,,,,,,,0,Units,1,One
DATAFLOW,OECD.ELS.HD:DSD_SHA@DF_SHA(1.1),Health expenditure and financing,I,CHL,Chile,A,Annual,EXP_HEALTH,Expenditure,PT_B1GQ,Percentage of GDP,HF2HF3,Voluntary schemes/household out-of-pocket payments,_Z,Not application,_T,Total,_T,Total,_T,Total,_Z,Not applicable,_Z,Not applicable,_Z,Not applicable,2022,,4.207,,,,,,,,,,,,0,Units,1,One
DATAFLOW,OECD.ELS.HD:DSD_SHA@DF_SHA(1.1),Health expenditure and financing,I,CHL,Chile,A,Annual,EXP_HEALTH,Expenditure,PT_B1GQ,Percentage of GDP,_T,Total,_Z,Not application,_T,Total,_T,Total,_T,Total,_Z,Not applicable,_Z,Not applicable,_Z,Not applicable,2022,,10.01,,,,,,,,,,,,0,Units,1,One
DATAFLOW,OECD.ELS.HD:DSD_SHA@DF_SHA(1.1),Health expenditure and financing,I,CHL,Chile,A,Annual,EXP_HEALTH,Expenditure,PT_B1GQ,Percentage of GDP,HF1,Government/compulsory schemes,_Z,Not application,_T,Total,_T,Total,_T,Total,_Z,Not applicable,_Z,Not applicable,_Z,Not applicable,2022,,5.803,,,,,,,,,,,,0,Units,1,One
DATAFLOW,OECD.ELS.HD:DSD_SHA@DF_SHA(1.1),Health expenditure and financing,I,CHL,Chile,A,Annual,EXP_HEALTH,Expenditure,PT_B1GQ,Percentage of GDP,HF2HF3,Voluntary schemes/household out-of-pocket payments,_Z,Not application,_T,Total,_T,Total,_T,Total,_Z,Not applicable,_Z,Not applicable,_Z,Not applicable,2018,,3.582,,,,,,,,,,,,0,Units,1,One
DATAFLOW,OECD.ELS.HD:DSD_SHA@DF_SHA(1.1),Health expenditure and financing,I,CHL,Chile,A,Annual,EXP_HEALTH,Expenditure,PT_B1GQ,Percentage of GDP,_T,Total,_Z,Not application,_T,Total,_T,Total,_T,Total,_Z,Not applicable,_Z,Not applicable,_Z,Not applicable,2018,,9.15,,,,,,,,,,,,0,Units,1,One
DATAFLOW,OECD.ELS.HD:DSD_SHA@DF_SHA(1.1),Health expenditure and financing,I,CHL,Chile,A,Annual,EXP_HEALTH,Expenditure,PT_B1GQ,Percentage of GDP,HF1,Government/compulsory schemes,_Z,Not application,_T,Total,_T,Total,_T,Total,_Z,Not applicable,_Z,Not applicable,_Z,Not applicable,2018,,5.568,,,,,,,,,,,,0,Units,1,One
DATAFLOW,OECD.ELS.HD:DSD_SHA@DF_SHA(1.1),Health expenditure and financing,I,CHL,Chile,A,Annual,EXP_HEALTH,Expenditure,PT_B1GQ,Percentage of GDP,HF1,Government/compulsory schemes,_Z,Not application,_T,Total,_T,Total,_T,Total,_Z,Not applicable,_Z,Not applicable,_Z,Not applicable,2019,,5.703,,,,,,,,,,,,0,Units,1,One
DATAFLOW,OECD.ELS.HD:DSD_SHA@DF_SHA(1.1),Health expenditure and financing,I,CHL,Chile,A,Annual,EXP_HEALTH,Expenditure,PT_B1GQ,Percentage of GDP,_T,Total,_Z,Not application,_T,Total,_T,Total,_T,Total,_Z,Not applicable,_Z,Not applicable,_Z,Not applicable,2019,,9.334,,,,,,,,,,,,0,Units,1,One
DATAFLOW,OECD.ELS.HD:DSD_SHA@DF_SHA(1.1),Health expenditure and financing,I,CHL,Chile,A,Annual,EXP_HEALTH,Expenditure,PT_B1GQ,Percentage of GDP,HF2HF3,Voluntary schemes/household out-of-pocket payments,_Z,Not application,_T,Total,_T,Total,_T,Total,_Z,Not applicable,_Z,Not applicable,_Z,Not applicable,2019,,3.631,,,,,,,,,,,,0,Units,1,One
DATAFLOW,OECD.ELS.HD:DSD_SHA@DF_SHA(1.1),Health expenditure and financing,I,CHL,Chile,A,Annual,EXP_HEALTH,Expenditure,USD_PPP_PS,"US dollars per person, PPP converted",HF1,Government/compulsory schemes,_Z,Not application,_T,Total,_T,Total,_T,Total,_Z,Not applicable,_Z,Not applicable,V,Current prices,2024,,2263.24,,,,,,,,,,,,0,Units,1,One
DATAFLOW,OECD.ELS.HD:DSD_SHA@DF_SHA(1.1),Health expenditure and financing,I,CHL,Chile,A,Annual,EXP_HEALTH,Expenditure,USD_PPP_PS,"US dollars per person, PPP converted",_T,Total,_Z,Not application,_T,Total,_T,Total,_T,Total,_Z,Not applicable,_Z,Not applicable,V,Current prices,2024,,4002.955,,,,,,,,,,,,0,Units,1,One
DATAFLOW,OECD.ELS.HD:DSD_SHA@DF_SHA(1.1),Health expenditure and financing,I,CHL,Chile,A,Annual,EXP_HEALTH,Expenditure,USD_PPP_PS,"US dollars per person, PPP converted",HF2HF3,Voluntary schemes/household out-of-pocket payments,_Z,Not application,_T,Total,_T,Total,_T,Total,_Z,Not applicable,_Z,Not applicable,V,Current prices,2024,,1739.715,,,,,,,,,,,,0,Units,1,One
DATAFLOW,OECD.ELS.HD:DSD_SHA@DF_SHA(1.1),Health expenditure and financing,I,CHL,Chile,A,Annual,EXP_HEALTH,Expenditure,USD_PPP_PS,"US dollars per person, PPP converted",HF2HF3,Voluntary schemes/household out-of-pocket payments,_Z,Not application,_T,Total,_T,Total,_T,Total,_Z,Not applicable,_Z,Not applicable,V,Current prices,2021,,1124.718,,,,,,,,,,,,0,Units,1,One
DATAFLOW,OECD.ELS.HD:DSD_SHA@DF_SHA(1.1),Health expenditure and financing,I,CHL,Chile,A,Annual,EXP_HEALTH,Expenditure,USD_PPP_PS,"US dollars per person, PPP converted",_T,Total,_Z,Not application,_T,Total,_T,Total,_T,Total,_Z,Not applicable,_Z,Not applicable,V,Current prices,2021,,2848.285,,,,,,,,,,,,0,Units,1,One
DATAFLOW,OECD.ELS.HD:DSD_SHA@DF_SHA(1.1),Health expenditure and financing,I,CHL,Chile,A,Annual,EXP_HEALTH,Expenditure,USD_PPP_PS,"US dollars per person, PPP converted",HF1,Government/compulsory schemes,_Z,Not application,_T,Total,_T,Total,_T,Total,_Z,Not applicable,_Z,Not applicable,V,Current prices,2021,,1723.567,,,,,,,,,,,,0,Units,1,One
DATAFLOW,OECD.ELS.HD:DSD_SHA@DF_SHA(1.1),Health expenditure and financing,I,CHL,Chile,A,Annual,EXP_HEALTH,Expenditure,USD_PPP_PS,"US dollars per person, PPP converted",HF1,Government/compulsory schemes,_Z,Not application,_T,Total,_T,Total,_T,Total,_Z,Not applicable,_Z,Not applicable,V,Current prices,2020,,1625.251,,,,,,,,,,,,0,Units,1,One
DATAFLOW,OECD.ELS.HD:DSD_SHA@DF_SHA(1.1),Health expenditure and financing,I,CHL,Chile,A,Annual,EXP_HEALTH,Expenditure,USD_PPP_PS,"US dollars per person, PPP converted",_T,Total,_Z,Not application,_T,Total,_T,Total,_T,Total,_Z,Not applicable,_Z,Not applicable,V,Current prices,2020,,2489.426,,,,,,,,,,,,0,Units,1,One
DATAFLOW,OECD.ELS.HD:DSD_SHA@DF_SHA(1.1),Health expenditure and financing,I,CHL,Chile,A,Annual,EXP_HEALTH,Expenditure,USD_PPP_PS,"US dollars per person, PPP converted",HF2HF3,Voluntary schemes/household out-of-pocket payments,_Z,Not application,_T,Total,_T,Total,_T,Total,_Z,Not applicable,_Z,Not applicable,V,Current prices,2020,,864.175,,,,,,,,,,,,0,Units,1,One
DATAFLOW,OECD.ELS.HD:DSD_SHA@DF_SHA(1.1),Health expenditure and financing,I,CHL,Chile,A,Annual,EXP_HEALTH,Expenditure,USD_PPP_PS,"US dollars per person, PPP converted",HF1,Government/compulsory schemes,_Z,Not application,_T,Total,_T,Total,_T,Total,_Z,Not applicable,_Z,Not applicable,V,Current prices,2022,,1814.554,,,,,,,,,,,,0,Units,1,One
DATAFLOW,OECD.ELS.HD:DSD_SHA@DF_SHA(1.1),Health expenditure and financing,I,CHL,Chile,A,Annual,EXP_HEALTH,Expenditure,USD_PPP_PS,"US dollars per person, PPP converted",_T,Total,_Z,Not application,_T,Total,_T,Total,_T,Total,_Z,Not applicable,_Z,Not applicable,V,Current prices,2022,,3130.127,,,,,,,,,,,,0,Units,1,One
DATAFLOW,OECD.ELS.HD:DSD_SHA@DF_SHA(1.1),Health expenditure and financing,I,CHL,Chile,A,Annual,EXP_HEALTH,Expenditure,USD_PPP_PS,"US dollars per person, PPP converted",HF2HF3,Voluntary schemes/household out-of-pocket payments,_Z,Not application,_T,Total,_T,Total,_T,Total,_Z,Not applicable,_Z,Not applicable,V,Current prices,2022,,1315.573,,,,,,,,,,,,0,Units,1,One
DATAFLOW,OECD.ELS.HD:DSD_SHA@DF_SHA(1.1),Health expenditure and financing,I,CHL,Chile,A,Annual,EXP_HEALTH,Expenditure,USD_PPP_PS,"US dollars per person, PPP converted",HF2HF3,Voluntary schemes/household out-of-pocket payments,_Z,Not application,_T,Total,_T,Total,_T,Total,_Z,Not applicable,_Z,Not applicable,V,Current prices,2019,,929.595,,,,,,,,,,,,0,Units,1,One
DATAFLOW,OECD.ELS.HD:DSD_SHA@DF_SHA(1.1),Health expenditure and financing,I,CHL,Chile,A,Annual,EXP_HEALTH,Expenditure,USD_PPP_PS,"US dollars per person, PPP converted",_T,Total,_Z,Not application,_T,Total,_T,Total,_T,Total,_Z,Not applicable,_Z,Not applicable,V,Current prices,2019,,2389.441,,,,,,,,,,,,0,Units,1,One
DATAFLOW,OECD.ELS.HD:DSD_SHA@DF_SHA(1.1),Health expenditure and financing,I,CHL,Chile,A,Annual,EXP_HEALTH,Expenditure,USD_PPP_PS,"US dollars per person, PPP converted",HF1,Government/compulsory schemes,_Z,Not application,_T,Total,_T,Total,_T,Total,_Z,Not applicable,_Z,Not applicable,V,Current prices,2019,,1459.846,,,,,,,,,,,,0,Units,1,One
DATAFLOW,OECD.ELS.HD:DSD_SHA@DF_SHA(1.1),Health expenditure and financing,I,CHL,Chile,A,Annual,EXP_HEALTH,Expenditure,USD_PPP_PS,"US dollars per person, PPP converted",HF1,Government/compulsory schemes,_Z,Not application,_T,Total,_T,Total,_T,Total,_Z,Not applicable,_Z,Not applicable,V,Current prices,2018,,1376.81,,,,,,,,,,,,0,Units,1,One
DATAFLOW,OECD.ELS.HD:DSD_SHA@DF_SHA(1.1),Health expenditure and financing,I,CHL,Chile,A,Annual,EXP_HEALTH,Expenditure,USD_PPP_PS,"US dollars per person, PPP converted",_T,Total,_Z,Not application,_T,Total,_T,Total,_T,Total,_Z,Not applicable,_Z,Not applicable,V,Current prices,2018,,2262.518,,,,,,,,,,,,0,Units,1,One
DATAFLOW,OECD.ELS.HD:DSD_SHA@DF_SHA(1.1),Health expenditure and financing,I,CHL,Chile,A,Annual,EXP_HEALTH,Expenditure,USD_PPP_PS,"US dollars per person, PPP converted",HF2HF3,Voluntary schemes/household out-of-pocket payments,_Z,Not application,_T,Total,_T,Total,_T,Total,_Z,Not applicable,_Z,Not applicable,V,Current prices,2018,,885.708,,,,,,,,,,,,0,Units,1,One
DATAFLOW,OECD.ELS.HD:DSD_SHA@DF_SHA(1.1),Health expenditure and financing,I,CHL,Chile,A,Annual,EXP_HEALTH,Expenditure,USD_PPP_PS,"US dollars per person, PPP converted",HF2HF3,Voluntary schemes/household out-of-pocket payments,_Z,Not application,_T,Total,_T,Total,_T,Total,_Z,Not applicable,_Z,Not applicable,V,Current prices,2023,,1457.005,,,,,,,,,,,,0,Units,1,One
DATAFLOW,OECD.ELS.HD:DSD_SHA@DF_SHA(1.1),Health expenditure and financing,I,CHL,Chile,A,Annual,EXP_HEALTH,Expenditure,USD_PPP_PS,"US dollars per person, PPP converted",_T,Total,_Z,Not application,_T,Total,_T,Total,_T,Total,_Z,Not applicable,_Z,Not applicable,V,Current prices,2023,,3515.455,,,,,,,,,,,,0,Units,1,One
DATAFLOW,OECD.ELS.HD:DSD_SHA@DF_SHA(1.1),Health expenditure and financing,I,CHL,Chile,A,Annual,EXP_HEALTH,Expenditure,USD_PPP_PS,"US dollars per person, PPP converted",HF1,Government/compulsory schemes,_Z,Not application,_T,Total,_T,Total,_T,Total,_Z,Not applicable,_Z,Not applicable,V,Current prices,2023,,2058.45,,,,,,,,,,,,0,Units,1,One
DATAFLOW,OECD.ELS.HD:DSD_SHA@DF_SHA(1.1),Health expenditure and financing,I,DEU,Germany,A,Annual,EXP_HEALTH,Expenditure,USD_PPP_PS,"US dollars per person, PPP converted",HF2HF3,Voluntary schemes/household out-of-pocket payments,_Z,Not application,_T,Total,_T,Total,_T,Total,_Z,Not applicable,_Z,Not applicable,Q,Constant prices,2023,,1036.938,,2020,,,,,,,,,,0,Units,1,One
DATAFLOW,OECD.ELS.HD:DSD_SHA@DF_SHA(1.1),Health expenditure and financing,I,DEU,Germany,A,Annual,EXP_HEALTH,Expenditure,USD_PPP_PS,"US dollars per person, PPP converted",_T,Total,_Z,Not application,_T,Total,_T,Total,_T,Total,_Z,Not applicable,_Z,Not applicable,Q,Constant prices,2023,,7230.747,,2020,,,,,,,,,,0,Units,1,One
DATAFLOW,OECD.ELS.HD:DSD_SHA@DF_SHA(1.1),Health expenditure and financing,I,DEU,Germany,A,Annual,EXP_HEALTH,Expenditure,USD_PPP_PS,"US dollars per person, PPP converted",HF1,Government/compulsory schemes,_Z,Not application,_T,Total,_T,Total,_T,Total,_Z,Not applicable,_Z,Not applicable,Q,Constant prices,2023,,6193.809,,2020,,,,,,,,,,0,Units,1,One
DATAFLOW,OECD.ELS.HD:DSD_SHA@DF_SHA(1.1),Health expenditure and financing,I,DEU,Germany,A,Annual,EXP_HEALTH,Expenditure,USD_PPP_PS,"US dollars per person, PPP converted",HF1,Government/compulsory schemes,_Z,Not application,_T,Total,_T,Total,_T,Total,_Z,Not applicable,_Z,Not applicable,Q,Constant prices,2024,,6500.475,,2020,,,,,,,,,,0,Units,1,One
DATAFLOW,OECD.ELS.HD:DSD_SHA@DF_SHA(1.1),Health expenditure and financing,I,DEU,Germany,A,Annual,EXP_HEALTH,Expenditure,USD_PPP_PS,"US dollars per person, PPP converted",_T,Total,_Z,Not application,_T,Total,_T,Total,_T,Total,_Z,Not applicable,_Z,Not applicable,Q,Constant prices,2024,,7569.005,,2020,,,,,,,,,,0,Units,1,One
DATAFLOW,OECD.ELS.HD:DSD_SHA@DF_SHA(1.1),Health expenditure and financing,I,DEU,Germany,A,Annual,EXP_HEALTH,Expenditure,USD_PPP_PS,"US dollars per person, PPP converted",HF2HF3,Voluntary schemes/household out-of-pocket payments,_Z,Not application,_T,Total,_T,Total,_T,Total,_Z,Not applicable,_Z,Not applicable,Q,Constant prices,2024,,1068.53,,2020,,,,,,,,,,0,Units,1,One
DATAFLOW,OECD.ELS.HD:DSD_SHA@DF_SHA(1.1),Health expenditure and financing,I,DEU,Germany,A,Annual,EXP_HEALTH,Expenditure,PT_B1GQ,Percentage of GDP,_T,Total,_Z,Not application,_T,Total,_T,Total,_T,Total,_Z,Not applicable,_Z,Not applicable,_Z,Not applicable,2023,,11.637,,,,,,,,,,,,0,Units,1,One
DATAFLOW,OECD.ELS.HD:DSD_SHA@DF_SHA(1.1),Health expenditure and financing,I,DEU,Germany,A,Annual,EXP_HEALTH,Expenditure,PT_B1GQ,Percentage of GDP,HF1,Government/compulsory schemes,_Z,Not application,_T,Total,_T,Total,_T,Total,_Z,Not applicable,_Z,Not applicable,_Z,Not applicable,2023,,9.968,,,,,,,,,,,,0,Units,1,One
DATAFLOW,OECD.ELS.HD:DSD_SHA@DF_SHA(1.1),Health expenditure and financing,I,DEU,Germany,A,Annual,EXP_HEALTH,Expenditure,PT_B1GQ,Percentage of GDP,HF2HF3,Voluntary schemes/household out-of-pocket payments,_Z,Not application,_T,Total,_T,Total,_T,Total,_Z,Not applicable,_Z,Not applicable,_Z,Not applicable,2023,,1.669,,,,,,,,,,,,0,Units,1,One
DATAFLOW,OECD.ELS.HD:DSD_SHA@DF_SHA(1.1),Health expenditure and financing,I,DEU,Germany,A,Annual,EXP_HEALTH,Expenditure,PT_B1GQ,Percentage of GDP,HF2HF3,Voluntary schemes/household out-of-pocket payments,_Z,Not application,_T,Total,_T,Total,_T,Total,_Z,Not applicable,_Z,Not applicable,_Z,Not applicable,2024,,1.723,,,,,,,,,,,,0,Units,1,One
DATAFLOW,OECD.ELS.HD:DSD_SHA@DF_SHA(1.1),Health expenditure and financing,I,DEU,Germany,A,Annual,EXP_HEALTH,Expenditure,PT_B1GQ,Percentage of GDP,HF1,Government/compulsory schemes,_Z,Not application,_T,Total,_T,Total,_T,Total,_Z,Not applicable,_Z,Not applicable,_Z,Not applicable,2024,,10.485,,,,,,,,,,,,0,Units,1,One
DATAFLOW,OECD.ELS.HD:DSD_SHA@DF_SHA(1.1),Health expenditure and financing,I,DEU,Germany,A,Annual,EXP_HEALTH,Expenditure,PT_B1GQ,Percentage of GDP,_T,Total,_Z,Not application,_T,Total,_T,Total,_T,Total,_Z,Not applicable,_Z,Not applicable,_Z,Not applicable,2024,,12.208,,,,,,,,,,,,0,Units,1,One
DATAFLOW,OECD.ELS.HD:DSD_SHA@DF_SHA(1.1),Health expenditure and financing,I,DEU,Germany,A,Annual,EXP_HEALTH,Expenditure,USD_PPP_PS,"US dollars per person, PPP converted",HF2HF3,Voluntary schemes/household out-of-pocket payments,_Z,Not application,_T,Total,_T,Total,_T,Total,_Z,Not applicable,_Z,Not applicable,V,Current prices,2023,,1280.25,,,,,,,,,,,,0,Units,1,One
DATAFLOW,OECD.ELS.HD:DSD_SHA@DF_SHA(1.1),Health expenditure and financing,I,DEU,Germany,A,Annual,EXP_HEALTH,Expenditure,USD_PPP_PS,"US dollars per person, PPP converted",HF1,Government/compulsory schemes,_Z,Not application,_T,Total,_T,Total,_T,Total,_Z,Not applicable,_Z,Not applicable,V,Current prices,2023,,7647.151,,,,,,,,,,,,0,Units,1,One
DATAFLOW,OECD.ELS.HD:DSD_SHA@DF_SHA(1.1),Health expenditure and financing,I,DEU,Germany,A,Annual,EXP_HEALTH,Expenditure,USD_PPP_PS,"US dollars per person, PPP converted",_T,Total,_Z,Not application,_T,Total,_T,Total,_T,Total,_Z,Not applicable,_Z,Not applicable,V,Current prices,2023,,8927.4,,,,,,,,,,,,0,Units,1,One
DATAFLOW,OECD.ELS.HD:DSD_SHA@DF_SHA(1.1),Health expenditure and financing,I,DEU,Germany,A,Annual,EXP_HEALTH,Expenditure,USD_PPP_PS,"US dollars per person, PPP converted",_T,Total,_Z,Not application,_T,Total,_T,Total,_T,Total,_Z,Not applicable,_Z,Not applicable,V,Current prices,2024,,9584.343,,,,,,,,,,,,0,Units,1,One
DATAFLOW,OECD.ELS.HD:DSD_SHA@DF_SHA(1.1),Health expenditure and financing,I,DEU,Germany,A,Annual,EXP_HEALTH,Expenditure,USD_PPP_PS,"US dollars per person, PPP converted",HF1,Government/compulsory schemes,_Z,Not application,_T,Total,_T,Total,_T,Total,_Z,Not applicable,_Z,Not applicable,V,Current prices,2024,,8231.304,,,,,,,,,,,,0,Units,1,One
DATAFLOW,OECD.ELS.HD:DSD_SHA@DF_SHA(1.1),Health expenditure and financing,I,DEU,Germany,A,Annual,EXP_HEALTH,Expenditure,USD_PPP_PS,"US dollars per person, PPP converted",HF2HF3,Voluntary schemes/household out-of-pocket payments,_Z,Not application,_T,Total,_T,Total,_T,Total,_Z,Not applicable,_Z,Not applicable,V,Current prices,2024,,1353.038,,,,,,,,,,,,0,Units,1,One
DATAFLOW,OECD.ELS.HD:DSD_SHA@DF_SHA(1.1),Health expenditure and financing,I,AUS,Australia,A,Annual,EXP_HEALTH,Expenditure,PT_B1GQ,Percentage of GDP,HF2HF3,Voluntary schemes/household out-of-pocket payments,_Z,Not application,_T,Total,_T,Total,_T,Total,_Z,Not applicable,_Z,Not applicable,_Z,Not applicable,2024,,2.956,,,,,,E,Estimated value,,,,,0,Units,1,One
DATAFLOW,OECD.ELS.HD:DSD_SHA@DF_SHA(1.1),Health expenditure and financing,I,AUS,Australia,A,Annual,EXP_HEALTH,Expenditure,USD_PPP_PS,"US dollars per person, PPP converted",_T,Total,_Z,Not application,_T,Total,_T,Total,_T,Total,_Z,Not applicable,_Z,Not applicable,Q,Constant prices,2024,,6246.714,,2020,,,,E,Estimated value,,,,,0,Units,1,One
DATAFLOW,OECD.ELS.HD:DSD_SHA@DF_SHA(1.1),Health expenditure and financing,I,AUS,Australia,A,Annual,EXP_HEALTH,Expenditure,PT_B1GQ,Percentage of GDP,HF1,Government/compulsory schemes,_Z,Not application,_T,Total,_T,Total,_T,Total,_Z,Not applicable,_Z,Not applicable,_Z,Not applicable,2024,,7.882,,,,,,E,Estimated value,,,,,0,Units,1,One
DATAFLOW,OECD.ELS.HD:DSD_SHA@DF_SHA(1.1),Health expenditure and financing,I,AUS,Australia,A,Annual,EXP_HEALTH,Expenditure,USD_PPP_PS,"US dollars per person, PPP converted",_T,Total,_Z,Not application,_T,Total,_T,Total,_T,Total,_Z,Not applicable,_Z,Not applicable,V,Current prices,2024,,7884.927,,,,,,E,Estimated value,,,,,0,Units,1,One
DATAFLOW,OECD.ELS.HD:DSD_SHA@DF_SHA(1.1),Health expenditure and financing,I,AUS,Australia,A,Annual,EXP_HEALTH,Expenditure,USD_PPP_PS,"US dollars per person, PPP converted",HF2HF3,Voluntary schemes/household out-of-pocket payments,_Z,Not application,_T,Total,_T,Total,_T,Total,_Z,Not applicable,_Z,Not applicable,V,Current prices,2024,,2150.484,,,,,,E,Estimated value,,,,,0,Units,1,One
DATAFLOW,OECD.ELS.HD:DSD_SHA@DF_SHA(1.1),Health expenditure and financing,I,AUS,Australia,A,Annual,EXP_HEALTH,Expenditure,PT_B1GQ,Percentage of GDP,_T,Total,_Z,Not application,_T,Total,_T,Total,_T,Total,_Z,Not applicable,_Z,Not applicable,_Z,Not applicable,2024,,10.838,,,,,,E,Estimated value,,,,,0,Units,1,One
DATAFLOW,OECD.ELS.HD:DSD_SHA@DF_SHA(1.1),Health expenditure and financing,I,AUS,Australia,A,Annual,EXP_HEALTH,Expenditure,USD_PPP_PS,"US dollars per person, PPP converted",HF1,Government/compulsory schemes,_Z,Not application,_T,Total,_T,Total,_T,Total,_Z,Not applicable,_Z,Not applicable,V,Current prices,2024,,5734.443,,,,,,E,Estimated value,,,,,0,Units,1,One
DATAFLOW,OECD.ELS.HD:DSD_SHA@DF_SHA(1.1),Health expenditure and financing,I,AUS,Australia,A,Annual,EXP_HEALTH,Expenditure,USD_PPP_PS,"US dollars per person, PPP converted",HF2HF3,Voluntary schemes/household out-of-pocket payments,_Z,Not application,_T,Total,_T,Total,_T,Total,_Z,Not applicable,_Z,Not applicable,Q,Constant prices,2024,,1703.689,,2020,,,,E,Estimated value,,,,,0,Units,1,One
DATAFLOW,OECD.ELS.HD:DSD_SHA@DF_SHA(1.1),Health expenditure and financing,I,AUS,Australia,A,Annual,EXP_HEALTH,Expenditure,USD_PPP_PS,"US dollars per person, PPP converted",HF1,Government/compulsory schemes,_Z,Not application,_T,Total,_T,Total,_T,Total,_Z,Not applicable,_Z,Not applicable,Q,Constant prices,2024,,4543.025,,2020,,,,E,Estimated value,,,,,0,Units,1,One
DATAFLOW,OECD.ELS.HD:DSD_SHA@DF_SHA(1.1),Health expenditure and financing,I,AUS,Australia,A,Annual,EXP_HEALTH,Expenditure,USD_PPP_PS,"US dollars per person, PPP converted",HF1,Government/compulsory schemes,_Z,Not application,_T,Total,_T,Total,_T,Total,_Z,Not applicable,_Z,Not applicable,Q,Constant prices,2025,,4718.26,,2020,,,,E,Estimated value,,,,,0,Units,1,One
DATAFLOW,OECD.ELS.HD:DSD_SHA@DF_SHA(1.1),Health expenditure and financing,I,AUS,Australia,A,Annual,EXP_HEALTH,Expenditure,USD_PPP_PS,"US dollars per person, PPP converted",HF2HF3,Voluntary schemes/household out-of-pocket payments,_Z,Not application,_T,Total,_T,Total,_T,Total,_Z,Not applicable,_Z,Not applicable,Q,Constant prices,2025,,1735.145,,2020,,,,E,Estimated value,,,,,0,Units,1,One
DATAFLOW,OECD.ELS.HD:DSD_SHA@DF_SHA(1.1),Health expenditure and financing,I,AUS,Australia,A,Annual,EXP_HEALTH,Expenditure,USD_PPP_PS,"US dollars per person, PPP converted",HF1,Government/compulsory schemes,_Z,Not application,_T,Total,_T,Total,_T,Total,_Z,Not applicable,_Z,Not applicable,V,Current prices,2025,,5973.717,,,,,,E,Estimated value,,,,,0,Units,1,One
DATAFLOW,OECD.ELS.HD:DSD_SHA@DF_SHA(1.1),Health expenditure and financing,I,AUS,Australia,A,Annual,EXP_HEALTH,Expenditure,PT_B1GQ,Percentage of GDP,_T,Total,_Z,Not application,_T,Total,_T,Total,_T,Total,_Z,Not applicable,_Z,Not applicable,_Z,Not applicable,2025,,11.148,,,,,,E,Estimated value,,,,,0,Units,1,One
DATAFLOW,OECD.ELS.HD:DSD_SHA@DF_SHA(1.1),Health expenditure and financing,I,AUS,Australia,A,Annual,EXP_HEALTH,Expenditure,USD_PPP_PS,"US dollars per person, PPP converted",HF2HF3,Voluntary schemes/household out-of-pocket payments,_Z,Not application,_T,Total,_T,Total,_T,Total,_Z,Not applicable,_Z,Not applicable,V,Current prices,2025,,2196.84,,,,,,E,Estimated value,,,,,0,Units,1,One
DATAFLOW,OECD.ELS.HD:DSD_SHA@DF_SHA(1.1),Health expenditure and financing,I,AUS,Australia,A,Annual,EXP_HEALTH,Expenditure,USD_PPP_PS,"US dollars per person, PPP converted",_T,Total,_Z,Not application,_T,Total,_T,Total,_T,Total,_Z,Not applicable,_Z,Not applicable,V,Current prices,2025,,8170.557,,,,,,E,Estimated value,,,,,0,Units,1,One
DATAFLOW,OECD.ELS.HD:DSD_SHA@DF_SHA(1.1),Health expenditure and financing,I,AUS,Australia,A,Annual,EXP_HEALTH,Expenditure,PT_B1GQ,Percentage of GDP,HF1,Government/compulsory schemes,_Z,Not application,_T,Total,_T,Total,_T,Total,_Z,Not applicable,_Z,Not applicable,_Z,Not applicable,2025,,8.15,,,,,,E,Estimated value,,,,,0,Units,1,One
DATAFLOW,OECD.ELS.HD:DSD_SHA@DF_SHA(1.1),Health expenditure and financing,I,AUS,Australia,A,Annual,EXP_HEALTH,Expenditure,USD_PPP_PS,"US dollars per person, PPP converted",_T,Total,_Z,Not application,_T,Total,_T,Total,_T,Total,_Z,Not applicable,_Z,Not applicable,Q,Constant prices,2025,,6453.405,,2020,,,,E,Estimated value,,,,,0,Units,1,One
DATAFLOW,OECD.ELS.HD:DSD_SHA@DF_SHA(1.1),Health expenditure and financing,I,AUS,Australia,A,Annual,EXP_HEALTH,Expenditure,PT_B1GQ,Percentage of GDP,HF2HF3,Voluntary schemes/household out-of-pocket payments,_Z,Not application,_T,Total,_T,Total,_T,Total,_Z,Not applicable,_Z,Not applicable,_Z,Not applicable,2025,,2.997,,,,,,E,Estimated value,,,,,0,Units,1,One
DATAFLOW,OECD.ELS.HD:DSD_SHA@DF_SHA(1.1),Health expenditure and financing,I,AUS,Australia,A,Annual,EXP_HEALTH,Expenditure,USD_PPP_PS,"US dollars per person, PPP converted",HF1,Government/compulsory schemes,_Z,Not application,_T,Total,_T,Total,_T,Total,_Z,Not applicable,_Z,Not applicable,Q,Constant prices,2015,,3490.653,,2020,,,,,,,,,,0,Units,1,One
DATAFLOW,OECD.ELS.HD:DSD_SHA@DF_SHA(1.1),Health expenditure and financing,I,AUS,Australia,A,Annual,EXP_HEALTH,Expenditure,USD_PPP_PS,"US dollars per person, PPP converted",HF1,Government/compulsory schemes,_Z,Not application,_T,Total,_T,Total,_T,Total,_Z,Not applicable,_Z,Not applicable,Q,Constant prices,2016,,3608.627,,2020,,,,,,,,,,0,Units,1,One
DATAFLOW,OECD.ELS.HD:DSD_SHA@DF_SHA(1.1),Health expenditure and financing,I,AUS,Australia,A,Annual,EXP_HEALTH,Expenditure,USD_PPP_PS,"US dollars per person, PPP converted",HF1,Government/compulsory schemes,_Z,Not application,_T,Total,_T,Total,_T,Total,_Z,Not applicable,_Z,Not applicable,Q,Constant prices,2017,,3686.113,,2020,,,,,,,,,,0,Units,1,One
DATAFLOW,OECD.ELS.HD:DSD_SHA@DF_SHA(1.1),Health expenditure and financing,I,AUS,Australia,A,Annual,EXP_HEALTH,Expenditure,USD_PPP_PS,"US dollars per person, PPP converted",HF1,Government/compulsory schemes,_Z,Not application,_T,Total,_T,Total,_T,Total,_Z,Not applicable,_Z,Not applicable,Q,Constant prices,2018,,3761.334,,2020,,,,,,,,,,0,Units,1,One
DATAFLOW,OECD.ELS.HD:DSD_SHA@DF_SHA(1.1),Health expenditure and financing,I,AUS,Australia,A,Annual,EXP_HEALTH,Expenditure,USD_PPP_PS,"US dollars per person, PPP converted",HF1,Government/compulsory schemes,_Z,Not application,_T,Total,_T,Total,_T,Total,_Z,Not applicable,_Z,Not applicable,Q,Constant prices,2019,,3894.764,,2020,,,,,,,,,,0,Units,1,One
DATAFLOW,OECD.ELS.HD:DSD_SHA@DF_SHA(1.1),Health expenditure and financing,I,AUS,Australia,A,Annual,EXP_HEALTH,Expenditure,USD_PPP_PS,"US dollars per person, PPP converted",HF1,Government/compulsory schemes,_Z,Not application,_T,Total,_T,Total,_T,Total,_Z,Not applicable,_Z,Not applicable,Q,Constant prices,2020,,4169.235,,2020,,,,,,,,,,0,Units,1,One
DATAFLOW,OECD.ELS.HD:DSD_SHA@DF_SHA(1.1),Health expenditure and financing,I,AUS,Australia,A,Annual,EXP_HEALTH,Expenditure,USD_PPP_PS,"US dollars per person, PPP converted",HF1,Government/compulsory schemes,_Z,Not application,_T,Total,_T,Total,_T,Total,_Z,Not applicable,_Z,Not applicable,Q,Constant prices,2021,,4573.907,,2020,,,,,,,,,,0,Units,1,One
DATAFLOW,OECD.ELS.HD:DSD_SHA@DF_SHA(1.1),Health expenditure and financing,I,AUS,Australia,A,Annual,EXP_HEALTH,Expenditure,USD_PPP_PS,"US dollars per person, PPP converted",HF1,Government/compulsory schemes,_Z,Not application,_T,Total,_T,Total,_T,Total,_Z,Not applicable,_Z,Not applicable,Q,Constant prices,2022,,4344.636,,2020,,,,,,,,,,0,Units,1,One
DATAFLOW,OECD.ELS.HD:DSD_SHA@DF_SHA(1.1),Health expenditure and financing,I,AUS,Australia,A,Annual,EXP_HEALTH,Expenditure,USD_PPP_PS,"US dollars per person, PPP converted",HF1,Government/compulsory schemes,_Z,Not application,_T,Total,_T,Total,_T,Total,_Z,Not applicable,_Z,Not applicable,Q,Constant prices,2023,,4401.124,,2020,,,,,,,,,,0,Units,1,One
DATAFLOW,OECD.ELS.HD:DSD_SHA@DF_SHA(1.1),Health expenditure and financing,I,AUS,Australia,A,Annual,EXP_HEALTH,Expenditure,USD_PPP_PS,"US dollars per person, PPP converted",HF2HF3,Voluntary schemes/household out-of-pocket payments,_Z,Not application,_T,Total,_T,Total,_T,Total,_Z,Not applicable,_Z,Not applicable,Q,Constant prices,2015,,1582.14,,2020,,,,,,,,,,0,Units,1,One
DATAFLOW,OECD.ELS.HD:DSD_SHA@DF_SHA(1.1),Health expenditure and financing,I,AUS,Australia,A,Annual,EXP_HEALTH,Expenditure,USD_PPP_PS,"US dollars per person, PPP converted",HF2HF3,Voluntary schemes/household out-of-pocket payments,_Z,Not application,_T,Total,_T,Total,_T,Total,_Z,Not applicable,_Z,Not applicable,Q,Constant prices,2016,,1619.478,,2020,,,,,,,,,,0,Units,1,One
DATAFLOW,OECD.ELS.HD:DSD_SHA@DF_SHA(1.1),Health expenditure and financing,I,AUS,Australia,A,Annual,EXP_HEALTH,Expenditure,USD_PPP_PS,"US dollars per person, PPP converted",HF2HF3,Voluntary schemes/household out-of-pocket payments,_Z,Not application,_T,Total,_T,Total,_T,Total,_Z,Not applicable,_Z,Not applicable,Q,Constant prices,2017,,1645.147,,2020,,,,,,,,,,0,Units,1,One
DATAFLOW,OECD.ELS.HD:DSD_SHA@DF_SHA(1.1),Health expenditure and financing,I,AUS,Australia,A,Annual,EXP_HEALTH,Expenditure,USD_PPP_PS,"US dollars per person, PPP converted",HF2HF3,Voluntary schemes/household out-of-pocket payments,_Z,Not application,_T,Total,_T,Total,_T,Total,_Z,Not applicable,_Z,Not applicable,Q,Constant prices,2018,,1681.044,,2020,,,,,,,,,,0,Units,1,One
DATAFLOW,OECD.ELS.HD:DSD_SHA@DF_SHA(1.1),Health expenditure and financing,I,AUS,Australia,A,Annual,EXP_HEALTH,Expenditure,USD_PPP_PS,"US dollars per person, PPP converted",HF2HF3,Voluntary schemes/household out-of-pocket payments,_Z,Not application,_T,Total,_T,Total,_T,Total,_Z,Not applicable,_Z,Not applicable,Q,Constant prices,2019,,1563.628,,2020,,,,,,,,,,0,Units,1,One
DATAFLOW,OECD.ELS.HD:DSD_SHA@DF_SHA(1.1),Health expenditure and financing,I,AUS,Australia,A,Annual,EXP_HEALTH,Expenditure,USD_PPP_PS,"US dollars per person, PPP converted",HF2HF3,Voluntary schemes/household out-of-pocket payments,_Z,Not application,_T,Total,_T,Total,_T,Total,_Z,Not applicable,_Z,Not applicable,Q,Constant prices,2020,,1685.946,,2020,,,,,,,,,,0,Units,1,One
DATAFLOW,OECD.ELS.HD:DSD_SHA@DF_SHA(1.1),Health expenditure and financing,I,AUS,Australia,A,Annual,EXP_HEALTH,Expenditure,USD_PPP_PS,"US dollars per person, PPP converted",HF2HF3,Voluntary schemes/household out-of-pocket payments,_Z,Not application,_T,Total,_T,Total,_T,Total,_Z,Not applicable,_Z,Not applicable,Q,Constant prices,2021,,1655.52,,2020,,,,,,,,,,0,Units,1,One
DATAFLOW,OECD.ELS.HD:DSD_SHA@DF_SHA(1.1),Health expenditure and financing,I,AUS,Australia,A,Annual,EXP_HEALTH,Expenditure,USD_PPP_PS,"US dollars per person, PPP converted",HF2HF3,Voluntary schemes/household out-of-pocket payments,_Z,Not application,_T,Total,_T,Total,_T,Total,_Z,Not applicable,_Z,Not applicable,Q,Constant prices,2022,,1680.76,,2020,,,,,,,,,,0,Units,1,One
DATAFLOW,OECD.ELS.HD:DSD_SHA@DF_SHA(1.1),Health expenditure and financing,I,AUS,Australia,A,Annual,EXP_HEALTH,Expenditure,USD_PPP_PS,"US dollars per person, PPP converted",HF2HF3,Voluntary schemes/household out-of-pocket payments,_Z,Not application,_T,Total,_T,Total,_T,Total,_Z,Not applicable,_Z,Not applicable,Q,Constant prices,2023,,1674.028,,2020,,,,,,,,,,0,Units,1,One
DATAFLOW,OECD.ELS.HD:DSD_SHA@DF_SHA(1.1),Health expenditure and financing,I,AUS,Australia,A,Annual,EXP_HEALTH,Expenditure,USD_PPP_PS,"US dollars per person, PPP converted",_T,Total,_Z,Not application,_T,Total,_T,Total,_T,Total,_Z,Not applicable,_Z,Not applicable,Q,Constant prices,2015,,5072.794,,2020,,,,,,,,,,0,Units,1,One
DATAFLOW,OECD.ELS.HD:DSD_SHA@DF_SHA(1.1),Health expenditure and financing,I,AUS,Australia,A,Annual,EXP_HEALTH,Expenditure,USD_PPP_PS,"US dollars per person, PPP converted",_T,Total,_Z,Not application,_T,Total,_T,Total,_T,Total,_Z,Not applicable,_Z,Not applicable,Q,Constant prices,2016,,5228.105,,2020,,,,,,,,,,0,Units,1,One
DATAFLOW,OECD.ELS.HD:DSD_SHA@DF_SHA(1.1),Health expenditure and financing,I,AUS,Australia,A,Annual,EXP_HEALTH,Expenditure,USD_PPP_PS,"US dollars per person, PPP converted",_T,Total,_Z,Not application,_T,Total,_T,Total,_T,Total,_Z,Not applicable,_Z,Not applicable,Q,Constant prices,2017,,5331.259,,2020,,,,,,,,,,0,Units,1,One
DATAFLOW,OECD.ELS.HD:DSD_SHA@DF_SHA(1.1),Health expenditure and financing,I,AUS,Australia,A,Annual,EXP_HEALTH,Expenditure,USD_PPP_PS,"US dollars per person, PPP converted",_T,Total,_Z,Not application,_T,Total,_T,Total,_T,Total,_Z,Not applicable,_Z,Not applicable,Q,Constant prices,2018,,5442.379,,2020,,,,,,,,,,0,Units,1,One
DATAFLOW,OECD.ELS.HD:DSD_SHA@DF_SHA(1.1),Health expenditure and financing,I,AUS,Australia,A,Annual,EXP_HEALTH,Expenditure,USD_PPP_PS,"US dollars per person, PPP converted",_T,Total,_Z,Not application,_T,Total,_T,Total,_T,Total,_Z,Not applicable,_Z,Not applicable,Q,Constant prices,2019,,5458.392,,2020,,,,,,,,,,0,Units,1,One
DATAFLOW,OECD.ELS.HD:DSD_SHA@DF_SHA(1.1),Health expenditure and financing,I,AUS,Australia,A,Annual,EXP_HEALTH,Expenditure,USD_PPP_PS,"US dollars per person, PPP converted",_T,Total,_Z,Not application,_T,Total,_T,Total,_T,Total,_Z,Not applicable,_Z,Not applicable,Q,Constant prices,2020,,5855.181,,2020,,,,,,,,,,0,Units,1,One
DATAFLOW,OECD.ELS.HD:DSD_SHA@DF_SHA(1.1),Health expenditure and financing,I,AUS,Australia,A,Annual,EXP_HEALTH,Expenditure,USD_PPP_PS,"US dollars per person, PPP converted",_T,Total,_Z,Not application,_T,Total,_T,Total,_T,Total,_Z,Not applicable,_Z,Not applicable,Q,Constant prices,2021,,6229.427,,2020,,,,,,,,,,0,Units,1,One
DATAFLOW,OECD.ELS.HD:DSD_SHA@DF_SHA(1.1),Health expenditure and financing,I,AUS,Australia,A,Annual,EXP_HEALTH,Expenditure,USD_PPP_PS,"US dollars per person, PPP converted",_T,Total,_Z,Not application,_T,Total,_T,Total,_T,Total,_Z,Not applicable,_Z,Not applicable,Q,Constant prices,2022,,6025.396,,2020,,,,,,,,,,0,Units,1,One
DATAFLOW,OECD.ELS.HD:DSD_SHA@DF_SHA(1.1),Health expenditure and financing,I,AUS,Australia,A,Annual,EXP_HEALTH,Expenditure,USD_PPP_PS,"US dollars per person, PPP converted",_T,Total,_Z,Not application,_T,Total,_T,Total,_T,Total,_Z,Not applicable,_Z,Not applicable,Q,Constant prices,2023,,6075.151,,2020,,,,,,,,,,0,Units,1,One
DATAFLOW,OECD.ELS.HD:DSD_SHA@DF_SHA(1.1),Health expenditure and financing,I,AUS,Australia,A,Annual,EXP_HEALTH,Expenditure,PT_B1GQ,Percentage of GDP,_T,Total,_Z,Not application,_T,Total,_T,Total,_T,Total,_Z,Not applicable,_Z,Not applicable,_Z,Not applicable,2015,,10.097,,,,,,,,,,,,0,Units,1,One
DATAFLOW,OECD.ELS.HD:DSD_SHA@DF_SHA(1.1),Health expenditure and financing,I,AUS,Australia,A,Annual,EXP_HEALTH,Expenditure,PT_B1GQ,Percentage of GDP,_T,Total,_Z,Not application,_T,Total,_T,Total,_T,Total,_Z,Not applicable,_Z,Not applicable,_Z,Not applicable,2016,,10.06,,,,,,,,,,,,0,Units,1,One
DATAFLOW,OECD.ELS.HD:DSD_SHA@DF_SHA(1.1),Health expenditure and financing,I,AUS,Australia,A,Annual,EXP_HEALTH,Expenditure,PT_B1GQ,Percentage of GDP,_T,Total,_Z,Not application,_T,Total,_T,Total,_T,Total,_Z,Not applicable,_Z,Not applicable,_Z,Not applicable,2017,,10.093,,,,,,,,,,,,0,Units,1,One
DATAFLOW,OECD.ELS.HD:DSD_SHA@DF_SHA(1.1),Health expenditure and financing,I,AUS,Australia,A,Annual,EXP_HEALTH,Expenditure,PT_B1GQ,Percentage of GDP,_T,Total,_Z,Not application,_T,Total,_T,Total,_T,Total,_Z,Not applicable,_Z,Not applicable,_Z,Not applicable,2018,,10.082,,,,,,,,,,,,0,Units,1,One
DATAFLOW,OECD.ELS.HD:DSD_SHA@DF_SHA(1.1),Health expenditure and financing,I,AUS,Australia,A,Annual,EXP_HEALTH,Expenditure,PT_B1GQ,Percentage of GDP,_T,Total,_Z,Not application,_T,Total,_T,Total,_T,Total,_Z,Not applicable,_Z,Not applicable,_Z,Not applicable,2019,,10.262,,,,,,,,,,,,0,Units,1,One
DATAFLOW,OECD.ELS.HD:DSD_SHA@DF_SHA(1.1),Health expenditure and financing,I,AUS,Australia,A,Annual,EXP_HEALTH,Expenditure,PT_B1GQ,Percentage of GDP,_T,Total,_Z,Not application,_T,Total,_T,Total,_T,Total,_Z,Not applicable,_Z,Not applicable,_Z,Not applicable,2020,,10.743,,,,,,,,,,,,0,Units,1,One
DATAFLOW,OECD.ELS.HD:DSD_SHA@DF_SHA(1.1),Health expenditure and financing,I,AUS,Australia,A,Annual,EXP_HEALTH,Expenditure,PT_B1GQ,Percentage of GDP,_T,Total,_Z,Not application,_T,Total,_T,Total,_T,Total,_Z,Not applicable,_Z,Not applicable,_Z,Not applicable,2021,,10.561,,,,,,,,,,,,0,Units,1,One
DATAFLOW,OECD.ELS.HD:DSD_SHA@DF_SHA(1.1),Health expenditure and financing,I,AUS,Australia,A,Annual,EXP_HEALTH,Expenditure,PT_B1GQ,Percentage of GDP,_T,Total,_Z,Not application,_T,Total,_T,Total,_T,Total,_Z,Not applicable,_Z,Not applicable,_Z,Not applicable,2022,,9.957,,,,,,,,,,,,0,Units,1,One
DATAFLOW,OECD.ELS.HD:DSD_SHA@DF_SHA(1.1),Health expenditure and financing,I,AUS,Australia,A,Annual,EXP_HEALTH,Expenditure,PT_B1GQ,Percentage of GDP,_T,Total,_Z,Not application,_T,Total,_T,Total,_T,Total,_Z,Not applicable,_Z,Not applicable,_Z,Not applicable,2023,,10.362,,,,,,,,,,,,0,Units,1,One
DATAFLOW,OECD.ELS.HD:DSD_SHA@DF_SHA(1.1),Health expenditure and financing,I,AUS,Australia,A,Annual,EXP_HEALTH,Expenditure,PT_B1GQ,Percentage of GDP,HF1,Government/compulsory schemes,_Z,Not application,_T,Total,_T,Total,_T,Total,_Z,Not applicable,_Z,Not applicable,_Z,Not applicable,2015,,6.948,,,,,,,,,,,,0,Units,1,One
DATAFLOW,OECD.ELS.HD:DSD_SHA@DF_SHA(1.1),Health expenditure and financing,I,AUS,Australia,A,Annual,EXP_HEALTH,Expenditure,PT_B1GQ,Percentage of GDP,HF1,Government/compulsory schemes,_Z,Not application,_T,Total,_T,Total,_T,Total,_Z,Not applicable,_Z,Not applicable,_Z,Not applicable,2016,,6.944,,,,,,,,,,,,0,Units,1,One
DATAFLOW,OECD.ELS.HD:DSD_SHA@DF_SHA(1.1),Health expenditure and financing,I,AUS,Australia,A,Annual,EXP_HEALTH,Expenditure,PT_B1GQ,Percentage of GDP,HF1,Government/compulsory schemes,_Z,Not application,_T,Total,_T,Total,_T,Total,_Z,Not applicable,_Z,Not applicable,_Z,Not applicable,2017,,6.979,,,,,,,,,,,,0,Units,1,One
DATAFLOW,OECD.ELS.HD:DSD_SHA@DF_SHA(1.1),Health expenditure and financing,I,AUS,Australia,A,Annual,EXP_HEALTH,Expenditure,PT_B1GQ,Percentage of GDP,HF1,Government/compulsory schemes,_Z,Not application,_T,Total,_T,Total,_T,Total,_Z,Not applicable,_Z,Not applicable,_Z,Not applicable,2018,,6.968,,,,,,,,,,,,0,Units,1,One
DATAFLOW,OECD.ELS.HD:DSD_SHA@DF_SHA(1.1),Health expenditure and financing,I,AUS,Australia,A,Annual,EXP_HEALTH,Expenditure,PT_B1GQ,Percentage of GDP,HF1,Government/compulsory schemes,_Z,Not application,_T,Total,_T,Total,_T,Total,_Z,Not applicable,_Z,Not applicable,_Z,Not applicable,2019,,7.322,,,,,,,,,,,,0,Units,1,One
DATAFLOW,OECD.ELS.HD:DSD_SHA@DF_SHA(1.1),Health expenditure and financing,I,AUS,Australia,A,Annual,EXP_HEALTH,Expenditure,PT_B1GQ,Percentage of GDP,HF1,Government/compulsory schemes,_Z,Not application,_T,Total,_T,Total,_T,Total,_Z,Not applicable,_Z,Not applicable,_Z,Not applicable,2020,,7.65,,,,,,,,,,,,0,Units,1,One
DATAFLOW,OECD.ELS.HD:DSD_SHA@DF_SHA(1.1),Health expenditure and financing,I,AUS,Australia,A,Annual,EXP_HEALTH,Expenditure,PT_B1GQ,Percentage of GDP,HF1,Government/compulsory schemes,_Z,Not application,_T,Total,_T,Total,_T,Total,_Z,Not applicable,_Z,Not applicable,_Z,Not applicable,2021,,7.754,,,,,,,,,,,,0,Units,1,One
DATAFLOW,OECD.ELS.HD:DSD_SHA@DF_SHA(1.1),Health expenditure and financing,I,AUS,Australia,A,Annual,EXP_HEALTH,Expenditure,PT_B1GQ,Percentage of GDP,HF1,Government/compulsory schemes,_Z,Not application,_T,Total,_T,Total,_T,Total,_Z,Not applicable,_Z,Not applicable,_Z,Not applicable,2022,,7.179,,,,,,,,,,,,0,Units,1,One
DATAFLOW,OECD.ELS.HD:DSD_SHA@DF_SHA(1.1),Health expenditure and financing,I,AUS,Australia,A,Annual,EXP_HEALTH,Expenditure,PT_B1GQ,Percentage of GDP,HF1,Government/compulsory schemes,_Z,Not application,_T,Total,_T,Total,_T,Total,_Z,Not applicable,_Z,Not applicable,_Z,Not applicable,2023,,7.507,,,,,,,,,,,,0,Units,1,One
DATAFLOW,OECD.ELS.HD:DSD_SHA@DF_SHA(1.1),Health expenditure and financing,I,AUS,Australia,A,Annual,EXP_HEALTH,Expenditure,PT_B1GQ,Percentage of GDP,HF2HF3,Voluntary schemes/household out-of-pocket payments,_Z,Not application,_T,Total,_T,Total,_T,Total,_Z,Not applicable,_Z,Not applicable,_Z,Not applicable,2015,,3.149,,,,,,,,,,,,0,Units,1,One
DATAFLOW,OECD.ELS.HD:DSD_SHA@DF_SHA(1.1),Health expenditure and financing,I,AUS,Australia,A,Annual,EXP_HEALTH,Expenditure,PT_B1GQ,Percentage of GDP,HF2HF3,Voluntary schemes/household out-of-pocket payments,_Z,Not application,_T,Total,_T,Total,_T,Total,_Z,Not applicable,_Z,Not applicable,_Z,Not applicable,2016,,3.116,,,,,,,,,,,,0,Units,1,One
DATAFLOW,OECD.ELS.HD:DSD_SHA@DF_SHA(1.1),Health expenditure and financing,I,AUS,Australia,A,Annual,EXP_HEALTH,Expenditure,PT_B1GQ,Percentage of GDP,HF2HF3,Voluntary schemes/household out-of-pocket payments,_Z,Not application,_T,Total,_T,Total,_T,Total,_Z,Not applicable,_Z,Not applicable,_Z,Not applicable,2017,,3.115,,,,,,,,,,,,0,Units,1,One
DATAFLOW,OECD.ELS.HD:DSD_SHA@DF_SHA(1.1),Health expenditure and financing,I,AUS,Australia,A,Annual,EXP_HEALTH,Expenditure,PT_B1GQ,Percentage of GDP,HF2HF3,Voluntary schemes/household out-of-pocket payments,_Z,Not application,_T,Total,_T,Total,_T,Total,_Z,Not applicable,_Z,Not applicable,_Z,Not applicable,2018,,3.114,,,,,,,,,,,,0,Units,1,One
DATAFLOW,OECD.ELS.HD:DSD_SHA@DF_SHA(1.1),Health expenditure and financing,I,AUS,Australia,A,Annual,EXP_HEALTH,Expenditure,PT_B1GQ,Percentage of GDP,HF2HF3,Voluntary schemes/household out-of-pocket payments,_Z,Not application,_T,Total,_T,Total,_T,Total,_Z,Not applicable,_Z,Not applicable,_Z,Not applicable,2019,,2.94,,,,,,,,,,,,0,Units,1,One
DATAFLOW,OECD.ELS.HD:DSD_SHA@DF_SHA(1.1),Health expenditure and financing,I,AUS,Australia,A,Annual,EXP_HEALTH,Expenditure,PT_B1GQ,Percentage of GDP,HF2HF3,Voluntary schemes/household out-of-pocket payments,_Z,Not application,_T,Total,_T,Total,_T,Total,_Z,Not applicable,_Z,Not applicable,_Z,Not applicable,2020,,3.093,,,,,,,,,,,,0,Units,1,One
DATAFLOW,OECD.ELS.HD:DSD_SHA@DF_SHA(1.1),Health expenditure and financing,I,AUS,Australia,A,Annual,EXP_HEALTH,Expenditure,PT_B1GQ,Percentage of GDP,HF2HF3,Voluntary schemes/household out-of-pocket payments,_Z,Not application,_T,Total,_T,Total,_T,Total,_Z,Not applicable,_Z,Not applicable,_Z,Not applicable,2021,,2.807,,,,,,,,,,,,0,Units,1,One
DATAFLOW,OECD.ELS.HD:DSD_SHA@DF_SHA(1.1),Health expenditure and financing,I,AUS,Australia,A,Annual,EXP_HEALTH,Expenditure,PT_B1GQ,Percentage of GDP,HF2HF3,Voluntary schemes/household out-of-pocket payments,_Z,Not application,_T,Total,_T,Total,_T,Total,_Z,Not applicable,_Z,Not applicable,_Z,Not applicable,2022,,2.777,,,,,,,,,,,,0,Units,1,One
DATAFLOW,OECD.ELS.HD:DSD_SHA@DF_SHA(1.1),Health expenditure and financing,I,AUS,Australia,A,Annual,EXP_HEALTH,Expenditure,PT_B1GQ,Percentage of GDP,HF2HF3,Voluntary schemes/household out-of-pocket payments,_Z,Not application,_T,Total,_T,Total,_T,Total,_Z,Not applicable,_Z,Not applicable,_Z,Not applicable,2023,,2.855,,,,,,,,,,,,0,Units,1,One
DATAFLOW,OECD.ELS.HD:DSD_SHA@DF_SHA(1.1),Health expenditure and financing,I,AUS,Australia,A,Annual,EXP_HEALTH,Expenditure,USD_PPP_PS,"US dollars per person, PPP converted",HF2HF3,Voluntary schemes/household out-of-pocket payments,_Z,Not application,_T,Total,_T,Total,_T,Total,_Z,Not applicable,_Z,Not applicable,V,Current prices,2015,,1483.254,,,,,,,,,,,,0,Units,1,One
DATAFLOW,OECD.ELS.HD:DSD_SHA@DF_SHA(1.1),Health expenditure and financing,I,AUS,Australia,A,Annual,EXP_HEALTH,Expenditure,USD_PPP_PS,"US dollars per person, PPP converted",HF2HF3,Voluntary schemes/household out-of-pocket payments,_Z,Not application,_T,Total,_T,Total,_T,Total,_Z,Not applicable,_Z,Not applicable,V,Current prices,2016,,1560.408,,,,,,,,,,,,0,Units,1,One
DATAFLOW,OECD.ELS.HD:DSD_SHA@DF_SHA(1.1),Health expenditure and financing,I,AUS,Australia,A,Annual,EXP_HEALTH,Expenditure,USD_PPP_PS,"US dollars per person, PPP converted",HF2HF3,Voluntary schemes/household out-of-pocket payments,_Z,Not application,_T,Total,_T,Total,_T,Total,_Z,Not applicable,_Z,Not applicable,V,Current prices,2017,,1566.825,,,,,,,,,,,,0,Units,1,One
DATAFLOW,OECD.ELS.HD:DSD_SHA@DF_SHA(1.1),Health expenditure and financing,I,AUS,Australia,A,Annual,EXP_HEALTH,Expenditure,USD_PPP_PS,"US dollars per person, PPP converted",HF2HF3,Voluntary schemes/household out-of-pocket payments,_Z,Not application,_T,Total,_T,Total,_T,Total,_Z,Not applicable,_Z,Not applicable,V,Current prices,2018,,1614.245,,,,,,,,,,,,0,Units,1,One
DATAFLOW,OECD.ELS.HD:DSD_SHA@DF_SHA(1.1),Health expenditure and financing,I,AUS,Australia,A,Annual,EXP_HEALTH,Expenditure,USD_PPP_PS,"US dollars per person, PPP converted",HF2HF3,Voluntary schemes/household out-of-pocket payments,_Z,Not application,_T,Total,_T,Total,_T,Total,_Z,Not applicable,_Z,Not applicable,V,Current prices,2019,,1512.786,,,,,,,,,,,,0,Units,1,One
DATAFLOW,OECD.ELS.HD:DSD_SHA@DF_SHA(1.1),Health expenditure and financing,I,AUS,Australia,A,Annual,EXP_HEALTH,Expenditure,USD_PPP_PS,"US dollars per person, PPP converted",HF2HF3,Voluntary schemes/household out-of-pocket payments,_Z,Not application,_T,Total,_T,Total,_T,Total,_Z,Not applicable,_Z,Not applicable,V,Current prices,2020,,1685.946,,,,,,,,,,,,0,Units,1,One
DATAFLOW,OECD.ELS.HD:DSD_SHA@DF_SHA(1.1),Health expenditure and financing,I,AUS,Australia,A,Annual,EXP_HEALTH,Expenditure,USD_PPP_PS,"US dollars per person, PPP converted",HF2HF3,Voluntary schemes/household out-of-pocket payments,_Z,Not application,_T,Total,_T,Total,_T,Total,_Z,Not applicable,_Z,Not applicable,V,Current prices,2021,,1751.946,,,,,,,,,,,,0,Units,1,One
DATAFLOW,OECD.ELS.HD:DSD_SHA@DF_SHA(1.1),Health expenditure and financing,I,AUS,Australia,A,Annual,EXP_HEALTH,Expenditure,USD_PPP_PS,"US dollars per person, PPP converted",HF2HF3,Voluntary schemes/household out-of-pocket payments,_Z,Not application,_T,Total,_T,Total,_T,Total,_Z,Not applicable,_Z,Not applicable,V,Current prices,2022,,1947.682,,,,,,,,,,,,0,Units,1,One
DATAFLOW,OECD.ELS.HD:DSD_SHA@DF_SHA(1.1),Health expenditure and financing,I,AUS,Australia,A,Annual,EXP_HEALTH,Expenditure,USD_PPP_PS,"US dollars per person, PPP converted",HF2HF3,Voluntary schemes/household out-of-pocket payments,_Z,Not application,_T,Total,_T,Total,_T,Total,_Z,Not applicable,_Z,Not applicable,V,Current prices,2023,,2087.061,,,,,,,,,,,,0,Units,1,One
DATAFLOW,OECD.ELS.HD:DSD_SHA@DF_SHA(1.1),Health expenditure and financing,I,AUS,Australia,A,Annual,EXP_HEALTH,Expenditure,USD_PPP_PS,"US dollars per person, PPP converted",HF1,Government/compulsory schemes,_Z,Not application,_T,Total,_T,Total,_T,Total,_Z,Not applicable,_Z,Not applicable,V,Current prices,2015,,3272.482,,,,,,,,,,,,0,Units,1,One
DATAFLOW,OECD.ELS.HD:DSD_SHA@DF_SHA(1.1),Health expenditure and financing,I,AUS,Australia,A,Annual,EXP_HEALTH,Expenditure,USD_PPP_PS,"US dollars per person, PPP converted",HF1,Government/compulsory schemes,_Z,Not application,_T,Total,_T,Total,_T,Total,_Z,Not applicable,_Z,Not applicable,V,Current prices,2016,,3477.004,,,,,,,,,,,,0,Units,1,One
DATAFLOW,OECD.ELS.HD:DSD_SHA@DF_SHA(1.1),Health expenditure and financing,I,AUS,Australia,A,Annual,EXP_HEALTH,Expenditure,USD_PPP_PS,"US dollars per person, PPP converted",HF1,Government/compulsory schemes,_Z,Not application,_T,Total,_T,Total,_T,Total,_Z,Not applicable,_Z,Not applicable,V,Current prices,2017,,3510.626,,,,,,,,,,,,0,Units,1,One
DATAFLOW,OECD.ELS.HD:DSD_SHA@DF_SHA(1.1),Health expenditure and financing,I,AUS,Australia,A,Annual,EXP_HEALTH,Expenditure,USD_PPP_PS,"US dollars per person, PPP converted",HF1,Government/compulsory schemes,_Z,Not application,_T,Total,_T,Total,_T,Total,_Z,Not applicable,_Z,Not applicable,V,Current prices,2018,,3611.872,,,,,,,,,,,,0,Units,1,One
DATAFLOW,OECD.ELS.HD:DSD_SHA@DF_SHA(1.1),Health expenditure and financing,I,AUS,Australia,A,Annual,EXP_HEALTH,Expenditure,USD_PPP_PS,"US dollars per person, PPP converted",HF1,Government/compulsory schemes,_Z,Not application,_T,Total,_T,Total,_T,Total,_Z,Not applicable,_Z,Not applicable,V,Current prices,2019,,3768.123,,,,,,,,,,,,0,Units,1,One
DATAFLOW,OECD.ELS.HD:DSD_SHA@DF_SHA(1.1),Health expenditure and financing,I,AUS,Australia,A,Annual,EXP_HEALTH,Expenditure,USD_PPP_PS,"US dollars per person, PPP converted",HF1,Government/compulsory schemes,_Z,Not application,_T,Total,_T,Total,_T,Total,_Z,Not applicable,_Z,Not applicable,V,Current prices,2020,,4169.235,,,,,,,,,,,,0,Units,1,One
DATAFLOW,OECD.ELS.HD:DSD_SHA@DF_SHA(1.1),Health expenditure and financing,I,AUS,Australia,A,Annual,EXP_HEALTH,Expenditure,USD_PPP_PS,"US dollars per person, PPP converted",HF1,Government/compulsory schemes,_Z,Not application,_T,Total,_T,Total,_T,Total,_Z,Not applicable,_Z,Not applicable,V,Current prices,2021,,4840.313,,,,,,,,,,,,0,Units,1,One
DATAFLOW,OECD.ELS.HD:DSD_SHA@DF_SHA(1.1),Health expenditure and financing,I,AUS,Australia,A,Annual,EXP_HEALTH,Expenditure,USD_PPP_PS,"US dollars per person, PPP converted",HF1,Government/compulsory schemes,_Z,Not application,_T,Total,_T,Total,_T,Total,_Z,Not applicable,_Z,Not applicable,V,Current prices,2022,,5034.61,,,,,,,,,,,,0,Units,1,One
DATAFLOW,OECD.ELS.HD:DSD_SHA@DF_SHA(1.1),Health expenditure and financing,I,AUS,Australia,A,Annual,EXP_HEALTH,Expenditure,USD_PPP_PS,"US dollars per person, PPP converted",HF1,Government/compulsory schemes,_Z,Not application,_T,Total,_T,Total,_T,Total,_Z,Not applicable,_Z,Not applicable,V,Current prices,2023,,5487.012,,,,,,,,,,,,0,Units,1,One
DATAFLOW,OECD.ELS.HD:DSD_SHA@DF_SHA(1.1),Health expenditure and financing,I,AUS,Australia,A,Annual,EXP_HEALTH,Expenditure,USD_PPP_PS,"US dollars per person, PPP converted",_T,Total,_Z,Not application,_T,Total,_T,Total,_T,Total,_Z,Not applicable,_Z,Not applicable,V,Current prices,2015,,4755.736,,,,,,,,,,,,0,Units,1,One
DATAFLOW,OECD.ELS.HD:DSD_SHA@DF_SHA(1.1),Health expenditure and financing,I,AUS,Australia,A,Annual,EXP_HEALTH,Expenditure,USD_PPP_PS,"US dollars per person, PPP converted",_T,Total,_Z,Not application,_T,Total,_T,Total,_T,Total,_Z,Not applicable,_Z,Not applicable,V,Current prices,2016,,5037.412,,,,,,,,,,,,0,Units,1,One
DATAFLOW,OECD.ELS.HD:DSD_SHA@DF_SHA(1.1),Health expenditure and financing,I,AUS,Australia,A,Annual,EXP_HEALTH,Expenditure,USD_PPP_PS,"US dollars per person, PPP converted",_T,Total,_Z,Not application,_T,Total,_T,Total,_T,Total,_Z,Not applicable,_Z,Not applicable,V,Current prices,2017,,5077.451,,,,,,,,,,,,0,Units,1,One
DATAFLOW,OECD.ELS.HD:DSD_SHA@DF_SHA(1.1),Health expenditure and financing,I,AUS,Australia,A,Annual,EXP_HEALTH,Expenditure,USD_PPP_PS,"US dollars per person, PPP converted",_T,Total,_Z,Not application,_T,Total,_T,Total,_T,Total,_Z,Not applicable,_Z,Not applicable,V,Current prices,2018,,5226.117,,,,,,,,,,,,0,Units,1,One
DATAFLOW,OECD.ELS.HD:DSD_SHA@DF_SHA(1.1),Health expenditure and financing,I,AUS,Australia,A,Annual,EXP_HEALTH,Expenditure,USD_PPP_PS,"US dollars per person, PPP converted",_T,Total,_Z,Not application,_T,Total,_T,Total,_T,Total,_Z,Not applicable,_Z,Not applicable,V,Current prices,2019,,5280.909,,,,,,,,,,,,0,Units,1,One
DATAFLOW,OECD.ELS.HD:DSD_SHA@DF_SHA(1.1),Health expenditure and financing,I,AUS,Australia,A,Annual,EXP_HEALTH,Expenditure,USD_PPP_PS,"US dollars per person, PPP converted",_T,Total,_Z,Not application,_T,Total,_T,Total,_T,Total,_Z,Not applicable,_Z,Not applicable,V,Current prices,2020,,5855.181,,,,,,,,,,,,0,Units,1,One
DATAFLOW,OECD.ELS.HD:DSD_SHA@DF_SHA(1.1),Health expenditure and financing,I,AUS,Australia,A,Annual,EXP_HEALTH,Expenditure,USD_PPP_PS,"US dollars per person, PPP converted",_T,Total,_Z,Not application,_T,Total,_T,Total,_T,Total,_Z,Not applicable,_Z,Not applicable,V,Current prices,2021,,6592.259,,,,,,,,,,,,0,Units,1,One
DATAFLOW,OECD.ELS.HD:DSD_SHA@DF_SHA(1.1),Health expenditure and financing,I,AUS,Australia,A,Annual,EXP_HEALTH,Expenditure,USD_PPP_PS,"US dollars per person, PPP converted",_T,Total,_Z,Not application,_T,Total,_T,Total,_T,Total,_Z,Not applicable,_Z,Not applicable,V,Current prices,2022,,6982.292,,,,,,,,,,,,0,Units,1,One
DATAFLOW,OECD.ELS.HD:DSD_SHA@DF_SHA(1.1),Health expenditure and financing,I,AUS,Australia,A,Annual,EXP_HEALTH,Expenditure,USD_PPP_PS,"US dollars per person, PPP converted",_T,Total,_Z,Not application,_T,Total,_T,Total,_T,Total,_Z,Not applicable,_Z,Not applicable,V,Current prices,2023,,7574.073,,,,,,,,,,,,0,Units,1,One
